2023-08-29 00:46:19.356 ERROR 15368 --- [http-nio-443-exec-1] o.a.c.c.C.[.[.[/].[dispatcherServlet]    : Servlet.service() for servlet [dispatcherServlet] in context with path [] threw exception

java.net.UnknownHostException: E
	at java.base/sun.nio.ch.NioSocketImpl.connect(NioSocketImpl.java:567) ~[na:na]
	at java.base/java.net.Socket.connect(Socket.java:633) ~[na:na]
	at java.base/sun.net.ftp.impl.FtpClient.doConnect(FtpClient.java:1045) ~[na:na]
	at java.base/sun.net.ftp.impl.FtpClient.tryConnect(FtpClient.java:1010) ~[na:na]
	at java.base/sun.net.ftp.impl.FtpClient.connect(FtpClient.java:1102) ~[na:na]
	at java.base/sun.net.ftp.impl.FtpClient.connect(FtpClient.java:1088) ~[na:na]
	at java.base/sun.net.www.protocol.ftp.FtpURLConnection.connect(FtpURLConnection.java:320) ~[na:na]
	at java.base/sun.net.www.protocol.ftp.FtpURLConnection.getInputStream(FtpURLConnection.java:426) ~[na:na]
	at org.springframework.core.io.UrlResource.getInputStream(UrlResource.java:187) ~[spring-core-5.3.23.jar:5.3.23]
	at org.springframework.http.converter.ResourceHttpMessageConverter.writeContent(ResourceHttpMessageConverter.java:137) ~[spring-web-5.3.23.jar:5.3.23]
	at org.springframework.http.converter.ResourceHttpMessageConverter.writeInternal(ResourceHttpMessageConverter.java:129) ~[spring-web-5.3.23.jar:5.3.23]
	at org.springframework.http.converter.ResourceHttpMessageConverter.writeInternal(ResourceHttpMessageConverter.java:45) ~[spring-web-5.3.23.jar:5.3.23]
	at org.springframework.http.converter.AbstractHttpMessageConverter.write(AbstractHttpMessageConverter.java:227) ~[spring-web-5.3.23.jar:5.3.23]
	at org.springframework.web.servlet.resource.ResourceHttpRequestHandler.handleRequest(ResourceHttpRequestHandler.java:590) ~[spring-webmvc-5.3.23.jar:5.3.23]
	at org.springframework.web.servlet.mvc.HttpRequestHandlerAdapter.handle(HttpRequestHandlerAdapter.java:52) ~[spring-webmvc-5.3.23.jar:5.3.23]
	at org.springframework.web.servlet.DispatcherServlet.doDispatch(DispatcherServlet.java:1071) ~[spring-webmvc-5.3.23.jar:5.3.23]
	at org.springframework.web.servlet.DispatcherServlet.doService(DispatcherServlet.java:964) ~[spring-webmvc-5.3.23.jar:5.3.23]
	at org.springframework.web.servlet.FrameworkServlet.processRequest(FrameworkServlet.java:1006) ~[spring-webmvc-5.3.23.jar:5.3.23]
	at org.springframework.web.servlet.FrameworkServlet.doGet(FrameworkServlet.java:898) ~[spring-webmvc-5.3.23.jar:5.3.23]
	at javax.servlet.http.HttpServlet.service(HttpServlet.java:645) ~[javax.servlet-api-4.0.1.jar:4.0.1]
	at org.springframework.web.servlet.FrameworkServlet.service(FrameworkServlet.java:883) ~[spring-webmvc-5.3.23.jar:5.3.23]
	at javax.servlet.http.HttpServlet.service(HttpServlet.java:750) ~[javax.servlet-api-4.0.1.jar:4.0.1]
	at org.apache.catalina.core.ApplicationFilterChain.internalDoFilter(ApplicationFilterChain.java:227) ~[tomcat-embed-core-9.0.68.jar:9.0.68]
	at org.apache.catalina.core.ApplicationFilterChain.doFilter(ApplicationFilterChain.java:162) ~[tomcat-embed-core-9.0.68.jar:9.0.68]
	at org.apache.tomcat.websocket.server.WsFilter.doFilter(WsFilter.java:53) ~[tomcat-embed-websocket-9.0.68.jar:9.0.68]
	at org.apache.catalina.core.ApplicationFilterChain.internalDoFilter(ApplicationFilterChain.java:189) ~[tomcat-embed-core-9.0.68.jar:9.0.68]
	at org.apache.catalina.core.ApplicationFilterChain.doFilter(ApplicationFilterChain.java:162) ~[tomcat-embed-core-9.0.68.jar:9.0.68]
	at org.springframework.web.filter.OncePerRequestFilter.doFilter(OncePerRequestFilter.java:111) ~[spring-web-5.3.23.jar:5.3.23]
	at org.apache.catalina.core.ApplicationFilterChain.internalDoFilter(ApplicationFilterChain.java:189) ~[tomcat-embed-core-9.0.68.jar:9.0.68]
	at org.apache.catalina.core.ApplicationFilterChain.doFilter(ApplicationFilterChain.java:162) ~[tomcat-embed-core-9.0.68.jar:9.0.68]
	at com.easygofly.site.setting.web.WebSettingFilter.doFilter(WebSettingFilter.java:33) ~[classes/:na]
	at org.apache.catalina.core.ApplicationFilterChain.internalDoFilter(ApplicationFilterChain.java:189) ~[tomcat-embed-core-9.0.68.jar:9.0.68]
	at org.apache.catalina.core.ApplicationFilterChain.doFilter(ApplicationFilterChain.java:162) ~[tomcat-embed-core-9.0.68.jar:9.0.68]
	at com.easygofly.site.setting.SettingFilter.doFilter(SettingFilter.java:33) ~[classes/:na]
	at org.apache.catalina.core.ApplicationFilterChain.internalDoFilter(ApplicationFilterChain.java:189) ~[tomcat-embed-core-9.0.68.jar:9.0.68]
	at org.apache.catalina.core.ApplicationFilterChain.doFilter(ApplicationFilterChain.java:162) ~[tomcat-embed-core-9.0.68.jar:9.0.68]
	at org.springframework.web.servlet.resource.ResourceUrlEncodingFilter.doFilter(ResourceUrlEncodingFilter.java:67) ~[spring-webmvc-5.3.23.jar:5.3.23]
	at org.apache.catalina.core.ApplicationFilterChain.internalDoFilter(ApplicationFilterChain.java:189) ~[tomcat-embed-core-9.0.68.jar:9.0.68]
	at org.apache.catalina.core.ApplicationFilterChain.doFilter(ApplicationFilterChain.java:162) ~[tomcat-embed-core-9.0.68.jar:9.0.68]
	at org.springframework.security.web.FilterChainProxy$VirtualFilterChain.doFilter(FilterChainProxy.java:337) ~[spring-security-web-5.7.4.jar:5.7.4]
	at org.springframework.security.web.access.intercept.FilterSecurityInterceptor.invoke(FilterSecurityInterceptor.java:115) ~[spring-security-web-5.7.4.jar:5.7.4]
	at org.springframework.security.web.access.intercept.FilterSecurityInterceptor.doFilter(FilterSecurityInterceptor.java:81) ~[spring-security-web-5.7.4.jar:5.7.4]
	at org.springframework.security.web.FilterChainProxy$VirtualFilterChain.doFilter(FilterChainProxy.java:346) ~[spring-security-web-5.7.4.jar:5.7.4]
	at org.springframework.security.web.access.ExceptionTranslationFilter.doFilter(ExceptionTranslationFilter.java:122) ~[spring-security-web-5.7.4.jar:5.7.4]
	at org.springframework.security.web.access.ExceptionTranslationFilter.doFilter(ExceptionTranslationFilter.java:116) ~[spring-security-web-5.7.4.jar:5.7.4]
	at org.springframework.security.web.FilterChainProxy$VirtualFilterChain.doFilter(FilterChainProxy.java:346) ~[spring-security-web-5.7.4.jar:5.7.4]
	at org.springframework.security.web.session.SessionManagementFilter.doFilter(SessionManagementFilter.java:126) ~[spring-security-web-5.7.4.jar:5.7.4]
	at org.springframework.security.web.session.SessionManagementFilter.doFilter(SessionManagementFilter.java:81) ~[spring-security-web-5.7.4.jar:5.7.4]
	at org.springframework.security.web.FilterChainProxy$VirtualFilterChain.doFilter(FilterChainProxy.java:346) ~[spring-security-web-5.7.4.jar:5.7.4]
	at org.springframework.security.web.authentication.AnonymousAuthenticationFilter.doFilter(AnonymousAuthenticationFilter.java:109) ~[spring-security-web-5.7.4.jar:5.7.4]
	at org.springframework.security.web.FilterChainProxy$VirtualFilterChain.doFilter(FilterChainProxy.java:346) ~[spring-security-web-5.7.4.jar:5.7.4]
	at org.springframework.security.web.authentication.rememberme.RememberMeAuthenticationFilter.doFilter(RememberMeAuthenticationFilter.java:106) ~[spring-security-web-5.7.4.jar:5.7.4]
	at org.springframework.security.web.authentication.rememberme.RememberMeAuthenticationFilter.doFilter(RememberMeAuthenticationFilter.java:97) ~[spring-security-web-5.7.4.jar:5.7.4]
	at org.springframework.security.web.FilterChainProxy$VirtualFilterChain.doFilter(FilterChainProxy.java:346) ~[spring-security-web-5.7.4.jar:5.7.4]
	at org.springframework.security.web.servletapi.SecurityContextHolderAwareRequestFilter.doFilter(SecurityContextHolderAwareRequestFilter.java:149) ~[spring-security-web-5.7.4.jar:5.7.4]
	at org.springframework.security.web.FilterChainProxy$VirtualFilterChain.doFilter(FilterChainProxy.java:346) ~[spring-security-web-5.7.4.jar:5.7.4]
	at org.springframework.security.web.savedrequest.RequestCacheAwareFilter.doFilter(RequestCacheAwareFilter.java:63) ~[spring-security-web-5.7.4.jar:5.7.4]
	at org.springframework.security.web.FilterChainProxy$VirtualFilterChain.doFilter(FilterChainProxy.java:346) ~[spring-security-web-5.7.4.jar:5.7.4]
	at org.springframework.security.web.session.ConcurrentSessionFilter.doFilter(ConcurrentSessionFilter.java:147) ~[spring-security-web-5.7.4.jar:5.7.4]
	at org.springframework.security.web.session.ConcurrentSessionFilter.doFilter(ConcurrentSessionFilter.java:125) ~[spring-security-web-5.7.4.jar:5.7.4]
	at org.springframework.security.web.FilterChainProxy$VirtualFilterChain.doFilter(FilterChainProxy.java:346) ~[spring-security-web-5.7.4.jar:5.7.4]
	at org.springframework.security.web.authentication.AbstractAuthenticationProcessingFilter.doFilter(AbstractAuthenticationProcessingFilter.java:223) ~[spring-security-web-5.7.4.jar:5.7.4]
	at org.springframework.security.web.authentication.AbstractAuthenticationProcessingFilter.doFilter(AbstractAuthenticationProcessingFilter.java:217) ~[spring-security-web-5.7.4.jar:5.7.4]
	at org.springframework.security.web.FilterChainProxy$VirtualFilterChain.doFilter(FilterChainProxy.java:346) ~[spring-security-web-5.7.4.jar:5.7.4]
	at org.springframework.security.web.authentication.AbstractAuthenticationProcessingFilter.doFilter(AbstractAuthenticationProcessingFilter.java:223) ~[spring-security-web-5.7.4.jar:5.7.4]
	at org.springframework.security.web.authentication.AbstractAuthenticationProcessingFilter.doFilter(AbstractAuthenticationProcessingFilter.java:217) ~[spring-security-web-5.7.4.jar:5.7.4]
	at org.springframework.security.web.FilterChainProxy$VirtualFilterChain.doFilter(FilterChainProxy.java:346) ~[spring-security-web-5.7.4.jar:5.7.4]
	at org.springframework.security.oauth2.client.web.OAuth2AuthorizationRequestRedirectFilter.doFilterInternal(OAuth2AuthorizationRequestRedirectFilter.java:178) ~[spring-security-oauth2-client-5.7.4.jar:5.7.4]
	at org.springframework.web.filter.OncePerRequestFilter.doFilter(OncePerRequestFilter.java:117) ~[spring-web-5.3.23.jar:5.3.23]
	at org.springframework.security.web.FilterChainProxy$VirtualFilterChain.doFilter(FilterChainProxy.java:346) ~[spring-security-web-5.7.4.jar:5.7.4]
	at org.springframework.security.web.authentication.logout.LogoutFilter.doFilter(LogoutFilter.java:103) ~[spring-security-web-5.7.4.jar:5.7.4]
	at org.springframework.security.web.authentication.logout.LogoutFilter.doFilter(LogoutFilter.java:89) ~[spring-security-web-5.7.4.jar:5.7.4]
	at org.springframework.security.web.FilterChainProxy$VirtualFilterChain.doFilter(FilterChainProxy.java:346) ~[spring-security-web-5.7.4.jar:5.7.4]
	at org.springframework.web.filter.CorsFilter.doFilterInternal(CorsFilter.java:91) ~[spring-web-5.3.23.jar:5.3.23]
	at org.springframework.web.filter.OncePerRequestFilter.doFilter(OncePerRequestFilter.java:117) ~[spring-web-5.3.23.jar:5.3.23]
	at org.springframework.security.web.FilterChainProxy$VirtualFilterChain.doFilter(FilterChainProxy.java:346) ~[spring-security-web-5.7.4.jar:5.7.4]
	at org.springframework.security.web.header.HeaderWriterFilter.doHeadersAfter(HeaderWriterFilter.java:90) ~[spring-security-web-5.7.4.jar:5.7.4]
	at org.springframework.security.web.header.HeaderWriterFilter.doFilterInternal(HeaderWriterFilter.java:75) ~[spring-security-web-5.7.4.jar:5.7.4]
	at org.springframework.web.filter.OncePerRequestFilter.doFilter(OncePerRequestFilter.java:117) ~[spring-web-5.3.23.jar:5.3.23]
	at org.springframework.security.web.FilterChainProxy$VirtualFilterChain.doFilter(FilterChainProxy.java:346) ~[spring-security-web-5.7.4.jar:5.7.4]
	at org.springframework.security.web.context.SecurityContextPersistenceFilter.doFilter(SecurityContextPersistenceFilter.java:112) ~[spring-security-web-5.7.4.jar:5.7.4]
	at org.springframework.security.web.context.SecurityContextPersistenceFilter.doFilter(SecurityContextPersistenceFilter.java:82) ~[spring-security-web-5.7.4.jar:5.7.4]
	at org.springframework.security.web.FilterChainProxy$VirtualFilterChain.doFilter(FilterChainProxy.java:346) ~[spring-security-web-5.7.4.jar:5.7.4]
	at org.springframework.security.web.context.request.async.WebAsyncManagerIntegrationFilter.doFilterInternal(WebAsyncManagerIntegrationFilter.java:55) ~[spring-security-web-5.7.4.jar:5.7.4]
	at org.springframework.web.filter.OncePerRequestFilter.doFilter(OncePerRequestFilter.java:117) ~[spring-web-5.3.23.jar:5.3.23]
	at org.springframework.security.web.FilterChainProxy$VirtualFilterChain.doFilter(FilterChainProxy.java:346) ~[spring-security-web-5.7.4.jar:5.7.4]
	at org.springframework.security.web.session.DisableEncodeUrlFilter.doFilterInternal(DisableEncodeUrlFilter.java:42) ~[spring-security-web-5.7.4.jar:5.7.4]
	at org.springframework.web.filter.OncePerRequestFilter.doFilter(OncePerRequestFilter.java:117) ~[spring-web-5.3.23.jar:5.3.23]
	at org.springframework.security.web.FilterChainProxy$VirtualFilterChain.doFilter(FilterChainProxy.java:346) ~[spring-security-web-5.7.4.jar:5.7.4]
	at org.springframework.security.web.FilterChainProxy.doFilterInternal(FilterChainProxy.java:221) ~[spring-security-web-5.7.4.jar:5.7.4]
	at org.springframework.security.web.FilterChainProxy.doFilter(FilterChainProxy.java:186) ~[spring-security-web-5.7.4.jar:5.7.4]
	at org.springframework.web.filter.DelegatingFilterProxy.invokeDelegate(DelegatingFilterProxy.java:354) ~[spring-web-5.3.23.jar:5.3.23]
	at org.springframework.web.filter.DelegatingFilterProxy.doFilter(DelegatingFilterProxy.java:267) ~[spring-web-5.3.23.jar:5.3.23]
	at org.apache.catalina.core.ApplicationFilterChain.internalDoFilter(ApplicationFilterChain.java:189) ~[tomcat-embed-core-9.0.68.jar:9.0.68]
	at org.apache.catalina.core.ApplicationFilterChain.doFilter(ApplicationFilterChain.java:162) ~[tomcat-embed-core-9.0.68.jar:9.0.68]
	at org.springframework.web.filter.RequestContextFilter.doFilterInternal(RequestContextFilter.java:100) ~[spring-web-5.3.23.jar:5.3.23]
	at org.springframework.web.filter.OncePerRequestFilter.doFilter(OncePerRequestFilter.java:117) ~[spring-web-5.3.23.jar:5.3.23]
	at org.apache.catalina.core.ApplicationFilterChain.internalDoFilter(ApplicationFilterChain.java:189) ~[tomcat-embed-core-9.0.68.jar:9.0.68]
	at org.apache.catalina.core.ApplicationFilterChain.doFilter(ApplicationFilterChain.java:162) ~[tomcat-embed-core-9.0.68.jar:9.0.68]
	at org.springframework.web.filter.FormContentFilter.doFilterInternal(FormContentFilter.java:93) ~[spring-web-5.3.23.jar:5.3.23]
	at org.springframework.web.filter.OncePerRequestFilter.doFilter(OncePerRequestFilter.java:117) ~[spring-web-5.3.23.jar:5.3.23]
	at org.apache.catalina.core.ApplicationFilterChain.internalDoFilter(ApplicationFilterChain.java:189) ~[tomcat-embed-core-9.0.68.jar:9.0.68]
	at org.apache.catalina.core.ApplicationFilterChain.doFilter(ApplicationFilterChain.java:162) ~[tomcat-embed-core-9.0.68.jar:9.0.68]
	at org.springframework.web.filter.CharacterEncodingFilter.doFilterInternal(CharacterEncodingFilter.java:201) ~[spring-web-5.3.23.jar:5.3.23]
	at org.springframework.web.filter.OncePerRequestFilter.doFilter(OncePerRequestFilter.java:117) ~[spring-web-5.3.23.jar:5.3.23]
	at org.apache.catalina.core.ApplicationFilterChain.internalDoFilter(ApplicationFilterChain.java:189) ~[tomcat-embed-core-9.0.68.jar:9.0.68]
	at org.apache.catalina.core.ApplicationFilterChain.doFilter(ApplicationFilterChain.java:162) ~[tomcat-embed-core-9.0.68.jar:9.0.68]
	at org.apache.catalina.core.StandardWrapperValve.invoke(StandardWrapperValve.java:197) ~[tomcat-embed-core-9.0.68.jar:9.0.68]
	at org.apache.catalina.core.StandardContextValve.invoke(StandardContextValve.java:97) ~[tomcat-embed-core-9.0.68.jar:9.0.68]
	at org.apache.catalina.authenticator.AuthenticatorBase.invoke(AuthenticatorBase.java:541) ~[tomcat-embed-core-9.0.68.jar:9.0.68]
	at org.apache.catalina.core.StandardHostValve.invoke(StandardHostValve.java:135) ~[tomcat-embed-core-9.0.68.jar:9.0.68]
	at org.apache.catalina.valves.ErrorReportValve.invoke(ErrorReportValve.java:92) ~[tomcat-embed-core-9.0.68.jar:9.0.68]
	at org.apache.catalina.core.StandardEngineValve.invoke(StandardEngineValve.java:78) ~[tomcat-embed-core-9.0.68.jar:9.0.68]
	at org.apache.catalina.connector.CoyoteAdapter.service(CoyoteAdapter.java:360) ~[tomcat-embed-core-9.0.68.jar:9.0.68]
	at org.apache.coyote.http11.Http11Processor.service(Http11Processor.java:399) ~[tomcat-embed-core-9.0.68.jar:9.0.68]
	at org.apache.coyote.AbstractProcessorLight.process(AbstractProcessorLight.java:65) ~[tomcat-embed-core-9.0.68.jar:9.0.68]
	at org.apache.coyote.AbstractProtocol$ConnectionHandler.process(AbstractProtocol.java:893) ~[tomcat-embed-core-9.0.68.jar:9.0.68]
	at org.apache.tomcat.util.net.NioEndpoint$SocketProcessor.doRun(NioEndpoint.java:1789) ~[tomcat-embed-core-9.0.68.jar:9.0.68]
	at org.apache.tomcat.util.net.SocketProcessorBase.run(SocketProcessorBase.java:49) ~[tomcat-embed-core-9.0.68.jar:9.0.68]
	at org.apache.tomcat.util.threads.ThreadPoolExecutor.runWorker(ThreadPoolExecutor.java:1191) ~[tomcat-embed-core-9.0.68.jar:9.0.68]
	at org.apache.tomcat.util.threads.ThreadPoolExecutor$Worker.run(ThreadPoolExecutor.java:659) ~[tomcat-embed-core-9.0.68.jar:9.0.68]
	at org.apache.tomcat.util.threads.TaskThread$WrappingRunnable.run(TaskThread.java:61) ~[tomcat-embed-core-9.0.68.jar:9.0.68]
	at java.base/java.lang.Thread.run(Thread.java:833) ~[na:na]

2023-08-29 00:46:19.356 ERROR 15368 --- [http-nio-443-exec-3] o.a.c.c.C.[.[.[/].[dispatcherServlet]    : Servlet.service() for servlet [dispatcherServlet] in context with path [] threw exception

java.net.UnknownHostException: E
	at java.base/sun.nio.ch.NioSocketImpl.connect(NioSocketImpl.java:567) ~[na:na]
	at java.base/java.net.Socket.connect(Socket.java:633) ~[na:na]
	at java.base/sun.net.ftp.impl.FtpClient.doConnect(FtpClient.java:1045) ~[na:na]
	at java.base/sun.net.ftp.impl.FtpClient.tryConnect(FtpClient.java:1010) ~[na:na]
	at java.base/sun.net.ftp.impl.FtpClient.connect(FtpClient.java:1102) ~[na:na]
	at java.base/sun.net.ftp.impl.FtpClient.connect(FtpClient.java:1088) ~[na:na]
	at java.base/sun.net.www.protocol.ftp.FtpURLConnection.connect(FtpURLConnection.java:320) ~[na:na]
	at java.base/sun.net.www.protocol.ftp.FtpURLConnection.getInputStream(FtpURLConnection.java:426) ~[na:na]
	at org.springframework.core.io.UrlResource.getInputStream(UrlResource.java:187) ~[spring-core-5.3.23.jar:5.3.23]
	at org.springframework.http.converter.ResourceHttpMessageConverter.writeContent(ResourceHttpMessageConverter.java:137) ~[spring-web-5.3.23.jar:5.3.23]
	at org.springframework.http.converter.ResourceHttpMessageConverter.writeInternal(ResourceHttpMessageConverter.java:129) ~[spring-web-5.3.23.jar:5.3.23]
	at org.springframework.http.converter.ResourceHttpMessageConverter.writeInternal(ResourceHttpMessageConverter.java:45) ~[spring-web-5.3.23.jar:5.3.23]
	at org.springframework.http.converter.AbstractHttpMessageConverter.write(AbstractHttpMessageConverter.java:227) ~[spring-web-5.3.23.jar:5.3.23]
	at org.springframework.web.servlet.resource.ResourceHttpRequestHandler.handleRequest(ResourceHttpRequestHandler.java:590) ~[spring-webmvc-5.3.23.jar:5.3.23]
	at org.springframework.web.servlet.mvc.HttpRequestHandlerAdapter.handle(HttpRequestHandlerAdapter.java:52) ~[spring-webmvc-5.3.23.jar:5.3.23]
	at org.springframework.web.servlet.DispatcherServlet.doDispatch(DispatcherServlet.java:1071) ~[spring-webmvc-5.3.23.jar:5.3.23]
	at org.springframework.web.servlet.DispatcherServlet.doService(DispatcherServlet.java:964) ~[spring-webmvc-5.3.23.jar:5.3.23]
	at org.springframework.web.servlet.FrameworkServlet.processRequest(FrameworkServlet.java:1006) ~[spring-webmvc-5.3.23.jar:5.3.23]
	at org.springframework.web.servlet.FrameworkServlet.doGet(FrameworkServlet.java:898) ~[spring-webmvc-5.3.23.jar:5.3.23]
	at javax.servlet.http.HttpServlet.service(HttpServlet.java:645) ~[javax.servlet-api-4.0.1.jar:4.0.1]
	at org.springframework.web.servlet.FrameworkServlet.service(FrameworkServlet.java:883) ~[spring-webmvc-5.3.23.jar:5.3.23]
	at javax.servlet.http.HttpServlet.service(HttpServlet.java:750) ~[javax.servlet-api-4.0.1.jar:4.0.1]
	at org.apache.catalina.core.ApplicationFilterChain.internalDoFilter(ApplicationFilterChain.java:227) ~[tomcat-embed-core-9.0.68.jar:9.0.68]
	at org.apache.catalina.core.ApplicationFilterChain.doFilter(ApplicationFilterChain.java:162) ~[tomcat-embed-core-9.0.68.jar:9.0.68]
	at org.apache.tomcat.websocket.server.WsFilter.doFilter(WsFilter.java:53) ~[tomcat-embed-websocket-9.0.68.jar:9.0.68]
	at org.apache.catalina.core.ApplicationFilterChain.internalDoFilter(ApplicationFilterChain.java:189) ~[tomcat-embed-core-9.0.68.jar:9.0.68]
	at org.apache.catalina.core.ApplicationFilterChain.doFilter(ApplicationFilterChain.java:162) ~[tomcat-embed-core-9.0.68.jar:9.0.68]
	at org.springframework.web.filter.OncePerRequestFilter.doFilter(OncePerRequestFilter.java:111) ~[spring-web-5.3.23.jar:5.3.23]
	at org.apache.catalina.core.ApplicationFilterChain.internalDoFilter(ApplicationFilterChain.java:189) ~[tomcat-embed-core-9.0.68.jar:9.0.68]
	at org.apache.catalina.core.ApplicationFilterChain.doFilter(ApplicationFilterChain.java:162) ~[tomcat-embed-core-9.0.68.jar:9.0.68]
	at com.easygofly.site.setting.web.WebSettingFilter.doFilter(WebSettingFilter.java:33) ~[classes/:na]
	at org.apache.catalina.core.ApplicationFilterChain.internalDoFilter(ApplicationFilterChain.java:189) ~[tomcat-embed-core-9.0.68.jar:9.0.68]
	at org.apache.catalina.core.ApplicationFilterChain.doFilter(ApplicationFilterChain.java:162) ~[tomcat-embed-core-9.0.68.jar:9.0.68]
	at com.easygofly.site.setting.SettingFilter.doFilter(SettingFilter.java:33) ~[classes/:na]
	at org.apache.catalina.core.ApplicationFilterChain.internalDoFilter(ApplicationFilterChain.java:189) ~[tomcat-embed-core-9.0.68.jar:9.0.68]
	at org.apache.catalina.core.ApplicationFilterChain.doFilter(ApplicationFilterChain.java:162) ~[tomcat-embed-core-9.0.68.jar:9.0.68]
	at org.springframework.web.servlet.resource.ResourceUrlEncodingFilter.doFilter(ResourceUrlEncodingFilter.java:67) ~[spring-webmvc-5.3.23.jar:5.3.23]
	at org.apache.catalina.core.ApplicationFilterChain.internalDoFilter(ApplicationFilterChain.java:189) ~[tomcat-embed-core-9.0.68.jar:9.0.68]
	at org.apache.catalina.core.ApplicationFilterChain.doFilter(ApplicationFilterChain.java:162) ~[tomcat-embed-core-9.0.68.jar:9.0.68]
	at org.springframework.security.web.FilterChainProxy$VirtualFilterChain.doFilter(FilterChainProxy.java:337) ~[spring-security-web-5.7.4.jar:5.7.4]
	at org.springframework.security.web.access.intercept.FilterSecurityInterceptor.invoke(FilterSecurityInterceptor.java:115) ~[spring-security-web-5.7.4.jar:5.7.4]
	at org.springframework.security.web.access.intercept.FilterSecurityInterceptor.doFilter(FilterSecurityInterceptor.java:81) ~[spring-security-web-5.7.4.jar:5.7.4]
	at org.springframework.security.web.FilterChainProxy$VirtualFilterChain.doFilter(FilterChainProxy.java:346) ~[spring-security-web-5.7.4.jar:5.7.4]
	at org.springframework.security.web.access.ExceptionTranslationFilter.doFilter(ExceptionTranslationFilter.java:122) ~[spring-security-web-5.7.4.jar:5.7.4]
	at org.springframework.security.web.access.ExceptionTranslationFilter.doFilter(ExceptionTranslationFilter.java:116) ~[spring-security-web-5.7.4.jar:5.7.4]
	at org.springframework.security.web.FilterChainProxy$VirtualFilterChain.doFilter(FilterChainProxy.java:346) ~[spring-security-web-5.7.4.jar:5.7.4]
	at org.springframework.security.web.session.SessionManagementFilter.doFilter(SessionManagementFilter.java:126) ~[spring-security-web-5.7.4.jar:5.7.4]
	at org.springframework.security.web.session.SessionManagementFilter.doFilter(SessionManagementFilter.java:81) ~[spring-security-web-5.7.4.jar:5.7.4]
	at org.springframework.security.web.FilterChainProxy$VirtualFilterChain.doFilter(FilterChainProxy.java:346) ~[spring-security-web-5.7.4.jar:5.7.4]
	at org.springframework.security.web.authentication.AnonymousAuthenticationFilter.doFilter(AnonymousAuthenticationFilter.java:109) ~[spring-security-web-5.7.4.jar:5.7.4]
	at org.springframework.security.web.FilterChainProxy$VirtualFilterChain.doFilter(FilterChainProxy.java:346) ~[spring-security-web-5.7.4.jar:5.7.4]
	at org.springframework.security.web.authentication.rememberme.RememberMeAuthenticationFilter.doFilter(RememberMeAuthenticationFilter.java:106) ~[spring-security-web-5.7.4.jar:5.7.4]
	at org.springframework.security.web.authentication.rememberme.RememberMeAuthenticationFilter.doFilter(RememberMeAuthenticationFilter.java:97) ~[spring-security-web-5.7.4.jar:5.7.4]
	at org.springframework.security.web.FilterChainProxy$VirtualFilterChain.doFilter(FilterChainProxy.java:346) ~[spring-security-web-5.7.4.jar:5.7.4]
	at org.springframework.security.web.servletapi.SecurityContextHolderAwareRequestFilter.doFilter(SecurityContextHolderAwareRequestFilter.java:149) ~[spring-security-web-5.7.4.jar:5.7.4]
	at org.springframework.security.web.FilterChainProxy$VirtualFilterChain.doFilter(FilterChainProxy.java:346) ~[spring-security-web-5.7.4.jar:5.7.4]
	at org.springframework.security.web.savedrequest.RequestCacheAwareFilter.doFilter(RequestCacheAwareFilter.java:63) ~[spring-security-web-5.7.4.jar:5.7.4]
	at org.springframework.security.web.FilterChainProxy$VirtualFilterChain.doFilter(FilterChainProxy.java:346) ~[spring-security-web-5.7.4.jar:5.7.4]
	at org.springframework.security.web.session.ConcurrentSessionFilter.doFilter(ConcurrentSessionFilter.java:147) ~[spring-security-web-5.7.4.jar:5.7.4]
	at org.springframework.security.web.session.ConcurrentSessionFilter.doFilter(ConcurrentSessionFilter.java:125) ~[spring-security-web-5.7.4.jar:5.7.4]
	at org.springframework.security.web.FilterChainProxy$VirtualFilterChain.doFilter(FilterChainProxy.java:346) ~[spring-security-web-5.7.4.jar:5.7.4]
	at org.springframework.security.web.authentication.AbstractAuthenticationProcessingFilter.doFilter(AbstractAuthenticationProcessingFilter.java:223) ~[spring-security-web-5.7.4.jar:5.7.4]
	at org.springframework.security.web.authentication.AbstractAuthenticationProcessingFilter.doFilter(AbstractAuthenticationProcessingFilter.java:217) ~[spring-security-web-5.7.4.jar:5.7.4]
	at org.springframework.security.web.FilterChainProxy$VirtualFilterChain.doFilter(FilterChainProxy.java:346) ~[spring-security-web-5.7.4.jar:5.7.4]
	at org.springframework.security.web.authentication.AbstractAuthenticationProcessingFilter.doFilter(AbstractAuthenticationProcessingFilter.java:223) ~[spring-security-web-5.7.4.jar:5.7.4]
	at org.springframework.security.web.authentication.AbstractAuthenticationProcessingFilter.doFilter(AbstractAuthenticationProcessingFilter.java:217) ~[spring-security-web-5.7.4.jar:5.7.4]
	at org.springframework.security.web.FilterChainProxy$VirtualFilterChain.doFilter(FilterChainProxy.java:346) ~[spring-security-web-5.7.4.jar:5.7.4]
	at org.springframework.security.oauth2.client.web.OAuth2AuthorizationRequestRedirectFilter.doFilterInternal(OAuth2AuthorizationRequestRedirectFilter.java:178) ~[spring-security-oauth2-client-5.7.4.jar:5.7.4]
	at org.springframework.web.filter.OncePerRequestFilter.doFilter(OncePerRequestFilter.java:117) ~[spring-web-5.3.23.jar:5.3.23]
	at org.springframework.security.web.FilterChainProxy$VirtualFilterChain.doFilter(FilterChainProxy.java:346) ~[spring-security-web-5.7.4.jar:5.7.4]
	at org.springframework.security.web.authentication.logout.LogoutFilter.doFilter(LogoutFilter.java:103) ~[spring-security-web-5.7.4.jar:5.7.4]
	at org.springframework.security.web.authentication.logout.LogoutFilter.doFilter(LogoutFilter.java:89) ~[spring-security-web-5.7.4.jar:5.7.4]
	at org.springframework.security.web.FilterChainProxy$VirtualFilterChain.doFilter(FilterChainProxy.java:346) ~[spring-security-web-5.7.4.jar:5.7.4]
	at org.springframework.web.filter.CorsFilter.doFilterInternal(CorsFilter.java:91) ~[spring-web-5.3.23.jar:5.3.23]
	at org.springframework.web.filter.OncePerRequestFilter.doFilter(OncePerRequestFilter.java:117) ~[spring-web-5.3.23.jar:5.3.23]
	at org.springframework.security.web.FilterChainProxy$VirtualFilterChain.doFilter(FilterChainProxy.java:346) ~[spring-security-web-5.7.4.jar:5.7.4]
	at org.springframework.security.web.header.HeaderWriterFilter.doHeadersAfter(HeaderWriterFilter.java:90) ~[spring-security-web-5.7.4.jar:5.7.4]
	at org.springframework.security.web.header.HeaderWriterFilter.doFilterInternal(HeaderWriterFilter.java:75) ~[spring-security-web-5.7.4.jar:5.7.4]
	at org.springframework.web.filter.OncePerRequestFilter.doFilter(OncePerRequestFilter.java:117) ~[spring-web-5.3.23.jar:5.3.23]
	at org.springframework.security.web.FilterChainProxy$VirtualFilterChain.doFilter(FilterChainProxy.java:346) ~[spring-security-web-5.7.4.jar:5.7.4]
	at org.springframework.security.web.context.SecurityContextPersistenceFilter.doFilter(SecurityContextPersistenceFilter.java:112) ~[spring-security-web-5.7.4.jar:5.7.4]
	at org.springframework.security.web.context.SecurityContextPersistenceFilter.doFilter(SecurityContextPersistenceFilter.java:82) ~[spring-security-web-5.7.4.jar:5.7.4]
	at org.springframework.security.web.FilterChainProxy$VirtualFilterChain.doFilter(FilterChainProxy.java:346) ~[spring-security-web-5.7.4.jar:5.7.4]
	at org.springframework.security.web.context.request.async.WebAsyncManagerIntegrationFilter.doFilterInternal(WebAsyncManagerIntegrationFilter.java:55) ~[spring-security-web-5.7.4.jar:5.7.4]
	at org.springframework.web.filter.OncePerRequestFilter.doFilter(OncePerRequestFilter.java:117) ~[spring-web-5.3.23.jar:5.3.23]
	at org.springframework.security.web.FilterChainProxy$VirtualFilterChain.doFilter(FilterChainProxy.java:346) ~[spring-security-web-5.7.4.jar:5.7.4]
	at org.springframework.security.web.session.DisableEncodeUrlFilter.doFilterInternal(DisableEncodeUrlFilter.java:42) ~[spring-security-web-5.7.4.jar:5.7.4]
	at org.springframework.web.filter.OncePerRequestFilter.doFilter(OncePerRequestFilter.java:117) ~[spring-web-5.3.23.jar:5.3.23]
	at org.springframework.security.web.FilterChainProxy$VirtualFilterChain.doFilter(FilterChainProxy.java:346) ~[spring-security-web-5.7.4.jar:5.7.4]
	at org.springframework.security.web.FilterChainProxy.doFilterInternal(FilterChainProxy.java:221) ~[spring-security-web-5.7.4.jar:5.7.4]
	at org.springframework.security.web.FilterChainProxy.doFilter(FilterChainProxy.java:186) ~[spring-security-web-5.7.4.jar:5.7.4]
	at org.springframework.web.filter.DelegatingFilterProxy.invokeDelegate(DelegatingFilterProxy.java:354) ~[spring-web-5.3.23.jar:5.3.23]
	at org.springframework.web.filter.DelegatingFilterProxy.doFilter(DelegatingFilterProxy.java:267) ~[spring-web-5.3.23.jar:5.3.23]
	at org.apache.catalina.core.ApplicationFilterChain.internalDoFilter(ApplicationFilterChain.java:189) ~[tomcat-embed-core-9.0.68.jar:9.0.68]
	at org.apache.catalina.core.ApplicationFilterChain.doFilter(ApplicationFilterChain.java:162) ~[tomcat-embed-core-9.0.68.jar:9.0.68]
	at org.springframework.web.filter.RequestContextFilter.doFilterInternal(RequestContextFilter.java:100) ~[spring-web-5.3.23.jar:5.3.23]
	at org.springframework.web.filter.OncePerRequestFilter.doFilter(OncePerRequestFilter.java:117) ~[spring-web-5.3.23.jar:5.3.23]
	at org.apache.catalina.core.ApplicationFilterChain.internalDoFilter(ApplicationFilterChain.java:189) ~[tomcat-embed-core-9.0.68.jar:9.0.68]
	at org.apache.catalina.core.ApplicationFilterChain.doFilter(ApplicationFilterChain.java:162) ~[tomcat-embed-core-9.0.68.jar:9.0.68]
	at org.springframework.web.filter.FormContentFilter.doFilterInternal(FormContentFilter.java:93) ~[spring-web-5.3.23.jar:5.3.23]
	at org.springframework.web.filter.OncePerRequestFilter.doFilter(OncePerRequestFilter.java:117) ~[spring-web-5.3.23.jar:5.3.23]
	at org.apache.catalina.core.ApplicationFilterChain.internalDoFilter(ApplicationFilterChain.java:189) ~[tomcat-embed-core-9.0.68.jar:9.0.68]
	at org.apache.catalina.core.ApplicationFilterChain.doFilter(ApplicationFilterChain.java:162) ~[tomcat-embed-core-9.0.68.jar:9.0.68]
	at org.springframework.web.filter.CharacterEncodingFilter.doFilterInternal(CharacterEncodingFilter.java:201) ~[spring-web-5.3.23.jar:5.3.23]
	at org.springframework.web.filter.OncePerRequestFilter.doFilter(OncePerRequestFilter.java:117) ~[spring-web-5.3.23.jar:5.3.23]
	at org.apache.catalina.core.ApplicationFilterChain.internalDoFilter(ApplicationFilterChain.java:189) ~[tomcat-embed-core-9.0.68.jar:9.0.68]
	at org.apache.catalina.core.ApplicationFilterChain.doFilter(ApplicationFilterChain.java:162) ~[tomcat-embed-core-9.0.68.jar:9.0.68]
	at org.apache.catalina.core.StandardWrapperValve.invoke(StandardWrapperValve.java:197) ~[tomcat-embed-core-9.0.68.jar:9.0.68]
	at org.apache.catalina.core.StandardContextValve.invoke(StandardContextValve.java:97) ~[tomcat-embed-core-9.0.68.jar:9.0.68]
	at org.apache.catalina.authenticator.AuthenticatorBase.invoke(AuthenticatorBase.java:541) ~[tomcat-embed-core-9.0.68.jar:9.0.68]
	at org.apache.catalina.core.StandardHostValve.invoke(StandardHostValve.java:135) ~[tomcat-embed-core-9.0.68.jar:9.0.68]
	at org.apache.catalina.valves.ErrorReportValve.invoke(ErrorReportValve.java:92) ~[tomcat-embed-core-9.0.68.jar:9.0.68]
	at org.apache.catalina.core.StandardEngineValve.invoke(StandardEngineValve.java:78) ~[tomcat-embed-core-9.0.68.jar:9.0.68]
	at org.apache.catalina.connector.CoyoteAdapter.service(CoyoteAdapter.java:360) ~[tomcat-embed-core-9.0.68.jar:9.0.68]
	at org.apache.coyote.http11.Http11Processor.service(Http11Processor.java:399) ~[tomcat-embed-core-9.0.68.jar:9.0.68]
	at org.apache.coyote.AbstractProcessorLight.process(AbstractProcessorLight.java:65) ~[tomcat-embed-core-9.0.68.jar:9.0.68]
	at org.apache.coyote.AbstractProtocol$ConnectionHandler.process(AbstractProtocol.java:893) ~[tomcat-embed-core-9.0.68.jar:9.0.68]
	at org.apache.tomcat.util.net.NioEndpoint$SocketProcessor.doRun(NioEndpoint.java:1789) ~[tomcat-embed-core-9.0.68.jar:9.0.68]
	at org.apache.tomcat.util.net.SocketProcessorBase.run(SocketProcessorBase.java:49) ~[tomcat-embed-core-9.0.68.jar:9.0.68]
	at org.apache.tomcat.util.threads.ThreadPoolExecutor.runWorker(ThreadPoolExecutor.java:1191) ~[tomcat-embed-core-9.0.68.jar:9.0.68]
	at org.apache.tomcat.util.threads.ThreadPoolExecutor$Worker.run(ThreadPoolExecutor.java:659) ~[tomcat-embed-core-9.0.68.jar:9.0.68]
	at org.apache.tomcat.util.threads.TaskThread$WrappingRunnable.run(TaskThread.java:61) ~[tomcat-embed-core-9.0.68.jar:9.0.68]
	at java.base/java.lang.Thread.run(Thread.java:833) ~[na:na]

2023-08-29 00:46:19.356 ERROR 15368 --- [http-nio-443-exec-4] o.a.c.c.C.[.[.[/].[dispatcherServlet]    : Servlet.service() for servlet [dispatcherServlet] in context with path [] threw exception

java.net.UnknownHostException: E
	at java.base/sun.nio.ch.NioSocketImpl.connect(NioSocketImpl.java:567) ~[na:na]
	at java.base/java.net.Socket.connect(Socket.java:633) ~[na:na]
	at java.base/sun.net.ftp.impl.FtpClient.doConnect(FtpClient.java:1045) ~[na:na]
	at java.base/sun.net.ftp.impl.FtpClient.tryConnect(FtpClient.java:1010) ~[na:na]
	at java.base/sun.net.ftp.impl.FtpClient.connect(FtpClient.java:1102) ~[na:na]
	at java.base/sun.net.ftp.impl.FtpClient.connect(FtpClient.java:1088) ~[na:na]
	at java.base/sun.net.www.protocol.ftp.FtpURLConnection.connect(FtpURLConnection.java:320) ~[na:na]
	at java.base/sun.net.www.protocol.ftp.FtpURLConnection.getInputStream(FtpURLConnection.java:426) ~[na:na]
	at org.springframework.core.io.UrlResource.getInputStream(UrlResource.java:187) ~[spring-core-5.3.23.jar:5.3.23]
	at org.springframework.http.converter.ResourceHttpMessageConverter.writeContent(ResourceHttpMessageConverter.java:137) ~[spring-web-5.3.23.jar:5.3.23]
	at org.springframework.http.converter.ResourceHttpMessageConverter.writeInternal(ResourceHttpMessageConverter.java:129) ~[spring-web-5.3.23.jar:5.3.23]
	at org.springframework.http.converter.ResourceHttpMessageConverter.writeInternal(ResourceHttpMessageConverter.java:45) ~[spring-web-5.3.23.jar:5.3.23]
	at org.springframework.http.converter.AbstractHttpMessageConverter.write(AbstractHttpMessageConverter.java:227) ~[spring-web-5.3.23.jar:5.3.23]
	at org.springframework.web.servlet.resource.ResourceHttpRequestHandler.handleRequest(ResourceHttpRequestHandler.java:590) ~[spring-webmvc-5.3.23.jar:5.3.23]
	at org.springframework.web.servlet.mvc.HttpRequestHandlerAdapter.handle(HttpRequestHandlerAdapter.java:52) ~[spring-webmvc-5.3.23.jar:5.3.23]
	at org.springframework.web.servlet.DispatcherServlet.doDispatch(DispatcherServlet.java:1071) ~[spring-webmvc-5.3.23.jar:5.3.23]
	at org.springframework.web.servlet.DispatcherServlet.doService(DispatcherServlet.java:964) ~[spring-webmvc-5.3.23.jar:5.3.23]
	at org.springframework.web.servlet.FrameworkServlet.processRequest(FrameworkServlet.java:1006) ~[spring-webmvc-5.3.23.jar:5.3.23]
	at org.springframework.web.servlet.FrameworkServlet.doGet(FrameworkServlet.java:898) ~[spring-webmvc-5.3.23.jar:5.3.23]
	at javax.servlet.http.HttpServlet.service(HttpServlet.java:645) ~[javax.servlet-api-4.0.1.jar:4.0.1]
	at org.springframework.web.servlet.FrameworkServlet.service(FrameworkServlet.java:883) ~[spring-webmvc-5.3.23.jar:5.3.23]
	at javax.servlet.http.HttpServlet.service(HttpServlet.java:750) ~[javax.servlet-api-4.0.1.jar:4.0.1]
	at org.apache.catalina.core.ApplicationFilterChain.internalDoFilter(ApplicationFilterChain.java:227) ~[tomcat-embed-core-9.0.68.jar:9.0.68]
	at org.apache.catalina.core.ApplicationFilterChain.doFilter(ApplicationFilterChain.java:162) ~[tomcat-embed-core-9.0.68.jar:9.0.68]
	at org.apache.tomcat.websocket.server.WsFilter.doFilter(WsFilter.java:53) ~[tomcat-embed-websocket-9.0.68.jar:9.0.68]
	at org.apache.catalina.core.ApplicationFilterChain.internalDoFilter(ApplicationFilterChain.java:189) ~[tomcat-embed-core-9.0.68.jar:9.0.68]
	at org.apache.catalina.core.ApplicationFilterChain.doFilter(ApplicationFilterChain.java:162) ~[tomcat-embed-core-9.0.68.jar:9.0.68]
	at org.springframework.web.filter.OncePerRequestFilter.doFilter(OncePerRequestFilter.java:111) ~[spring-web-5.3.23.jar:5.3.23]
	at org.apache.catalina.core.ApplicationFilterChain.internalDoFilter(ApplicationFilterChain.java:189) ~[tomcat-embed-core-9.0.68.jar:9.0.68]
	at org.apache.catalina.core.ApplicationFilterChain.doFilter(ApplicationFilterChain.java:162) ~[tomcat-embed-core-9.0.68.jar:9.0.68]
	at com.easygofly.site.setting.web.WebSettingFilter.doFilter(WebSettingFilter.java:44) ~[classes/:na]
	at org.apache.catalina.core.ApplicationFilterChain.internalDoFilter(ApplicationFilterChain.java:189) ~[tomcat-embed-core-9.0.68.jar:9.0.68]
	at org.apache.catalina.core.ApplicationFilterChain.doFilter(ApplicationFilterChain.java:162) ~[tomcat-embed-core-9.0.68.jar:9.0.68]
	at com.easygofly.site.setting.SettingFilter.doFilter(SettingFilter.java:44) ~[classes/:na]
	at org.apache.catalina.core.ApplicationFilterChain.internalDoFilter(ApplicationFilterChain.java:189) ~[tomcat-embed-core-9.0.68.jar:9.0.68]
	at org.apache.catalina.core.ApplicationFilterChain.doFilter(ApplicationFilterChain.java:162) ~[tomcat-embed-core-9.0.68.jar:9.0.68]
	at org.springframework.web.servlet.resource.ResourceUrlEncodingFilter.doFilter(ResourceUrlEncodingFilter.java:67) ~[spring-webmvc-5.3.23.jar:5.3.23]
	at org.apache.catalina.core.ApplicationFilterChain.internalDoFilter(ApplicationFilterChain.java:189) ~[tomcat-embed-core-9.0.68.jar:9.0.68]
	at org.apache.catalina.core.ApplicationFilterChain.doFilter(ApplicationFilterChain.java:162) ~[tomcat-embed-core-9.0.68.jar:9.0.68]
	at org.springframework.security.web.FilterChainProxy$VirtualFilterChain.doFilter(FilterChainProxy.java:337) ~[spring-security-web-5.7.4.jar:5.7.4]
	at org.springframework.security.web.access.intercept.FilterSecurityInterceptor.invoke(FilterSecurityInterceptor.java:115) ~[spring-security-web-5.7.4.jar:5.7.4]
	at org.springframework.security.web.access.intercept.FilterSecurityInterceptor.doFilter(FilterSecurityInterceptor.java:81) ~[spring-security-web-5.7.4.jar:5.7.4]
	at org.springframework.security.web.FilterChainProxy$VirtualFilterChain.doFilter(FilterChainProxy.java:346) ~[spring-security-web-5.7.4.jar:5.7.4]
	at org.springframework.security.web.access.ExceptionTranslationFilter.doFilter(ExceptionTranslationFilter.java:122) ~[spring-security-web-5.7.4.jar:5.7.4]
	at org.springframework.security.web.access.ExceptionTranslationFilter.doFilter(ExceptionTranslationFilter.java:116) ~[spring-security-web-5.7.4.jar:5.7.4]
	at org.springframework.security.web.FilterChainProxy$VirtualFilterChain.doFilter(FilterChainProxy.java:346) ~[spring-security-web-5.7.4.jar:5.7.4]
	at org.springframework.security.web.session.SessionManagementFilter.doFilter(SessionManagementFilter.java:126) ~[spring-security-web-5.7.4.jar:5.7.4]
	at org.springframework.security.web.session.SessionManagementFilter.doFilter(SessionManagementFilter.java:81) ~[spring-security-web-5.7.4.jar:5.7.4]
	at org.springframework.security.web.FilterChainProxy$VirtualFilterChain.doFilter(FilterChainProxy.java:346) ~[spring-security-web-5.7.4.jar:5.7.4]
	at org.springframework.security.web.authentication.AnonymousAuthenticationFilter.doFilter(AnonymousAuthenticationFilter.java:109) ~[spring-security-web-5.7.4.jar:5.7.4]
	at org.springframework.security.web.FilterChainProxy$VirtualFilterChain.doFilter(FilterChainProxy.java:346) ~[spring-security-web-5.7.4.jar:5.7.4]
	at org.springframework.security.web.authentication.rememberme.RememberMeAuthenticationFilter.doFilter(RememberMeAuthenticationFilter.java:106) ~[spring-security-web-5.7.4.jar:5.7.4]
	at org.springframework.security.web.authentication.rememberme.RememberMeAuthenticationFilter.doFilter(RememberMeAuthenticationFilter.java:97) ~[spring-security-web-5.7.4.jar:5.7.4]
	at org.springframework.security.web.FilterChainProxy$VirtualFilterChain.doFilter(FilterChainProxy.java:346) ~[spring-security-web-5.7.4.jar:5.7.4]
	at org.springframework.security.web.servletapi.SecurityContextHolderAwareRequestFilter.doFilter(SecurityContextHolderAwareRequestFilter.java:149) ~[spring-security-web-5.7.4.jar:5.7.4]
	at org.springframework.security.web.FilterChainProxy$VirtualFilterChain.doFilter(FilterChainProxy.java:346) ~[spring-security-web-5.7.4.jar:5.7.4]
	at org.springframework.security.web.savedrequest.RequestCacheAwareFilter.doFilter(RequestCacheAwareFilter.java:63) ~[spring-security-web-5.7.4.jar:5.7.4]
	at org.springframework.security.web.FilterChainProxy$VirtualFilterChain.doFilter(FilterChainProxy.java:346) ~[spring-security-web-5.7.4.jar:5.7.4]
	at org.springframework.security.web.session.ConcurrentSessionFilter.doFilter(ConcurrentSessionFilter.java:147) ~[spring-security-web-5.7.4.jar:5.7.4]
	at org.springframework.security.web.session.ConcurrentSessionFilter.doFilter(ConcurrentSessionFilter.java:125) ~[spring-security-web-5.7.4.jar:5.7.4]
	at org.springframework.security.web.FilterChainProxy$VirtualFilterChain.doFilter(FilterChainProxy.java:346) ~[spring-security-web-5.7.4.jar:5.7.4]
	at org.springframework.security.web.authentication.AbstractAuthenticationProcessingFilter.doFilter(AbstractAuthenticationProcessingFilter.java:223) ~[spring-security-web-5.7.4.jar:5.7.4]
	at org.springframework.security.web.authentication.AbstractAuthenticationProcessingFilter.doFilter(AbstractAuthenticationProcessingFilter.java:217) ~[spring-security-web-5.7.4.jar:5.7.4]
	at org.springframework.security.web.FilterChainProxy$VirtualFilterChain.doFilter(FilterChainProxy.java:346) ~[spring-security-web-5.7.4.jar:5.7.4]
	at org.springframework.security.web.authentication.AbstractAuthenticationProcessingFilter.doFilter(AbstractAuthenticationProcessingFilter.java:223) ~[spring-security-web-5.7.4.jar:5.7.4]
	at org.springframework.security.web.authentication.AbstractAuthenticationProcessingFilter.doFilter(AbstractAuthenticationProcessingFilter.java:217) ~[spring-security-web-5.7.4.jar:5.7.4]
	at org.springframework.security.web.FilterChainProxy$VirtualFilterChain.doFilter(FilterChainProxy.java:346) ~[spring-security-web-5.7.4.jar:5.7.4]
	at org.springframework.security.oauth2.client.web.OAuth2AuthorizationRequestRedirectFilter.doFilterInternal(OAuth2AuthorizationRequestRedirectFilter.java:178) ~[spring-security-oauth2-client-5.7.4.jar:5.7.4]
	at org.springframework.web.filter.OncePerRequestFilter.doFilter(OncePerRequestFilter.java:117) ~[spring-web-5.3.23.jar:5.3.23]
	at org.springframework.security.web.FilterChainProxy$VirtualFilterChain.doFilter(FilterChainProxy.java:346) ~[spring-security-web-5.7.4.jar:5.7.4]
	at org.springframework.security.web.authentication.logout.LogoutFilter.doFilter(LogoutFilter.java:103) ~[spring-security-web-5.7.4.jar:5.7.4]
	at org.springframework.security.web.authentication.logout.LogoutFilter.doFilter(LogoutFilter.java:89) ~[spring-security-web-5.7.4.jar:5.7.4]
	at org.springframework.security.web.FilterChainProxy$VirtualFilterChain.doFilter(FilterChainProxy.java:346) ~[spring-security-web-5.7.4.jar:5.7.4]
	at org.springframework.web.filter.CorsFilter.doFilterInternal(CorsFilter.java:91) ~[spring-web-5.3.23.jar:5.3.23]
	at org.springframework.web.filter.OncePerRequestFilter.doFilter(OncePerRequestFilter.java:117) ~[spring-web-5.3.23.jar:5.3.23]
	at org.springframework.security.web.FilterChainProxy$VirtualFilterChain.doFilter(FilterChainProxy.java:346) ~[spring-security-web-5.7.4.jar:5.7.4]
	at org.springframework.security.web.header.HeaderWriterFilter.doHeadersAfter(HeaderWriterFilter.java:90) ~[spring-security-web-5.7.4.jar:5.7.4]
	at org.springframework.security.web.header.HeaderWriterFilter.doFilterInternal(HeaderWriterFilter.java:75) ~[spring-security-web-5.7.4.jar:5.7.4]
	at org.springframework.web.filter.OncePerRequestFilter.doFilter(OncePerRequestFilter.java:117) ~[spring-web-5.3.23.jar:5.3.23]
	at org.springframework.security.web.FilterChainProxy$VirtualFilterChain.doFilter(FilterChainProxy.java:346) ~[spring-security-web-5.7.4.jar:5.7.4]
	at org.springframework.security.web.context.SecurityContextPersistenceFilter.doFilter(SecurityContextPersistenceFilter.java:112) ~[spring-security-web-5.7.4.jar:5.7.4]
	at org.springframework.security.web.context.SecurityContextPersistenceFilter.doFilter(SecurityContextPersistenceFilter.java:82) ~[spring-security-web-5.7.4.jar:5.7.4]
	at org.springframework.security.web.FilterChainProxy$VirtualFilterChain.doFilter(FilterChainProxy.java:346) ~[spring-security-web-5.7.4.jar:5.7.4]
	at org.springframework.security.web.context.request.async.WebAsyncManagerIntegrationFilter.doFilterInternal(WebAsyncManagerIntegrationFilter.java:55) ~[spring-security-web-5.7.4.jar:5.7.4]
	at org.springframework.web.filter.OncePerRequestFilter.doFilter(OncePerRequestFilter.java:117) ~[spring-web-5.3.23.jar:5.3.23]
	at org.springframework.security.web.FilterChainProxy$VirtualFilterChain.doFilter(FilterChainProxy.java:346) ~[spring-security-web-5.7.4.jar:5.7.4]
	at org.springframework.security.web.session.DisableEncodeUrlFilter.doFilterInternal(DisableEncodeUrlFilter.java:42) ~[spring-security-web-5.7.4.jar:5.7.4]
	at org.springframework.web.filter.OncePerRequestFilter.doFilter(OncePerRequestFilter.java:117) ~[spring-web-5.3.23.jar:5.3.23]
	at org.springframework.security.web.FilterChainProxy$VirtualFilterChain.doFilter(FilterChainProxy.java:346) ~[spring-security-web-5.7.4.jar:5.7.4]
	at org.springframework.security.web.FilterChainProxy.doFilterInternal(FilterChainProxy.java:221) ~[spring-security-web-5.7.4.jar:5.7.4]
	at org.springframework.security.web.FilterChainProxy.doFilter(FilterChainProxy.java:186) ~[spring-security-web-5.7.4.jar:5.7.4]
	at org.springframework.web.filter.DelegatingFilterProxy.invokeDelegate(DelegatingFilterProxy.java:354) ~[spring-web-5.3.23.jar:5.3.23]
	at org.springframework.web.filter.DelegatingFilterProxy.doFilter(DelegatingFilterProxy.java:267) ~[spring-web-5.3.23.jar:5.3.23]
	at org.apache.catalina.core.ApplicationFilterChain.internalDoFilter(ApplicationFilterChain.java:189) ~[tomcat-embed-core-9.0.68.jar:9.0.68]
	at org.apache.catalina.core.ApplicationFilterChain.doFilter(ApplicationFilterChain.java:162) ~[tomcat-embed-core-9.0.68.jar:9.0.68]
	at org.springframework.web.filter.RequestContextFilter.doFilterInternal(RequestContextFilter.java:100) ~[spring-web-5.3.23.jar:5.3.23]
	at org.springframework.web.filter.OncePerRequestFilter.doFilter(OncePerRequestFilter.java:117) ~[spring-web-5.3.23.jar:5.3.23]
	at org.apache.catalina.core.ApplicationFilterChain.internalDoFilter(ApplicationFilterChain.java:189) ~[tomcat-embed-core-9.0.68.jar:9.0.68]
	at org.apache.catalina.core.ApplicationFilterChain.doFilter(ApplicationFilterChain.java:162) ~[tomcat-embed-core-9.0.68.jar:9.0.68]
	at org.springframework.web.filter.FormContentFilter.doFilterInternal(FormContentFilter.java:93) ~[spring-web-5.3.23.jar:5.3.23]
	at org.springframework.web.filter.OncePerRequestFilter.doFilter(OncePerRequestFilter.java:117) ~[spring-web-5.3.23.jar:5.3.23]
	at org.apache.catalina.core.ApplicationFilterChain.internalDoFilter(ApplicationFilterChain.java:189) ~[tomcat-embed-core-9.0.68.jar:9.0.68]
	at org.apache.catalina.core.ApplicationFilterChain.doFilter(ApplicationFilterChain.java:162) ~[tomcat-embed-core-9.0.68.jar:9.0.68]
	at org.springframework.web.filter.CharacterEncodingFilter.doFilterInternal(CharacterEncodingFilter.java:201) ~[spring-web-5.3.23.jar:5.3.23]
	at org.springframework.web.filter.OncePerRequestFilter.doFilter(OncePerRequestFilter.java:117) ~[spring-web-5.3.23.jar:5.3.23]
	at org.apache.catalina.core.ApplicationFilterChain.internalDoFilter(ApplicationFilterChain.java:189) ~[tomcat-embed-core-9.0.68.jar:9.0.68]
	at org.apache.catalina.core.ApplicationFilterChain.doFilter(ApplicationFilterChain.java:162) ~[tomcat-embed-core-9.0.68.jar:9.0.68]
	at org.apache.catalina.core.StandardWrapperValve.invoke(StandardWrapperValve.java:197) ~[tomcat-embed-core-9.0.68.jar:9.0.68]
	at org.apache.catalina.core.StandardContextValve.invoke(StandardContextValve.java:97) ~[tomcat-embed-core-9.0.68.jar:9.0.68]
	at org.apache.catalina.authenticator.AuthenticatorBase.invoke(AuthenticatorBase.java:541) ~[tomcat-embed-core-9.0.68.jar:9.0.68]
	at org.apache.catalina.core.StandardHostValve.invoke(StandardHostValve.java:135) ~[tomcat-embed-core-9.0.68.jar:9.0.68]
	at org.apache.catalina.valves.ErrorReportValve.invoke(ErrorReportValve.java:92) ~[tomcat-embed-core-9.0.68.jar:9.0.68]
	at org.apache.catalina.core.StandardEngineValve.invoke(StandardEngineValve.java:78) ~[tomcat-embed-core-9.0.68.jar:9.0.68]
	at org.apache.catalina.connector.CoyoteAdapter.service(CoyoteAdapter.java:360) ~[tomcat-embed-core-9.0.68.jar:9.0.68]
	at org.apache.coyote.http11.Http11Processor.service(Http11Processor.java:399) ~[tomcat-embed-core-9.0.68.jar:9.0.68]
	at org.apache.coyote.AbstractProcessorLight.process(AbstractProcessorLight.java:65) ~[tomcat-embed-core-9.0.68.jar:9.0.68]
	at org.apache.coyote.AbstractProtocol$ConnectionHandler.process(AbstractProtocol.java:893) ~[tomcat-embed-core-9.0.68.jar:9.0.68]
	at org.apache.tomcat.util.net.NioEndpoint$SocketProcessor.doRun(NioEndpoint.java:1789) ~[tomcat-embed-core-9.0.68.jar:9.0.68]
	at org.apache.tomcat.util.net.SocketProcessorBase.run(SocketProcessorBase.java:49) ~[tomcat-embed-core-9.0.68.jar:9.0.68]
	at org.apache.tomcat.util.threads.ThreadPoolExecutor.runWorker(ThreadPoolExecutor.java:1191) ~[tomcat-embed-core-9.0.68.jar:9.0.68]
	at org.apache.tomcat.util.threads.ThreadPoolExecutor$Worker.run(ThreadPoolExecutor.java:659) ~[tomcat-embed-core-9.0.68.jar:9.0.68]
	at org.apache.tomcat.util.threads.TaskThread$WrappingRunnable.run(TaskThread.java:61) ~[tomcat-embed-core-9.0.68.jar:9.0.68]
	at java.base/java.lang.Thread.run(Thread.java:833) ~[na:na]

2023-08-29 00:46:19.356 ERROR 15368 --- [http-nio-443-exec-9] o.a.c.c.C.[.[.[/].[dispatcherServlet]    : Servlet.service() for servlet [dispatcherServlet] in context with path [] threw exception

java.net.UnknownHostException: E
	at java.base/sun.nio.ch.NioSocketImpl.connect(NioSocketImpl.java:567) ~[na:na]
	at java.base/java.net.Socket.connect(Socket.java:633) ~[na:na]
	at java.base/sun.net.ftp.impl.FtpClient.doConnect(FtpClient.java:1045) ~[na:na]
	at java.base/sun.net.ftp.impl.FtpClient.tryConnect(FtpClient.java:1010) ~[na:na]
	at java.base/sun.net.ftp.impl.FtpClient.connect(FtpClient.java:1102) ~[na:na]
	at java.base/sun.net.ftp.impl.FtpClient.connect(FtpClient.java:1088) ~[na:na]
	at java.base/sun.net.www.protocol.ftp.FtpURLConnection.connect(FtpURLConnection.java:320) ~[na:na]
	at java.base/sun.net.www.protocol.ftp.FtpURLConnection.getInputStream(FtpURLConnection.java:426) ~[na:na]
	at org.springframework.core.io.UrlResource.getInputStream(UrlResource.java:187) ~[spring-core-5.3.23.jar:5.3.23]
	at org.springframework.http.converter.ResourceHttpMessageConverter.writeContent(ResourceHttpMessageConverter.java:137) ~[spring-web-5.3.23.jar:5.3.23]
	at org.springframework.http.converter.ResourceHttpMessageConverter.writeInternal(ResourceHttpMessageConverter.java:129) ~[spring-web-5.3.23.jar:5.3.23]
	at org.springframework.http.converter.ResourceHttpMessageConverter.writeInternal(ResourceHttpMessageConverter.java:45) ~[spring-web-5.3.23.jar:5.3.23]
	at org.springframework.http.converter.AbstractHttpMessageConverter.write(AbstractHttpMessageConverter.java:227) ~[spring-web-5.3.23.jar:5.3.23]
	at org.springframework.web.servlet.resource.ResourceHttpRequestHandler.handleRequest(ResourceHttpRequestHandler.java:590) ~[spring-webmvc-5.3.23.jar:5.3.23]
	at org.springframework.web.servlet.mvc.HttpRequestHandlerAdapter.handle(HttpRequestHandlerAdapter.java:52) ~[spring-webmvc-5.3.23.jar:5.3.23]
	at org.springframework.web.servlet.DispatcherServlet.doDispatch(DispatcherServlet.java:1071) ~[spring-webmvc-5.3.23.jar:5.3.23]
	at org.springframework.web.servlet.DispatcherServlet.doService(DispatcherServlet.java:964) ~[spring-webmvc-5.3.23.jar:5.3.23]
	at org.springframework.web.servlet.FrameworkServlet.processRequest(FrameworkServlet.java:1006) ~[spring-webmvc-5.3.23.jar:5.3.23]
	at org.springframework.web.servlet.FrameworkServlet.doGet(FrameworkServlet.java:898) ~[spring-webmvc-5.3.23.jar:5.3.23]
	at javax.servlet.http.HttpServlet.service(HttpServlet.java:645) ~[javax.servlet-api-4.0.1.jar:4.0.1]
	at org.springframework.web.servlet.FrameworkServlet.service(FrameworkServlet.java:883) ~[spring-webmvc-5.3.23.jar:5.3.23]
	at javax.servlet.http.HttpServlet.service(HttpServlet.java:750) ~[javax.servlet-api-4.0.1.jar:4.0.1]
	at org.apache.catalina.core.ApplicationFilterChain.internalDoFilter(ApplicationFilterChain.java:227) ~[tomcat-embed-core-9.0.68.jar:9.0.68]
	at org.apache.catalina.core.ApplicationFilterChain.doFilter(ApplicationFilterChain.java:162) ~[tomcat-embed-core-9.0.68.jar:9.0.68]
	at org.apache.tomcat.websocket.server.WsFilter.doFilter(WsFilter.java:53) ~[tomcat-embed-websocket-9.0.68.jar:9.0.68]
	at org.apache.catalina.core.ApplicationFilterChain.internalDoFilter(ApplicationFilterChain.java:189) ~[tomcat-embed-core-9.0.68.jar:9.0.68]
	at org.apache.catalina.core.ApplicationFilterChain.doFilter(ApplicationFilterChain.java:162) ~[tomcat-embed-core-9.0.68.jar:9.0.68]
	at org.springframework.web.filter.OncePerRequestFilter.doFilter(OncePerRequestFilter.java:111) ~[spring-web-5.3.23.jar:5.3.23]
	at org.apache.catalina.core.ApplicationFilterChain.internalDoFilter(ApplicationFilterChain.java:189) ~[tomcat-embed-core-9.0.68.jar:9.0.68]
	at org.apache.catalina.core.ApplicationFilterChain.doFilter(ApplicationFilterChain.java:162) ~[tomcat-embed-core-9.0.68.jar:9.0.68]
	at com.easygofly.site.setting.web.WebSettingFilter.doFilter(WebSettingFilter.java:33) ~[classes/:na]
	at org.apache.catalina.core.ApplicationFilterChain.internalDoFilter(ApplicationFilterChain.java:189) ~[tomcat-embed-core-9.0.68.jar:9.0.68]
	at org.apache.catalina.core.ApplicationFilterChain.doFilter(ApplicationFilterChain.java:162) ~[tomcat-embed-core-9.0.68.jar:9.0.68]
	at com.easygofly.site.setting.SettingFilter.doFilter(SettingFilter.java:33) ~[classes/:na]
	at org.apache.catalina.core.ApplicationFilterChain.internalDoFilter(ApplicationFilterChain.java:189) ~[tomcat-embed-core-9.0.68.jar:9.0.68]
	at org.apache.catalina.core.ApplicationFilterChain.doFilter(ApplicationFilterChain.java:162) ~[tomcat-embed-core-9.0.68.jar:9.0.68]
	at org.springframework.web.servlet.resource.ResourceUrlEncodingFilter.doFilter(ResourceUrlEncodingFilter.java:67) ~[spring-webmvc-5.3.23.jar:5.3.23]
	at org.apache.catalina.core.ApplicationFilterChain.internalDoFilter(ApplicationFilterChain.java:189) ~[tomcat-embed-core-9.0.68.jar:9.0.68]
	at org.apache.catalina.core.ApplicationFilterChain.doFilter(ApplicationFilterChain.java:162) ~[tomcat-embed-core-9.0.68.jar:9.0.68]
	at org.springframework.security.web.FilterChainProxy$VirtualFilterChain.doFilter(FilterChainProxy.java:337) ~[spring-security-web-5.7.4.jar:5.7.4]
	at org.springframework.security.web.access.intercept.FilterSecurityInterceptor.invoke(FilterSecurityInterceptor.java:115) ~[spring-security-web-5.7.4.jar:5.7.4]
	at org.springframework.security.web.access.intercept.FilterSecurityInterceptor.doFilter(FilterSecurityInterceptor.java:81) ~[spring-security-web-5.7.4.jar:5.7.4]
	at org.springframework.security.web.FilterChainProxy$VirtualFilterChain.doFilter(FilterChainProxy.java:346) ~[spring-security-web-5.7.4.jar:5.7.4]
	at org.springframework.security.web.access.ExceptionTranslationFilter.doFilter(ExceptionTranslationFilter.java:122) ~[spring-security-web-5.7.4.jar:5.7.4]
	at org.springframework.security.web.access.ExceptionTranslationFilter.doFilter(ExceptionTranslationFilter.java:116) ~[spring-security-web-5.7.4.jar:5.7.4]
	at org.springframework.security.web.FilterChainProxy$VirtualFilterChain.doFilter(FilterChainProxy.java:346) ~[spring-security-web-5.7.4.jar:5.7.4]
	at org.springframework.security.web.session.SessionManagementFilter.doFilter(SessionManagementFilter.java:126) ~[spring-security-web-5.7.4.jar:5.7.4]
	at org.springframework.security.web.session.SessionManagementFilter.doFilter(SessionManagementFilter.java:81) ~[spring-security-web-5.7.4.jar:5.7.4]
	at org.springframework.security.web.FilterChainProxy$VirtualFilterChain.doFilter(FilterChainProxy.java:346) ~[spring-security-web-5.7.4.jar:5.7.4]
	at org.springframework.security.web.authentication.AnonymousAuthenticationFilter.doFilter(AnonymousAuthenticationFilter.java:109) ~[spring-security-web-5.7.4.jar:5.7.4]
	at org.springframework.security.web.FilterChainProxy$VirtualFilterChain.doFilter(FilterChainProxy.java:346) ~[spring-security-web-5.7.4.jar:5.7.4]
	at org.springframework.security.web.authentication.rememberme.RememberMeAuthenticationFilter.doFilter(RememberMeAuthenticationFilter.java:106) ~[spring-security-web-5.7.4.jar:5.7.4]
	at org.springframework.security.web.authentication.rememberme.RememberMeAuthenticationFilter.doFilter(RememberMeAuthenticationFilter.java:97) ~[spring-security-web-5.7.4.jar:5.7.4]
	at org.springframework.security.web.FilterChainProxy$VirtualFilterChain.doFilter(FilterChainProxy.java:346) ~[spring-security-web-5.7.4.jar:5.7.4]
	at org.springframework.security.web.servletapi.SecurityContextHolderAwareRequestFilter.doFilter(SecurityContextHolderAwareRequestFilter.java:149) ~[spring-security-web-5.7.4.jar:5.7.4]
	at org.springframework.security.web.FilterChainProxy$VirtualFilterChain.doFilter(FilterChainProxy.java:346) ~[spring-security-web-5.7.4.jar:5.7.4]
	at org.springframework.security.web.savedrequest.RequestCacheAwareFilter.doFilter(RequestCacheAwareFilter.java:63) ~[spring-security-web-5.7.4.jar:5.7.4]
	at org.springframework.security.web.FilterChainProxy$VirtualFilterChain.doFilter(FilterChainProxy.java:346) ~[spring-security-web-5.7.4.jar:5.7.4]
	at org.springframework.security.web.session.ConcurrentSessionFilter.doFilter(ConcurrentSessionFilter.java:147) ~[spring-security-web-5.7.4.jar:5.7.4]
	at org.springframework.security.web.session.ConcurrentSessionFilter.doFilter(ConcurrentSessionFilter.java:125) ~[spring-security-web-5.7.4.jar:5.7.4]
	at org.springframework.security.web.FilterChainProxy$VirtualFilterChain.doFilter(FilterChainProxy.java:346) ~[spring-security-web-5.7.4.jar:5.7.4]
	at org.springframework.security.web.authentication.AbstractAuthenticationProcessingFilter.doFilter(AbstractAuthenticationProcessingFilter.java:223) ~[spring-security-web-5.7.4.jar:5.7.4]
	at org.springframework.security.web.authentication.AbstractAuthenticationProcessingFilter.doFilter(AbstractAuthenticationProcessingFilter.java:217) ~[spring-security-web-5.7.4.jar:5.7.4]
	at org.springframework.security.web.FilterChainProxy$VirtualFilterChain.doFilter(FilterChainProxy.java:346) ~[spring-security-web-5.7.4.jar:5.7.4]
	at org.springframework.security.web.authentication.AbstractAuthenticationProcessingFilter.doFilter(AbstractAuthenticationProcessingFilter.java:223) ~[spring-security-web-5.7.4.jar:5.7.4]
	at org.springframework.security.web.authentication.AbstractAuthenticationProcessingFilter.doFilter(AbstractAuthenticationProcessingFilter.java:217) ~[spring-security-web-5.7.4.jar:5.7.4]
	at org.springframework.security.web.FilterChainProxy$VirtualFilterChain.doFilter(FilterChainProxy.java:346) ~[spring-security-web-5.7.4.jar:5.7.4]
	at org.springframework.security.oauth2.client.web.OAuth2AuthorizationRequestRedirectFilter.doFilterInternal(OAuth2AuthorizationRequestRedirectFilter.java:178) ~[spring-security-oauth2-client-5.7.4.jar:5.7.4]
	at org.springframework.web.filter.OncePerRequestFilter.doFilter(OncePerRequestFilter.java:117) ~[spring-web-5.3.23.jar:5.3.23]
	at org.springframework.security.web.FilterChainProxy$VirtualFilterChain.doFilter(FilterChainProxy.java:346) ~[spring-security-web-5.7.4.jar:5.7.4]
	at org.springframework.security.web.authentication.logout.LogoutFilter.doFilter(LogoutFilter.java:103) ~[spring-security-web-5.7.4.jar:5.7.4]
	at org.springframework.security.web.authentication.logout.LogoutFilter.doFilter(LogoutFilter.java:89) ~[spring-security-web-5.7.4.jar:5.7.4]
	at org.springframework.security.web.FilterChainProxy$VirtualFilterChain.doFilter(FilterChainProxy.java:346) ~[spring-security-web-5.7.4.jar:5.7.4]
	at org.springframework.web.filter.CorsFilter.doFilterInternal(CorsFilter.java:91) ~[spring-web-5.3.23.jar:5.3.23]
	at org.springframework.web.filter.OncePerRequestFilter.doFilter(OncePerRequestFilter.java:117) ~[spring-web-5.3.23.jar:5.3.23]
	at org.springframework.security.web.FilterChainProxy$VirtualFilterChain.doFilter(FilterChainProxy.java:346) ~[spring-security-web-5.7.4.jar:5.7.4]
	at org.springframework.security.web.header.HeaderWriterFilter.doHeadersAfter(HeaderWriterFilter.java:90) ~[spring-security-web-5.7.4.jar:5.7.4]
	at org.springframework.security.web.header.HeaderWriterFilter.doFilterInternal(HeaderWriterFilter.java:75) ~[spring-security-web-5.7.4.jar:5.7.4]
	at org.springframework.web.filter.OncePerRequestFilter.doFilter(OncePerRequestFilter.java:117) ~[spring-web-5.3.23.jar:5.3.23]
	at org.springframework.security.web.FilterChainProxy$VirtualFilterChain.doFilter(FilterChainProxy.java:346) ~[spring-security-web-5.7.4.jar:5.7.4]
	at org.springframework.security.web.context.SecurityContextPersistenceFilter.doFilter(SecurityContextPersistenceFilter.java:112) ~[spring-security-web-5.7.4.jar:5.7.4]
	at org.springframework.security.web.context.SecurityContextPersistenceFilter.doFilter(SecurityContextPersistenceFilter.java:82) ~[spring-security-web-5.7.4.jar:5.7.4]
	at org.springframework.security.web.FilterChainProxy$VirtualFilterChain.doFilter(FilterChainProxy.java:346) ~[spring-security-web-5.7.4.jar:5.7.4]
	at org.springframework.security.web.context.request.async.WebAsyncManagerIntegrationFilter.doFilterInternal(WebAsyncManagerIntegrationFilter.java:55) ~[spring-security-web-5.7.4.jar:5.7.4]
	at org.springframework.web.filter.OncePerRequestFilter.doFilter(OncePerRequestFilter.java:117) ~[spring-web-5.3.23.jar:5.3.23]
	at org.springframework.security.web.FilterChainProxy$VirtualFilterChain.doFilter(FilterChainProxy.java:346) ~[spring-security-web-5.7.4.jar:5.7.4]
	at org.springframework.security.web.session.DisableEncodeUrlFilter.doFilterInternal(DisableEncodeUrlFilter.java:42) ~[spring-security-web-5.7.4.jar:5.7.4]
	at org.springframework.web.filter.OncePerRequestFilter.doFilter(OncePerRequestFilter.java:117) ~[spring-web-5.3.23.jar:5.3.23]
	at org.springframework.security.web.FilterChainProxy$VirtualFilterChain.doFilter(FilterChainProxy.java:346) ~[spring-security-web-5.7.4.jar:5.7.4]
	at org.springframework.security.web.FilterChainProxy.doFilterInternal(FilterChainProxy.java:221) ~[spring-security-web-5.7.4.jar:5.7.4]
	at org.springframework.security.web.FilterChainProxy.doFilter(FilterChainProxy.java:186) ~[spring-security-web-5.7.4.jar:5.7.4]
	at org.springframework.web.filter.DelegatingFilterProxy.invokeDelegate(DelegatingFilterProxy.java:354) ~[spring-web-5.3.23.jar:5.3.23]
	at org.springframework.web.filter.DelegatingFilterProxy.doFilter(DelegatingFilterProxy.java:267) ~[spring-web-5.3.23.jar:5.3.23]
	at org.apache.catalina.core.ApplicationFilterChain.internalDoFilter(ApplicationFilterChain.java:189) ~[tomcat-embed-core-9.0.68.jar:9.0.68]
	at org.apache.catalina.core.ApplicationFilterChain.doFilter(ApplicationFilterChain.java:162) ~[tomcat-embed-core-9.0.68.jar:9.0.68]
	at org.springframework.web.filter.RequestContextFilter.doFilterInternal(RequestContextFilter.java:100) ~[spring-web-5.3.23.jar:5.3.23]
	at org.springframework.web.filter.OncePerRequestFilter.doFilter(OncePerRequestFilter.java:117) ~[spring-web-5.3.23.jar:5.3.23]
	at org.apache.catalina.core.ApplicationFilterChain.internalDoFilter(ApplicationFilterChain.java:189) ~[tomcat-embed-core-9.0.68.jar:9.0.68]
	at org.apache.catalina.core.ApplicationFilterChain.doFilter(ApplicationFilterChain.java:162) ~[tomcat-embed-core-9.0.68.jar:9.0.68]
	at org.springframework.web.filter.FormContentFilter.doFilterInternal(FormContentFilter.java:93) ~[spring-web-5.3.23.jar:5.3.23]
	at org.springframework.web.filter.OncePerRequestFilter.doFilter(OncePerRequestFilter.java:117) ~[spring-web-5.3.23.jar:5.3.23]
	at org.apache.catalina.core.ApplicationFilterChain.internalDoFilter(ApplicationFilterChain.java:189) ~[tomcat-embed-core-9.0.68.jar:9.0.68]
	at org.apache.catalina.core.ApplicationFilterChain.doFilter(ApplicationFilterChain.java:162) ~[tomcat-embed-core-9.0.68.jar:9.0.68]
	at org.springframework.web.filter.CharacterEncodingFilter.doFilterInternal(CharacterEncodingFilter.java:201) ~[spring-web-5.3.23.jar:5.3.23]
	at org.springframework.web.filter.OncePerRequestFilter.doFilter(OncePerRequestFilter.java:117) ~[spring-web-5.3.23.jar:5.3.23]
	at org.apache.catalina.core.ApplicationFilterChain.internalDoFilter(ApplicationFilterChain.java:189) ~[tomcat-embed-core-9.0.68.jar:9.0.68]
	at org.apache.catalina.core.ApplicationFilterChain.doFilter(ApplicationFilterChain.java:162) ~[tomcat-embed-core-9.0.68.jar:9.0.68]
	at org.apache.catalina.core.StandardWrapperValve.invoke(StandardWrapperValve.java:197) ~[tomcat-embed-core-9.0.68.jar:9.0.68]
	at org.apache.catalina.core.StandardContextValve.invoke(StandardContextValve.java:97) ~[tomcat-embed-core-9.0.68.jar:9.0.68]
	at org.apache.catalina.authenticator.AuthenticatorBase.invoke(AuthenticatorBase.java:541) ~[tomcat-embed-core-9.0.68.jar:9.0.68]
	at org.apache.catalina.core.StandardHostValve.invoke(StandardHostValve.java:135) ~[tomcat-embed-core-9.0.68.jar:9.0.68]
	at org.apache.catalina.valves.ErrorReportValve.invoke(ErrorReportValve.java:92) ~[tomcat-embed-core-9.0.68.jar:9.0.68]
	at org.apache.catalina.core.StandardEngineValve.invoke(StandardEngineValve.java:78) ~[tomcat-embed-core-9.0.68.jar:9.0.68]
	at org.apache.catalina.connector.CoyoteAdapter.service(CoyoteAdapter.java:360) ~[tomcat-embed-core-9.0.68.jar:9.0.68]
	at org.apache.coyote.http11.Http11Processor.service(Http11Processor.java:399) ~[tomcat-embed-core-9.0.68.jar:9.0.68]
	at org.apache.coyote.AbstractProcessorLight.process(AbstractProcessorLight.java:65) ~[tomcat-embed-core-9.0.68.jar:9.0.68]
	at org.apache.coyote.AbstractProtocol$ConnectionHandler.process(AbstractProtocol.java:893) ~[tomcat-embed-core-9.0.68.jar:9.0.68]
	at org.apache.tomcat.util.net.NioEndpoint$SocketProcessor.doRun(NioEndpoint.java:1789) ~[tomcat-embed-core-9.0.68.jar:9.0.68]
	at org.apache.tomcat.util.net.SocketProcessorBase.run(SocketProcessorBase.java:49) ~[tomcat-embed-core-9.0.68.jar:9.0.68]
	at org.apache.tomcat.util.threads.ThreadPoolExecutor.runWorker(ThreadPoolExecutor.java:1191) ~[tomcat-embed-core-9.0.68.jar:9.0.68]
	at org.apache.tomcat.util.threads.ThreadPoolExecutor$Worker.run(ThreadPoolExecutor.java:659) ~[tomcat-embed-core-9.0.68.jar:9.0.68]
	at org.apache.tomcat.util.threads.TaskThread$WrappingRunnable.run(TaskThread.java:61) ~[tomcat-embed-core-9.0.68.jar:9.0.68]
	at java.base/java.lang.Thread.run(Thread.java:833) ~[na:na]

2023-08-29 01:03:12.030 ERROR 15368 --- [http-nio-443-exec-9] o.a.c.c.C.[.[.[/].[dispatcherServlet]    : Servlet.service() for servlet [dispatcherServlet] in context with path [] threw exception

java.net.UnknownHostException: E
	at java.base/sun.nio.ch.NioSocketImpl.connect(NioSocketImpl.java:567) ~[na:na]
	at java.base/java.net.Socket.connect(Socket.java:633) ~[na:na]
	at java.base/sun.net.ftp.impl.FtpClient.doConnect(FtpClient.java:1045) ~[na:na]
	at java.base/sun.net.ftp.impl.FtpClient.tryConnect(FtpClient.java:1010) ~[na:na]
	at java.base/sun.net.ftp.impl.FtpClient.connect(FtpClient.java:1102) ~[na:na]
	at java.base/sun.net.ftp.impl.FtpClient.connect(FtpClient.java:1088) ~[na:na]
	at java.base/sun.net.www.protocol.ftp.FtpURLConnection.connect(FtpURLConnection.java:320) ~[na:na]
	at java.base/sun.net.www.protocol.ftp.FtpURLConnection.getInputStream(FtpURLConnection.java:426) ~[na:na]
	at org.springframework.core.io.UrlResource.getInputStream(UrlResource.java:187) ~[spring-core-5.3.23.jar:5.3.23]
	at org.springframework.http.converter.ResourceHttpMessageConverter.writeContent(ResourceHttpMessageConverter.java:137) ~[spring-web-5.3.23.jar:5.3.23]
	at org.springframework.http.converter.ResourceHttpMessageConverter.writeInternal(ResourceHttpMessageConverter.java:129) ~[spring-web-5.3.23.jar:5.3.23]
	at org.springframework.http.converter.ResourceHttpMessageConverter.writeInternal(ResourceHttpMessageConverter.java:45) ~[spring-web-5.3.23.jar:5.3.23]
	at org.springframework.http.converter.AbstractHttpMessageConverter.write(AbstractHttpMessageConverter.java:227) ~[spring-web-5.3.23.jar:5.3.23]
	at org.springframework.web.servlet.resource.ResourceHttpRequestHandler.handleRequest(ResourceHttpRequestHandler.java:590) ~[spring-webmvc-5.3.23.jar:5.3.23]
	at org.springframework.web.servlet.mvc.HttpRequestHandlerAdapter.handle(HttpRequestHandlerAdapter.java:52) ~[spring-webmvc-5.3.23.jar:5.3.23]
	at org.springframework.web.servlet.DispatcherServlet.doDispatch(DispatcherServlet.java:1071) ~[spring-webmvc-5.3.23.jar:5.3.23]
	at org.springframework.web.servlet.DispatcherServlet.doService(DispatcherServlet.java:964) ~[spring-webmvc-5.3.23.jar:5.3.23]
	at org.springframework.web.servlet.FrameworkServlet.processRequest(FrameworkServlet.java:1006) ~[spring-webmvc-5.3.23.jar:5.3.23]
	at org.springframework.web.servlet.FrameworkServlet.doGet(FrameworkServlet.java:898) ~[spring-webmvc-5.3.23.jar:5.3.23]
	at javax.servlet.http.HttpServlet.service(HttpServlet.java:645) ~[javax.servlet-api-4.0.1.jar:4.0.1]
	at org.springframework.web.servlet.FrameworkServlet.service(FrameworkServlet.java:883) ~[spring-webmvc-5.3.23.jar:5.3.23]
	at javax.servlet.http.HttpServlet.service(HttpServlet.java:750) ~[javax.servlet-api-4.0.1.jar:4.0.1]
	at org.apache.catalina.core.ApplicationFilterChain.internalDoFilter(ApplicationFilterChain.java:227) ~[tomcat-embed-core-9.0.68.jar:9.0.68]
	at org.apache.catalina.core.ApplicationFilterChain.doFilter(ApplicationFilterChain.java:162) ~[tomcat-embed-core-9.0.68.jar:9.0.68]
	at org.apache.tomcat.websocket.server.WsFilter.doFilter(WsFilter.java:53) ~[tomcat-embed-websocket-9.0.68.jar:9.0.68]
	at org.apache.catalina.core.ApplicationFilterChain.internalDoFilter(ApplicationFilterChain.java:189) ~[tomcat-embed-core-9.0.68.jar:9.0.68]
	at org.apache.catalina.core.ApplicationFilterChain.doFilter(ApplicationFilterChain.java:162) ~[tomcat-embed-core-9.0.68.jar:9.0.68]
	at org.springframework.web.filter.OncePerRequestFilter.doFilter(OncePerRequestFilter.java:111) ~[spring-web-5.3.23.jar:5.3.23]
	at org.apache.catalina.core.ApplicationFilterChain.internalDoFilter(ApplicationFilterChain.java:189) ~[tomcat-embed-core-9.0.68.jar:9.0.68]
	at org.apache.catalina.core.ApplicationFilterChain.doFilter(ApplicationFilterChain.java:162) ~[tomcat-embed-core-9.0.68.jar:9.0.68]
	at com.easygofly.site.setting.web.WebSettingFilter.doFilter(WebSettingFilter.java:33) ~[classes/:na]
	at org.apache.catalina.core.ApplicationFilterChain.internalDoFilter(ApplicationFilterChain.java:189) ~[tomcat-embed-core-9.0.68.jar:9.0.68]
	at org.apache.catalina.core.ApplicationFilterChain.doFilter(ApplicationFilterChain.java:162) ~[tomcat-embed-core-9.0.68.jar:9.0.68]
	at com.easygofly.site.setting.SettingFilter.doFilter(SettingFilter.java:33) ~[classes/:na]
	at org.apache.catalina.core.ApplicationFilterChain.internalDoFilter(ApplicationFilterChain.java:189) ~[tomcat-embed-core-9.0.68.jar:9.0.68]
	at org.apache.catalina.core.ApplicationFilterChain.doFilter(ApplicationFilterChain.java:162) ~[tomcat-embed-core-9.0.68.jar:9.0.68]
	at org.springframework.web.servlet.resource.ResourceUrlEncodingFilter.doFilter(ResourceUrlEncodingFilter.java:67) ~[spring-webmvc-5.3.23.jar:5.3.23]
	at org.apache.catalina.core.ApplicationFilterChain.internalDoFilter(ApplicationFilterChain.java:189) ~[tomcat-embed-core-9.0.68.jar:9.0.68]
	at org.apache.catalina.core.ApplicationFilterChain.doFilter(ApplicationFilterChain.java:162) ~[tomcat-embed-core-9.0.68.jar:9.0.68]
	at org.springframework.security.web.FilterChainProxy$VirtualFilterChain.doFilter(FilterChainProxy.java:337) ~[spring-security-web-5.7.4.jar:5.7.4]
	at org.springframework.security.web.access.intercept.FilterSecurityInterceptor.invoke(FilterSecurityInterceptor.java:115) ~[spring-security-web-5.7.4.jar:5.7.4]
	at org.springframework.security.web.access.intercept.FilterSecurityInterceptor.doFilter(FilterSecurityInterceptor.java:81) ~[spring-security-web-5.7.4.jar:5.7.4]
	at org.springframework.security.web.FilterChainProxy$VirtualFilterChain.doFilter(FilterChainProxy.java:346) ~[spring-security-web-5.7.4.jar:5.7.4]
	at org.springframework.security.web.access.ExceptionTranslationFilter.doFilter(ExceptionTranslationFilter.java:122) ~[spring-security-web-5.7.4.jar:5.7.4]
	at org.springframework.security.web.access.ExceptionTranslationFilter.doFilter(ExceptionTranslationFilter.java:116) ~[spring-security-web-5.7.4.jar:5.7.4]
	at org.springframework.security.web.FilterChainProxy$VirtualFilterChain.doFilter(FilterChainProxy.java:346) ~[spring-security-web-5.7.4.jar:5.7.4]
	at org.springframework.security.web.session.SessionManagementFilter.doFilter(SessionManagementFilter.java:126) ~[spring-security-web-5.7.4.jar:5.7.4]
	at org.springframework.security.web.session.SessionManagementFilter.doFilter(SessionManagementFilter.java:81) ~[spring-security-web-5.7.4.jar:5.7.4]
	at org.springframework.security.web.FilterChainProxy$VirtualFilterChain.doFilter(FilterChainProxy.java:346) ~[spring-security-web-5.7.4.jar:5.7.4]
	at org.springframework.security.web.authentication.AnonymousAuthenticationFilter.doFilter(AnonymousAuthenticationFilter.java:109) ~[spring-security-web-5.7.4.jar:5.7.4]
	at org.springframework.security.web.FilterChainProxy$VirtualFilterChain.doFilter(FilterChainProxy.java:346) ~[spring-security-web-5.7.4.jar:5.7.4]
	at org.springframework.security.web.authentication.rememberme.RememberMeAuthenticationFilter.doFilter(RememberMeAuthenticationFilter.java:106) ~[spring-security-web-5.7.4.jar:5.7.4]
	at org.springframework.security.web.authentication.rememberme.RememberMeAuthenticationFilter.doFilter(RememberMeAuthenticationFilter.java:97) ~[spring-security-web-5.7.4.jar:5.7.4]
	at org.springframework.security.web.FilterChainProxy$VirtualFilterChain.doFilter(FilterChainProxy.java:346) ~[spring-security-web-5.7.4.jar:5.7.4]
	at org.springframework.security.web.servletapi.SecurityContextHolderAwareRequestFilter.doFilter(SecurityContextHolderAwareRequestFilter.java:149) ~[spring-security-web-5.7.4.jar:5.7.4]
	at org.springframework.security.web.FilterChainProxy$VirtualFilterChain.doFilter(FilterChainProxy.java:346) ~[spring-security-web-5.7.4.jar:5.7.4]
	at org.springframework.security.web.savedrequest.RequestCacheAwareFilter.doFilter(RequestCacheAwareFilter.java:63) ~[spring-security-web-5.7.4.jar:5.7.4]
	at org.springframework.security.web.FilterChainProxy$VirtualFilterChain.doFilter(FilterChainProxy.java:346) ~[spring-security-web-5.7.4.jar:5.7.4]
	at org.springframework.security.web.session.ConcurrentSessionFilter.doFilter(ConcurrentSessionFilter.java:147) ~[spring-security-web-5.7.4.jar:5.7.4]
	at org.springframework.security.web.session.ConcurrentSessionFilter.doFilter(ConcurrentSessionFilter.java:125) ~[spring-security-web-5.7.4.jar:5.7.4]
	at org.springframework.security.web.FilterChainProxy$VirtualFilterChain.doFilter(FilterChainProxy.java:346) ~[spring-security-web-5.7.4.jar:5.7.4]
	at org.springframework.security.web.authentication.AbstractAuthenticationProcessingFilter.doFilter(AbstractAuthenticationProcessingFilter.java:223) ~[spring-security-web-5.7.4.jar:5.7.4]
	at org.springframework.security.web.authentication.AbstractAuthenticationProcessingFilter.doFilter(AbstractAuthenticationProcessingFilter.java:217) ~[spring-security-web-5.7.4.jar:5.7.4]
	at org.springframework.security.web.FilterChainProxy$VirtualFilterChain.doFilter(FilterChainProxy.java:346) ~[spring-security-web-5.7.4.jar:5.7.4]
	at org.springframework.security.web.authentication.AbstractAuthenticationProcessingFilter.doFilter(AbstractAuthenticationProcessingFilter.java:223) ~[spring-security-web-5.7.4.jar:5.7.4]
	at org.springframework.security.web.authentication.AbstractAuthenticationProcessingFilter.doFilter(AbstractAuthenticationProcessingFilter.java:217) ~[spring-security-web-5.7.4.jar:5.7.4]
	at org.springframework.security.web.FilterChainProxy$VirtualFilterChain.doFilter(FilterChainProxy.java:346) ~[spring-security-web-5.7.4.jar:5.7.4]
	at org.springframework.security.oauth2.client.web.OAuth2AuthorizationRequestRedirectFilter.doFilterInternal(OAuth2AuthorizationRequestRedirectFilter.java:178) ~[spring-security-oauth2-client-5.7.4.jar:5.7.4]
	at org.springframework.web.filter.OncePerRequestFilter.doFilter(OncePerRequestFilter.java:117) ~[spring-web-5.3.23.jar:5.3.23]
	at org.springframework.security.web.FilterChainProxy$VirtualFilterChain.doFilter(FilterChainProxy.java:346) ~[spring-security-web-5.7.4.jar:5.7.4]
	at org.springframework.security.web.authentication.logout.LogoutFilter.doFilter(LogoutFilter.java:103) ~[spring-security-web-5.7.4.jar:5.7.4]
	at org.springframework.security.web.authentication.logout.LogoutFilter.doFilter(LogoutFilter.java:89) ~[spring-security-web-5.7.4.jar:5.7.4]
	at org.springframework.security.web.FilterChainProxy$VirtualFilterChain.doFilter(FilterChainProxy.java:346) ~[spring-security-web-5.7.4.jar:5.7.4]
	at org.springframework.web.filter.CorsFilter.doFilterInternal(CorsFilter.java:91) ~[spring-web-5.3.23.jar:5.3.23]
	at org.springframework.web.filter.OncePerRequestFilter.doFilter(OncePerRequestFilter.java:117) ~[spring-web-5.3.23.jar:5.3.23]
	at org.springframework.security.web.FilterChainProxy$VirtualFilterChain.doFilter(FilterChainProxy.java:346) ~[spring-security-web-5.7.4.jar:5.7.4]
	at org.springframework.security.web.header.HeaderWriterFilter.doHeadersAfter(HeaderWriterFilter.java:90) ~[spring-security-web-5.7.4.jar:5.7.4]
	at org.springframework.security.web.header.HeaderWriterFilter.doFilterInternal(HeaderWriterFilter.java:75) ~[spring-security-web-5.7.4.jar:5.7.4]
	at org.springframework.web.filter.OncePerRequestFilter.doFilter(OncePerRequestFilter.java:117) ~[spring-web-5.3.23.jar:5.3.23]
	at org.springframework.security.web.FilterChainProxy$VirtualFilterChain.doFilter(FilterChainProxy.java:346) ~[spring-security-web-5.7.4.jar:5.7.4]
	at org.springframework.security.web.context.SecurityContextPersistenceFilter.doFilter(SecurityContextPersistenceFilter.java:112) ~[spring-security-web-5.7.4.jar:5.7.4]
	at org.springframework.security.web.context.SecurityContextPersistenceFilter.doFilter(SecurityContextPersistenceFilter.java:82) ~[spring-security-web-5.7.4.jar:5.7.4]
	at org.springframework.security.web.FilterChainProxy$VirtualFilterChain.doFilter(FilterChainProxy.java:346) ~[spring-security-web-5.7.4.jar:5.7.4]
	at org.springframework.security.web.context.request.async.WebAsyncManagerIntegrationFilter.doFilterInternal(WebAsyncManagerIntegrationFilter.java:55) ~[spring-security-web-5.7.4.jar:5.7.4]
	at org.springframework.web.filter.OncePerRequestFilter.doFilter(OncePerRequestFilter.java:117) ~[spring-web-5.3.23.jar:5.3.23]
	at org.springframework.security.web.FilterChainProxy$VirtualFilterChain.doFilter(FilterChainProxy.java:346) ~[spring-security-web-5.7.4.jar:5.7.4]
	at org.springframework.security.web.session.DisableEncodeUrlFilter.doFilterInternal(DisableEncodeUrlFilter.java:42) ~[spring-security-web-5.7.4.jar:5.7.4]
	at org.springframework.web.filter.OncePerRequestFilter.doFilter(OncePerRequestFilter.java:117) ~[spring-web-5.3.23.jar:5.3.23]
	at org.springframework.security.web.FilterChainProxy$VirtualFilterChain.doFilter(FilterChainProxy.java:346) ~[spring-security-web-5.7.4.jar:5.7.4]
	at org.springframework.security.web.FilterChainProxy.doFilterInternal(FilterChainProxy.java:221) ~[spring-security-web-5.7.4.jar:5.7.4]
	at org.springframework.security.web.FilterChainProxy.doFilter(FilterChainProxy.java:186) ~[spring-security-web-5.7.4.jar:5.7.4]
	at org.springframework.web.filter.DelegatingFilterProxy.invokeDelegate(DelegatingFilterProxy.java:354) ~[spring-web-5.3.23.jar:5.3.23]
	at org.springframework.web.filter.DelegatingFilterProxy.doFilter(DelegatingFilterProxy.java:267) ~[spring-web-5.3.23.jar:5.3.23]
	at org.apache.catalina.core.ApplicationFilterChain.internalDoFilter(ApplicationFilterChain.java:189) ~[tomcat-embed-core-9.0.68.jar:9.0.68]
	at org.apache.catalina.core.ApplicationFilterChain.doFilter(ApplicationFilterChain.java:162) ~[tomcat-embed-core-9.0.68.jar:9.0.68]
	at org.springframework.web.filter.RequestContextFilter.doFilterInternal(RequestContextFilter.java:100) ~[spring-web-5.3.23.jar:5.3.23]
	at org.springframework.web.filter.OncePerRequestFilter.doFilter(OncePerRequestFilter.java:117) ~[spring-web-5.3.23.jar:5.3.23]
	at org.apache.catalina.core.ApplicationFilterChain.internalDoFilter(ApplicationFilterChain.java:189) ~[tomcat-embed-core-9.0.68.jar:9.0.68]
	at org.apache.catalina.core.ApplicationFilterChain.doFilter(ApplicationFilterChain.java:162) ~[tomcat-embed-core-9.0.68.jar:9.0.68]
	at org.springframework.web.filter.FormContentFilter.doFilterInternal(FormContentFilter.java:93) ~[spring-web-5.3.23.jar:5.3.23]
	at org.springframework.web.filter.OncePerRequestFilter.doFilter(OncePerRequestFilter.java:117) ~[spring-web-5.3.23.jar:5.3.23]
	at org.apache.catalina.core.ApplicationFilterChain.internalDoFilter(ApplicationFilterChain.java:189) ~[tomcat-embed-core-9.0.68.jar:9.0.68]
	at org.apache.catalina.core.ApplicationFilterChain.doFilter(ApplicationFilterChain.java:162) ~[tomcat-embed-core-9.0.68.jar:9.0.68]
	at org.springframework.web.filter.CharacterEncodingFilter.doFilterInternal(CharacterEncodingFilter.java:201) ~[spring-web-5.3.23.jar:5.3.23]
	at org.springframework.web.filter.OncePerRequestFilter.doFilter(OncePerRequestFilter.java:117) ~[spring-web-5.3.23.jar:5.3.23]
	at org.apache.catalina.core.ApplicationFilterChain.internalDoFilter(ApplicationFilterChain.java:189) ~[tomcat-embed-core-9.0.68.jar:9.0.68]
	at org.apache.catalina.core.ApplicationFilterChain.doFilter(ApplicationFilterChain.java:162) ~[tomcat-embed-core-9.0.68.jar:9.0.68]
	at org.apache.catalina.core.StandardWrapperValve.invoke(StandardWrapperValve.java:197) ~[tomcat-embed-core-9.0.68.jar:9.0.68]
	at org.apache.catalina.core.StandardContextValve.invoke(StandardContextValve.java:97) ~[tomcat-embed-core-9.0.68.jar:9.0.68]
	at org.apache.catalina.authenticator.AuthenticatorBase.invoke(AuthenticatorBase.java:541) ~[tomcat-embed-core-9.0.68.jar:9.0.68]
	at org.apache.catalina.core.StandardHostValve.invoke(StandardHostValve.java:135) ~[tomcat-embed-core-9.0.68.jar:9.0.68]
	at org.apache.catalina.valves.ErrorReportValve.invoke(ErrorReportValve.java:92) ~[tomcat-embed-core-9.0.68.jar:9.0.68]
	at org.apache.catalina.core.StandardEngineValve.invoke(StandardEngineValve.java:78) ~[tomcat-embed-core-9.0.68.jar:9.0.68]
	at org.apache.catalina.connector.CoyoteAdapter.service(CoyoteAdapter.java:360) ~[tomcat-embed-core-9.0.68.jar:9.0.68]
	at org.apache.coyote.http11.Http11Processor.service(Http11Processor.java:399) ~[tomcat-embed-core-9.0.68.jar:9.0.68]
	at org.apache.coyote.AbstractProcessorLight.process(AbstractProcessorLight.java:65) ~[tomcat-embed-core-9.0.68.jar:9.0.68]
	at org.apache.coyote.AbstractProtocol$ConnectionHandler.process(AbstractProtocol.java:893) ~[tomcat-embed-core-9.0.68.jar:9.0.68]
	at org.apache.tomcat.util.net.NioEndpoint$SocketProcessor.doRun(NioEndpoint.java:1789) ~[tomcat-embed-core-9.0.68.jar:9.0.68]
	at org.apache.tomcat.util.net.SocketProcessorBase.run(SocketProcessorBase.java:49) ~[tomcat-embed-core-9.0.68.jar:9.0.68]
	at org.apache.tomcat.util.threads.ThreadPoolExecutor.runWorker(ThreadPoolExecutor.java:1191) ~[tomcat-embed-core-9.0.68.jar:9.0.68]
	at org.apache.tomcat.util.threads.ThreadPoolExecutor$Worker.run(ThreadPoolExecutor.java:659) ~[tomcat-embed-core-9.0.68.jar:9.0.68]
	at org.apache.tomcat.util.threads.TaskThread$WrappingRunnable.run(TaskThread.java:61) ~[tomcat-embed-core-9.0.68.jar:9.0.68]
	at java.base/java.lang.Thread.run(Thread.java:833) ~[na:na]

2023-08-29 01:03:12.030 ERROR 15368 --- [http-nio-443-exec-6] o.a.c.c.C.[.[.[/].[dispatcherServlet]    : Servlet.service() for servlet [dispatcherServlet] in context with path [] threw exception

java.net.UnknownHostException: E
	at java.base/sun.nio.ch.NioSocketImpl.connect(NioSocketImpl.java:567) ~[na:na]
	at java.base/java.net.Socket.connect(Socket.java:633) ~[na:na]
	at java.base/sun.net.ftp.impl.FtpClient.doConnect(FtpClient.java:1045) ~[na:na]
	at java.base/sun.net.ftp.impl.FtpClient.tryConnect(FtpClient.java:1010) ~[na:na]
	at java.base/sun.net.ftp.impl.FtpClient.connect(FtpClient.java:1102) ~[na:na]
	at java.base/sun.net.ftp.impl.FtpClient.connect(FtpClient.java:1088) ~[na:na]
	at java.base/sun.net.www.protocol.ftp.FtpURLConnection.connect(FtpURLConnection.java:320) ~[na:na]
	at java.base/sun.net.www.protocol.ftp.FtpURLConnection.getInputStream(FtpURLConnection.java:426) ~[na:na]
	at org.springframework.core.io.UrlResource.getInputStream(UrlResource.java:187) ~[spring-core-5.3.23.jar:5.3.23]
	at org.springframework.http.converter.ResourceHttpMessageConverter.writeContent(ResourceHttpMessageConverter.java:137) ~[spring-web-5.3.23.jar:5.3.23]
	at org.springframework.http.converter.ResourceHttpMessageConverter.writeInternal(ResourceHttpMessageConverter.java:129) ~[spring-web-5.3.23.jar:5.3.23]
	at org.springframework.http.converter.ResourceHttpMessageConverter.writeInternal(ResourceHttpMessageConverter.java:45) ~[spring-web-5.3.23.jar:5.3.23]
	at org.springframework.http.converter.AbstractHttpMessageConverter.write(AbstractHttpMessageConverter.java:227) ~[spring-web-5.3.23.jar:5.3.23]
	at org.springframework.web.servlet.resource.ResourceHttpRequestHandler.handleRequest(ResourceHttpRequestHandler.java:590) ~[spring-webmvc-5.3.23.jar:5.3.23]
	at org.springframework.web.servlet.mvc.HttpRequestHandlerAdapter.handle(HttpRequestHandlerAdapter.java:52) ~[spring-webmvc-5.3.23.jar:5.3.23]
	at org.springframework.web.servlet.DispatcherServlet.doDispatch(DispatcherServlet.java:1071) ~[spring-webmvc-5.3.23.jar:5.3.23]
	at org.springframework.web.servlet.DispatcherServlet.doService(DispatcherServlet.java:964) ~[spring-webmvc-5.3.23.jar:5.3.23]
	at org.springframework.web.servlet.FrameworkServlet.processRequest(FrameworkServlet.java:1006) ~[spring-webmvc-5.3.23.jar:5.3.23]
	at org.springframework.web.servlet.FrameworkServlet.doGet(FrameworkServlet.java:898) ~[spring-webmvc-5.3.23.jar:5.3.23]
	at javax.servlet.http.HttpServlet.service(HttpServlet.java:645) ~[javax.servlet-api-4.0.1.jar:4.0.1]
	at org.springframework.web.servlet.FrameworkServlet.service(FrameworkServlet.java:883) ~[spring-webmvc-5.3.23.jar:5.3.23]
	at javax.servlet.http.HttpServlet.service(HttpServlet.java:750) ~[javax.servlet-api-4.0.1.jar:4.0.1]
	at org.apache.catalina.core.ApplicationFilterChain.internalDoFilter(ApplicationFilterChain.java:227) ~[tomcat-embed-core-9.0.68.jar:9.0.68]
	at org.apache.catalina.core.ApplicationFilterChain.doFilter(ApplicationFilterChain.java:162) ~[tomcat-embed-core-9.0.68.jar:9.0.68]
	at org.apache.tomcat.websocket.server.WsFilter.doFilter(WsFilter.java:53) ~[tomcat-embed-websocket-9.0.68.jar:9.0.68]
	at org.apache.catalina.core.ApplicationFilterChain.internalDoFilter(ApplicationFilterChain.java:189) ~[tomcat-embed-core-9.0.68.jar:9.0.68]
	at org.apache.catalina.core.ApplicationFilterChain.doFilter(ApplicationFilterChain.java:162) ~[tomcat-embed-core-9.0.68.jar:9.0.68]
	at org.springframework.web.filter.OncePerRequestFilter.doFilter(OncePerRequestFilter.java:111) ~[spring-web-5.3.23.jar:5.3.23]
	at org.apache.catalina.core.ApplicationFilterChain.internalDoFilter(ApplicationFilterChain.java:189) ~[tomcat-embed-core-9.0.68.jar:9.0.68]
	at org.apache.catalina.core.ApplicationFilterChain.doFilter(ApplicationFilterChain.java:162) ~[tomcat-embed-core-9.0.68.jar:9.0.68]
	at com.easygofly.site.setting.web.WebSettingFilter.doFilter(WebSettingFilter.java:33) ~[classes/:na]
	at org.apache.catalina.core.ApplicationFilterChain.internalDoFilter(ApplicationFilterChain.java:189) ~[tomcat-embed-core-9.0.68.jar:9.0.68]
	at org.apache.catalina.core.ApplicationFilterChain.doFilter(ApplicationFilterChain.java:162) ~[tomcat-embed-core-9.0.68.jar:9.0.68]
	at com.easygofly.site.setting.SettingFilter.doFilter(SettingFilter.java:33) ~[classes/:na]
	at org.apache.catalina.core.ApplicationFilterChain.internalDoFilter(ApplicationFilterChain.java:189) ~[tomcat-embed-core-9.0.68.jar:9.0.68]
	at org.apache.catalina.core.ApplicationFilterChain.doFilter(ApplicationFilterChain.java:162) ~[tomcat-embed-core-9.0.68.jar:9.0.68]
	at org.springframework.web.servlet.resource.ResourceUrlEncodingFilter.doFilter(ResourceUrlEncodingFilter.java:67) ~[spring-webmvc-5.3.23.jar:5.3.23]
	at org.apache.catalina.core.ApplicationFilterChain.internalDoFilter(ApplicationFilterChain.java:189) ~[tomcat-embed-core-9.0.68.jar:9.0.68]
	at org.apache.catalina.core.ApplicationFilterChain.doFilter(ApplicationFilterChain.java:162) ~[tomcat-embed-core-9.0.68.jar:9.0.68]
	at org.springframework.security.web.FilterChainProxy$VirtualFilterChain.doFilter(FilterChainProxy.java:337) ~[spring-security-web-5.7.4.jar:5.7.4]
	at org.springframework.security.web.access.intercept.FilterSecurityInterceptor.invoke(FilterSecurityInterceptor.java:115) ~[spring-security-web-5.7.4.jar:5.7.4]
	at org.springframework.security.web.access.intercept.FilterSecurityInterceptor.doFilter(FilterSecurityInterceptor.java:81) ~[spring-security-web-5.7.4.jar:5.7.4]
	at org.springframework.security.web.FilterChainProxy$VirtualFilterChain.doFilter(FilterChainProxy.java:346) ~[spring-security-web-5.7.4.jar:5.7.4]
	at org.springframework.security.web.access.ExceptionTranslationFilter.doFilter(ExceptionTranslationFilter.java:122) ~[spring-security-web-5.7.4.jar:5.7.4]
	at org.springframework.security.web.access.ExceptionTranslationFilter.doFilter(ExceptionTranslationFilter.java:116) ~[spring-security-web-5.7.4.jar:5.7.4]
	at org.springframework.security.web.FilterChainProxy$VirtualFilterChain.doFilter(FilterChainProxy.java:346) ~[spring-security-web-5.7.4.jar:5.7.4]
	at org.springframework.security.web.session.SessionManagementFilter.doFilter(SessionManagementFilter.java:126) ~[spring-security-web-5.7.4.jar:5.7.4]
	at org.springframework.security.web.session.SessionManagementFilter.doFilter(SessionManagementFilter.java:81) ~[spring-security-web-5.7.4.jar:5.7.4]
	at org.springframework.security.web.FilterChainProxy$VirtualFilterChain.doFilter(FilterChainProxy.java:346) ~[spring-security-web-5.7.4.jar:5.7.4]
	at org.springframework.security.web.authentication.AnonymousAuthenticationFilter.doFilter(AnonymousAuthenticationFilter.java:109) ~[spring-security-web-5.7.4.jar:5.7.4]
	at org.springframework.security.web.FilterChainProxy$VirtualFilterChain.doFilter(FilterChainProxy.java:346) ~[spring-security-web-5.7.4.jar:5.7.4]
	at org.springframework.security.web.authentication.rememberme.RememberMeAuthenticationFilter.doFilter(RememberMeAuthenticationFilter.java:106) ~[spring-security-web-5.7.4.jar:5.7.4]
	at org.springframework.security.web.authentication.rememberme.RememberMeAuthenticationFilter.doFilter(RememberMeAuthenticationFilter.java:97) ~[spring-security-web-5.7.4.jar:5.7.4]
	at org.springframework.security.web.FilterChainProxy$VirtualFilterChain.doFilter(FilterChainProxy.java:346) ~[spring-security-web-5.7.4.jar:5.7.4]
	at org.springframework.security.web.servletapi.SecurityContextHolderAwareRequestFilter.doFilter(SecurityContextHolderAwareRequestFilter.java:149) ~[spring-security-web-5.7.4.jar:5.7.4]
	at org.springframework.security.web.FilterChainProxy$VirtualFilterChain.doFilter(FilterChainProxy.java:346) ~[spring-security-web-5.7.4.jar:5.7.4]
	at org.springframework.security.web.savedrequest.RequestCacheAwareFilter.doFilter(RequestCacheAwareFilter.java:63) ~[spring-security-web-5.7.4.jar:5.7.4]
	at org.springframework.security.web.FilterChainProxy$VirtualFilterChain.doFilter(FilterChainProxy.java:346) ~[spring-security-web-5.7.4.jar:5.7.4]
	at org.springframework.security.web.session.ConcurrentSessionFilter.doFilter(ConcurrentSessionFilter.java:147) ~[spring-security-web-5.7.4.jar:5.7.4]
	at org.springframework.security.web.session.ConcurrentSessionFilter.doFilter(ConcurrentSessionFilter.java:125) ~[spring-security-web-5.7.4.jar:5.7.4]
	at org.springframework.security.web.FilterChainProxy$VirtualFilterChain.doFilter(FilterChainProxy.java:346) ~[spring-security-web-5.7.4.jar:5.7.4]
	at org.springframework.security.web.authentication.AbstractAuthenticationProcessingFilter.doFilter(AbstractAuthenticationProcessingFilter.java:223) ~[spring-security-web-5.7.4.jar:5.7.4]
	at org.springframework.security.web.authentication.AbstractAuthenticationProcessingFilter.doFilter(AbstractAuthenticationProcessingFilter.java:217) ~[spring-security-web-5.7.4.jar:5.7.4]
	at org.springframework.security.web.FilterChainProxy$VirtualFilterChain.doFilter(FilterChainProxy.java:346) ~[spring-security-web-5.7.4.jar:5.7.4]
	at org.springframework.security.web.authentication.AbstractAuthenticationProcessingFilter.doFilter(AbstractAuthenticationProcessingFilter.java:223) ~[spring-security-web-5.7.4.jar:5.7.4]
	at org.springframework.security.web.authentication.AbstractAuthenticationProcessingFilter.doFilter(AbstractAuthenticationProcessingFilter.java:217) ~[spring-security-web-5.7.4.jar:5.7.4]
	at org.springframework.security.web.FilterChainProxy$VirtualFilterChain.doFilter(FilterChainProxy.java:346) ~[spring-security-web-5.7.4.jar:5.7.4]
	at org.springframework.security.oauth2.client.web.OAuth2AuthorizationRequestRedirectFilter.doFilterInternal(OAuth2AuthorizationRequestRedirectFilter.java:178) ~[spring-security-oauth2-client-5.7.4.jar:5.7.4]
	at org.springframework.web.filter.OncePerRequestFilter.doFilter(OncePerRequestFilter.java:117) ~[spring-web-5.3.23.jar:5.3.23]
	at org.springframework.security.web.FilterChainProxy$VirtualFilterChain.doFilter(FilterChainProxy.java:346) ~[spring-security-web-5.7.4.jar:5.7.4]
	at org.springframework.security.web.authentication.logout.LogoutFilter.doFilter(LogoutFilter.java:103) ~[spring-security-web-5.7.4.jar:5.7.4]
	at org.springframework.security.web.authentication.logout.LogoutFilter.doFilter(LogoutFilter.java:89) ~[spring-security-web-5.7.4.jar:5.7.4]
	at org.springframework.security.web.FilterChainProxy$VirtualFilterChain.doFilter(FilterChainProxy.java:346) ~[spring-security-web-5.7.4.jar:5.7.4]
	at org.springframework.web.filter.CorsFilter.doFilterInternal(CorsFilter.java:91) ~[spring-web-5.3.23.jar:5.3.23]
	at org.springframework.web.filter.OncePerRequestFilter.doFilter(OncePerRequestFilter.java:117) ~[spring-web-5.3.23.jar:5.3.23]
	at org.springframework.security.web.FilterChainProxy$VirtualFilterChain.doFilter(FilterChainProxy.java:346) ~[spring-security-web-5.7.4.jar:5.7.4]
	at org.springframework.security.web.header.HeaderWriterFilter.doHeadersAfter(HeaderWriterFilter.java:90) ~[spring-security-web-5.7.4.jar:5.7.4]
	at org.springframework.security.web.header.HeaderWriterFilter.doFilterInternal(HeaderWriterFilter.java:75) ~[spring-security-web-5.7.4.jar:5.7.4]
	at org.springframework.web.filter.OncePerRequestFilter.doFilter(OncePerRequestFilter.java:117) ~[spring-web-5.3.23.jar:5.3.23]
	at org.springframework.security.web.FilterChainProxy$VirtualFilterChain.doFilter(FilterChainProxy.java:346) ~[spring-security-web-5.7.4.jar:5.7.4]
	at org.springframework.security.web.context.SecurityContextPersistenceFilter.doFilter(SecurityContextPersistenceFilter.java:112) ~[spring-security-web-5.7.4.jar:5.7.4]
	at org.springframework.security.web.context.SecurityContextPersistenceFilter.doFilter(SecurityContextPersistenceFilter.java:82) ~[spring-security-web-5.7.4.jar:5.7.4]
	at org.springframework.security.web.FilterChainProxy$VirtualFilterChain.doFilter(FilterChainProxy.java:346) ~[spring-security-web-5.7.4.jar:5.7.4]
	at org.springframework.security.web.context.request.async.WebAsyncManagerIntegrationFilter.doFilterInternal(WebAsyncManagerIntegrationFilter.java:55) ~[spring-security-web-5.7.4.jar:5.7.4]
	at org.springframework.web.filter.OncePerRequestFilter.doFilter(OncePerRequestFilter.java:117) ~[spring-web-5.3.23.jar:5.3.23]
	at org.springframework.security.web.FilterChainProxy$VirtualFilterChain.doFilter(FilterChainProxy.java:346) ~[spring-security-web-5.7.4.jar:5.7.4]
	at org.springframework.security.web.session.DisableEncodeUrlFilter.doFilterInternal(DisableEncodeUrlFilter.java:42) ~[spring-security-web-5.7.4.jar:5.7.4]
	at org.springframework.web.filter.OncePerRequestFilter.doFilter(OncePerRequestFilter.java:117) ~[spring-web-5.3.23.jar:5.3.23]
	at org.springframework.security.web.FilterChainProxy$VirtualFilterChain.doFilter(FilterChainProxy.java:346) ~[spring-security-web-5.7.4.jar:5.7.4]
	at org.springframework.security.web.FilterChainProxy.doFilterInternal(FilterChainProxy.java:221) ~[spring-security-web-5.7.4.jar:5.7.4]
	at org.springframework.security.web.FilterChainProxy.doFilter(FilterChainProxy.java:186) ~[spring-security-web-5.7.4.jar:5.7.4]
	at org.springframework.web.filter.DelegatingFilterProxy.invokeDelegate(DelegatingFilterProxy.java:354) ~[spring-web-5.3.23.jar:5.3.23]
	at org.springframework.web.filter.DelegatingFilterProxy.doFilter(DelegatingFilterProxy.java:267) ~[spring-web-5.3.23.jar:5.3.23]
	at org.apache.catalina.core.ApplicationFilterChain.internalDoFilter(ApplicationFilterChain.java:189) ~[tomcat-embed-core-9.0.68.jar:9.0.68]
	at org.apache.catalina.core.ApplicationFilterChain.doFilter(ApplicationFilterChain.java:162) ~[tomcat-embed-core-9.0.68.jar:9.0.68]
	at org.springframework.web.filter.RequestContextFilter.doFilterInternal(RequestContextFilter.java:100) ~[spring-web-5.3.23.jar:5.3.23]
	at org.springframework.web.filter.OncePerRequestFilter.doFilter(OncePerRequestFilter.java:117) ~[spring-web-5.3.23.jar:5.3.23]
	at org.apache.catalina.core.ApplicationFilterChain.internalDoFilter(ApplicationFilterChain.java:189) ~[tomcat-embed-core-9.0.68.jar:9.0.68]
	at org.apache.catalina.core.ApplicationFilterChain.doFilter(ApplicationFilterChain.java:162) ~[tomcat-embed-core-9.0.68.jar:9.0.68]
	at org.springframework.web.filter.FormContentFilter.doFilterInternal(FormContentFilter.java:93) ~[spring-web-5.3.23.jar:5.3.23]
	at org.springframework.web.filter.OncePerRequestFilter.doFilter(OncePerRequestFilter.java:117) ~[spring-web-5.3.23.jar:5.3.23]
	at org.apache.catalina.core.ApplicationFilterChain.internalDoFilter(ApplicationFilterChain.java:189) ~[tomcat-embed-core-9.0.68.jar:9.0.68]
	at org.apache.catalina.core.ApplicationFilterChain.doFilter(ApplicationFilterChain.java:162) ~[tomcat-embed-core-9.0.68.jar:9.0.68]
	at org.springframework.web.filter.CharacterEncodingFilter.doFilterInternal(CharacterEncodingFilter.java:201) ~[spring-web-5.3.23.jar:5.3.23]
	at org.springframework.web.filter.OncePerRequestFilter.doFilter(OncePerRequestFilter.java:117) ~[spring-web-5.3.23.jar:5.3.23]
	at org.apache.catalina.core.ApplicationFilterChain.internalDoFilter(ApplicationFilterChain.java:189) ~[tomcat-embed-core-9.0.68.jar:9.0.68]
	at org.apache.catalina.core.ApplicationFilterChain.doFilter(ApplicationFilterChain.java:162) ~[tomcat-embed-core-9.0.68.jar:9.0.68]
	at org.apache.catalina.core.StandardWrapperValve.invoke(StandardWrapperValve.java:197) ~[tomcat-embed-core-9.0.68.jar:9.0.68]
	at org.apache.catalina.core.StandardContextValve.invoke(StandardContextValve.java:97) ~[tomcat-embed-core-9.0.68.jar:9.0.68]
	at org.apache.catalina.authenticator.AuthenticatorBase.invoke(AuthenticatorBase.java:541) ~[tomcat-embed-core-9.0.68.jar:9.0.68]
	at org.apache.catalina.core.StandardHostValve.invoke(StandardHostValve.java:135) ~[tomcat-embed-core-9.0.68.jar:9.0.68]
	at org.apache.catalina.valves.ErrorReportValve.invoke(ErrorReportValve.java:92) ~[tomcat-embed-core-9.0.68.jar:9.0.68]
	at org.apache.catalina.core.StandardEngineValve.invoke(StandardEngineValve.java:78) ~[tomcat-embed-core-9.0.68.jar:9.0.68]
	at org.apache.catalina.connector.CoyoteAdapter.service(CoyoteAdapter.java:360) ~[tomcat-embed-core-9.0.68.jar:9.0.68]
	at org.apache.coyote.http11.Http11Processor.service(Http11Processor.java:399) ~[tomcat-embed-core-9.0.68.jar:9.0.68]
	at org.apache.coyote.AbstractProcessorLight.process(AbstractProcessorLight.java:65) ~[tomcat-embed-core-9.0.68.jar:9.0.68]
	at org.apache.coyote.AbstractProtocol$ConnectionHandler.process(AbstractProtocol.java:893) ~[tomcat-embed-core-9.0.68.jar:9.0.68]
	at org.apache.tomcat.util.net.NioEndpoint$SocketProcessor.doRun(NioEndpoint.java:1789) ~[tomcat-embed-core-9.0.68.jar:9.0.68]
	at org.apache.tomcat.util.net.SocketProcessorBase.run(SocketProcessorBase.java:49) ~[tomcat-embed-core-9.0.68.jar:9.0.68]
	at org.apache.tomcat.util.threads.ThreadPoolExecutor.runWorker(ThreadPoolExecutor.java:1191) ~[tomcat-embed-core-9.0.68.jar:9.0.68]
	at org.apache.tomcat.util.threads.ThreadPoolExecutor$Worker.run(ThreadPoolExecutor.java:659) ~[tomcat-embed-core-9.0.68.jar:9.0.68]
	at org.apache.tomcat.util.threads.TaskThread$WrappingRunnable.run(TaskThread.java:61) ~[tomcat-embed-core-9.0.68.jar:9.0.68]
	at java.base/java.lang.Thread.run(Thread.java:833) ~[na:na]

2023-08-29 01:03:12.030 ERROR 15368 --- [http-nio-443-exec-2] o.a.c.c.C.[.[.[/].[dispatcherServlet]    : Servlet.service() for servlet [dispatcherServlet] in context with path [] threw exception

java.net.UnknownHostException: E
	at java.base/sun.nio.ch.NioSocketImpl.connect(NioSocketImpl.java:567) ~[na:na]
	at java.base/java.net.Socket.connect(Socket.java:633) ~[na:na]
	at java.base/sun.net.ftp.impl.FtpClient.doConnect(FtpClient.java:1045) ~[na:na]
	at java.base/sun.net.ftp.impl.FtpClient.tryConnect(FtpClient.java:1010) ~[na:na]
	at java.base/sun.net.ftp.impl.FtpClient.connect(FtpClient.java:1102) ~[na:na]
	at java.base/sun.net.ftp.impl.FtpClient.connect(FtpClient.java:1088) ~[na:na]
	at java.base/sun.net.www.protocol.ftp.FtpURLConnection.connect(FtpURLConnection.java:320) ~[na:na]
	at java.base/sun.net.www.protocol.ftp.FtpURLConnection.getInputStream(FtpURLConnection.java:426) ~[na:na]
	at org.springframework.core.io.UrlResource.getInputStream(UrlResource.java:187) ~[spring-core-5.3.23.jar:5.3.23]
	at org.springframework.http.converter.ResourceHttpMessageConverter.writeContent(ResourceHttpMessageConverter.java:137) ~[spring-web-5.3.23.jar:5.3.23]
	at org.springframework.http.converter.ResourceHttpMessageConverter.writeInternal(ResourceHttpMessageConverter.java:129) ~[spring-web-5.3.23.jar:5.3.23]
	at org.springframework.http.converter.ResourceHttpMessageConverter.writeInternal(ResourceHttpMessageConverter.java:45) ~[spring-web-5.3.23.jar:5.3.23]
	at org.springframework.http.converter.AbstractHttpMessageConverter.write(AbstractHttpMessageConverter.java:227) ~[spring-web-5.3.23.jar:5.3.23]
	at org.springframework.web.servlet.resource.ResourceHttpRequestHandler.handleRequest(ResourceHttpRequestHandler.java:590) ~[spring-webmvc-5.3.23.jar:5.3.23]
	at org.springframework.web.servlet.mvc.HttpRequestHandlerAdapter.handle(HttpRequestHandlerAdapter.java:52) ~[spring-webmvc-5.3.23.jar:5.3.23]
	at org.springframework.web.servlet.DispatcherServlet.doDispatch(DispatcherServlet.java:1071) ~[spring-webmvc-5.3.23.jar:5.3.23]
	at org.springframework.web.servlet.DispatcherServlet.doService(DispatcherServlet.java:964) ~[spring-webmvc-5.3.23.jar:5.3.23]
	at org.springframework.web.servlet.FrameworkServlet.processRequest(FrameworkServlet.java:1006) ~[spring-webmvc-5.3.23.jar:5.3.23]
	at org.springframework.web.servlet.FrameworkServlet.doGet(FrameworkServlet.java:898) ~[spring-webmvc-5.3.23.jar:5.3.23]
	at javax.servlet.http.HttpServlet.service(HttpServlet.java:645) ~[javax.servlet-api-4.0.1.jar:4.0.1]
	at org.springframework.web.servlet.FrameworkServlet.service(FrameworkServlet.java:883) ~[spring-webmvc-5.3.23.jar:5.3.23]
	at javax.servlet.http.HttpServlet.service(HttpServlet.java:750) ~[javax.servlet-api-4.0.1.jar:4.0.1]
	at org.apache.catalina.core.ApplicationFilterChain.internalDoFilter(ApplicationFilterChain.java:227) ~[tomcat-embed-core-9.0.68.jar:9.0.68]
	at org.apache.catalina.core.ApplicationFilterChain.doFilter(ApplicationFilterChain.java:162) ~[tomcat-embed-core-9.0.68.jar:9.0.68]
	at org.apache.tomcat.websocket.server.WsFilter.doFilter(WsFilter.java:53) ~[tomcat-embed-websocket-9.0.68.jar:9.0.68]
	at org.apache.catalina.core.ApplicationFilterChain.internalDoFilter(ApplicationFilterChain.java:189) ~[tomcat-embed-core-9.0.68.jar:9.0.68]
	at org.apache.catalina.core.ApplicationFilterChain.doFilter(ApplicationFilterChain.java:162) ~[tomcat-embed-core-9.0.68.jar:9.0.68]
	at org.springframework.web.filter.OncePerRequestFilter.doFilter(OncePerRequestFilter.java:111) ~[spring-web-5.3.23.jar:5.3.23]
	at org.apache.catalina.core.ApplicationFilterChain.internalDoFilter(ApplicationFilterChain.java:189) ~[tomcat-embed-core-9.0.68.jar:9.0.68]
	at org.apache.catalina.core.ApplicationFilterChain.doFilter(ApplicationFilterChain.java:162) ~[tomcat-embed-core-9.0.68.jar:9.0.68]
	at com.easygofly.site.setting.web.WebSettingFilter.doFilter(WebSettingFilter.java:44) ~[classes/:na]
	at org.apache.catalina.core.ApplicationFilterChain.internalDoFilter(ApplicationFilterChain.java:189) ~[tomcat-embed-core-9.0.68.jar:9.0.68]
	at org.apache.catalina.core.ApplicationFilterChain.doFilter(ApplicationFilterChain.java:162) ~[tomcat-embed-core-9.0.68.jar:9.0.68]
	at com.easygofly.site.setting.SettingFilter.doFilter(SettingFilter.java:44) ~[classes/:na]
	at org.apache.catalina.core.ApplicationFilterChain.internalDoFilter(ApplicationFilterChain.java:189) ~[tomcat-embed-core-9.0.68.jar:9.0.68]
	at org.apache.catalina.core.ApplicationFilterChain.doFilter(ApplicationFilterChain.java:162) ~[tomcat-embed-core-9.0.68.jar:9.0.68]
	at org.springframework.web.servlet.resource.ResourceUrlEncodingFilter.doFilter(ResourceUrlEncodingFilter.java:67) ~[spring-webmvc-5.3.23.jar:5.3.23]
	at org.apache.catalina.core.ApplicationFilterChain.internalDoFilter(ApplicationFilterChain.java:189) ~[tomcat-embed-core-9.0.68.jar:9.0.68]
	at org.apache.catalina.core.ApplicationFilterChain.doFilter(ApplicationFilterChain.java:162) ~[tomcat-embed-core-9.0.68.jar:9.0.68]
	at org.springframework.security.web.FilterChainProxy$VirtualFilterChain.doFilter(FilterChainProxy.java:337) ~[spring-security-web-5.7.4.jar:5.7.4]
	at org.springframework.security.web.access.intercept.FilterSecurityInterceptor.invoke(FilterSecurityInterceptor.java:115) ~[spring-security-web-5.7.4.jar:5.7.4]
	at org.springframework.security.web.access.intercept.FilterSecurityInterceptor.doFilter(FilterSecurityInterceptor.java:81) ~[spring-security-web-5.7.4.jar:5.7.4]
	at org.springframework.security.web.FilterChainProxy$VirtualFilterChain.doFilter(FilterChainProxy.java:346) ~[spring-security-web-5.7.4.jar:5.7.4]
	at org.springframework.security.web.access.ExceptionTranslationFilter.doFilter(ExceptionTranslationFilter.java:122) ~[spring-security-web-5.7.4.jar:5.7.4]
	at org.springframework.security.web.access.ExceptionTranslationFilter.doFilter(ExceptionTranslationFilter.java:116) ~[spring-security-web-5.7.4.jar:5.7.4]
	at org.springframework.security.web.FilterChainProxy$VirtualFilterChain.doFilter(FilterChainProxy.java:346) ~[spring-security-web-5.7.4.jar:5.7.4]
	at org.springframework.security.web.session.SessionManagementFilter.doFilter(SessionManagementFilter.java:126) ~[spring-security-web-5.7.4.jar:5.7.4]
	at org.springframework.security.web.session.SessionManagementFilter.doFilter(SessionManagementFilter.java:81) ~[spring-security-web-5.7.4.jar:5.7.4]
	at org.springframework.security.web.FilterChainProxy$VirtualFilterChain.doFilter(FilterChainProxy.java:346) ~[spring-security-web-5.7.4.jar:5.7.4]
	at org.springframework.security.web.authentication.AnonymousAuthenticationFilter.doFilter(AnonymousAuthenticationFilter.java:109) ~[spring-security-web-5.7.4.jar:5.7.4]
	at org.springframework.security.web.FilterChainProxy$VirtualFilterChain.doFilter(FilterChainProxy.java:346) ~[spring-security-web-5.7.4.jar:5.7.4]
	at org.springframework.security.web.authentication.rememberme.RememberMeAuthenticationFilter.doFilter(RememberMeAuthenticationFilter.java:106) ~[spring-security-web-5.7.4.jar:5.7.4]
	at org.springframework.security.web.authentication.rememberme.RememberMeAuthenticationFilter.doFilter(RememberMeAuthenticationFilter.java:97) ~[spring-security-web-5.7.4.jar:5.7.4]
	at org.springframework.security.web.FilterChainProxy$VirtualFilterChain.doFilter(FilterChainProxy.java:346) ~[spring-security-web-5.7.4.jar:5.7.4]
	at org.springframework.security.web.servletapi.SecurityContextHolderAwareRequestFilter.doFilter(SecurityContextHolderAwareRequestFilter.java:149) ~[spring-security-web-5.7.4.jar:5.7.4]
	at org.springframework.security.web.FilterChainProxy$VirtualFilterChain.doFilter(FilterChainProxy.java:346) ~[spring-security-web-5.7.4.jar:5.7.4]
	at org.springframework.security.web.savedrequest.RequestCacheAwareFilter.doFilter(RequestCacheAwareFilter.java:63) ~[spring-security-web-5.7.4.jar:5.7.4]
	at org.springframework.security.web.FilterChainProxy$VirtualFilterChain.doFilter(FilterChainProxy.java:346) ~[spring-security-web-5.7.4.jar:5.7.4]
	at org.springframework.security.web.session.ConcurrentSessionFilter.doFilter(ConcurrentSessionFilter.java:147) ~[spring-security-web-5.7.4.jar:5.7.4]
	at org.springframework.security.web.session.ConcurrentSessionFilter.doFilter(ConcurrentSessionFilter.java:125) ~[spring-security-web-5.7.4.jar:5.7.4]
	at org.springframework.security.web.FilterChainProxy$VirtualFilterChain.doFilter(FilterChainProxy.java:346) ~[spring-security-web-5.7.4.jar:5.7.4]
	at org.springframework.security.web.authentication.AbstractAuthenticationProcessingFilter.doFilter(AbstractAuthenticationProcessingFilter.java:223) ~[spring-security-web-5.7.4.jar:5.7.4]
	at org.springframework.security.web.authentication.AbstractAuthenticationProcessingFilter.doFilter(AbstractAuthenticationProcessingFilter.java:217) ~[spring-security-web-5.7.4.jar:5.7.4]
	at org.springframework.security.web.FilterChainProxy$VirtualFilterChain.doFilter(FilterChainProxy.java:346) ~[spring-security-web-5.7.4.jar:5.7.4]
	at org.springframework.security.web.authentication.AbstractAuthenticationProcessingFilter.doFilter(AbstractAuthenticationProcessingFilter.java:223) ~[spring-security-web-5.7.4.jar:5.7.4]
	at org.springframework.security.web.authentication.AbstractAuthenticationProcessingFilter.doFilter(AbstractAuthenticationProcessingFilter.java:217) ~[spring-security-web-5.7.4.jar:5.7.4]
	at org.springframework.security.web.FilterChainProxy$VirtualFilterChain.doFilter(FilterChainProxy.java:346) ~[spring-security-web-5.7.4.jar:5.7.4]
	at org.springframework.security.oauth2.client.web.OAuth2AuthorizationRequestRedirectFilter.doFilterInternal(OAuth2AuthorizationRequestRedirectFilter.java:178) ~[spring-security-oauth2-client-5.7.4.jar:5.7.4]
	at org.springframework.web.filter.OncePerRequestFilter.doFilter(OncePerRequestFilter.java:117) ~[spring-web-5.3.23.jar:5.3.23]
	at org.springframework.security.web.FilterChainProxy$VirtualFilterChain.doFilter(FilterChainProxy.java:346) ~[spring-security-web-5.7.4.jar:5.7.4]
	at org.springframework.security.web.authentication.logout.LogoutFilter.doFilter(LogoutFilter.java:103) ~[spring-security-web-5.7.4.jar:5.7.4]
	at org.springframework.security.web.authentication.logout.LogoutFilter.doFilter(LogoutFilter.java:89) ~[spring-security-web-5.7.4.jar:5.7.4]
	at org.springframework.security.web.FilterChainProxy$VirtualFilterChain.doFilter(FilterChainProxy.java:346) ~[spring-security-web-5.7.4.jar:5.7.4]
	at org.springframework.web.filter.CorsFilter.doFilterInternal(CorsFilter.java:91) ~[spring-web-5.3.23.jar:5.3.23]
	at org.springframework.web.filter.OncePerRequestFilter.doFilter(OncePerRequestFilter.java:117) ~[spring-web-5.3.23.jar:5.3.23]
	at org.springframework.security.web.FilterChainProxy$VirtualFilterChain.doFilter(FilterChainProxy.java:346) ~[spring-security-web-5.7.4.jar:5.7.4]
	at org.springframework.security.web.header.HeaderWriterFilter.doHeadersAfter(HeaderWriterFilter.java:90) ~[spring-security-web-5.7.4.jar:5.7.4]
	at org.springframework.security.web.header.HeaderWriterFilter.doFilterInternal(HeaderWriterFilter.java:75) ~[spring-security-web-5.7.4.jar:5.7.4]
	at org.springframework.web.filter.OncePerRequestFilter.doFilter(OncePerRequestFilter.java:117) ~[spring-web-5.3.23.jar:5.3.23]
	at org.springframework.security.web.FilterChainProxy$VirtualFilterChain.doFilter(FilterChainProxy.java:346) ~[spring-security-web-5.7.4.jar:5.7.4]
	at org.springframework.security.web.context.SecurityContextPersistenceFilter.doFilter(SecurityContextPersistenceFilter.java:112) ~[spring-security-web-5.7.4.jar:5.7.4]
	at org.springframework.security.web.context.SecurityContextPersistenceFilter.doFilter(SecurityContextPersistenceFilter.java:82) ~[spring-security-web-5.7.4.jar:5.7.4]
	at org.springframework.security.web.FilterChainProxy$VirtualFilterChain.doFilter(FilterChainProxy.java:346) ~[spring-security-web-5.7.4.jar:5.7.4]
	at org.springframework.security.web.context.request.async.WebAsyncManagerIntegrationFilter.doFilterInternal(WebAsyncManagerIntegrationFilter.java:55) ~[spring-security-web-5.7.4.jar:5.7.4]
	at org.springframework.web.filter.OncePerRequestFilter.doFilter(OncePerRequestFilter.java:117) ~[spring-web-5.3.23.jar:5.3.23]
	at org.springframework.security.web.FilterChainProxy$VirtualFilterChain.doFilter(FilterChainProxy.java:346) ~[spring-security-web-5.7.4.jar:5.7.4]
	at org.springframework.security.web.session.DisableEncodeUrlFilter.doFilterInternal(DisableEncodeUrlFilter.java:42) ~[spring-security-web-5.7.4.jar:5.7.4]
	at org.springframework.web.filter.OncePerRequestFilter.doFilter(OncePerRequestFilter.java:117) ~[spring-web-5.3.23.jar:5.3.23]
	at org.springframework.security.web.FilterChainProxy$VirtualFilterChain.doFilter(FilterChainProxy.java:346) ~[spring-security-web-5.7.4.jar:5.7.4]
	at org.springframework.security.web.FilterChainProxy.doFilterInternal(FilterChainProxy.java:221) ~[spring-security-web-5.7.4.jar:5.7.4]
	at org.springframework.security.web.FilterChainProxy.doFilter(FilterChainProxy.java:186) ~[spring-security-web-5.7.4.jar:5.7.4]
	at org.springframework.web.filter.DelegatingFilterProxy.invokeDelegate(DelegatingFilterProxy.java:354) ~[spring-web-5.3.23.jar:5.3.23]
	at org.springframework.web.filter.DelegatingFilterProxy.doFilter(DelegatingFilterProxy.java:267) ~[spring-web-5.3.23.jar:5.3.23]
	at org.apache.catalina.core.ApplicationFilterChain.internalDoFilter(ApplicationFilterChain.java:189) ~[tomcat-embed-core-9.0.68.jar:9.0.68]
	at org.apache.catalina.core.ApplicationFilterChain.doFilter(ApplicationFilterChain.java:162) ~[tomcat-embed-core-9.0.68.jar:9.0.68]
	at org.springframework.web.filter.RequestContextFilter.doFilterInternal(RequestContextFilter.java:100) ~[spring-web-5.3.23.jar:5.3.23]
	at org.springframework.web.filter.OncePerRequestFilter.doFilter(OncePerRequestFilter.java:117) ~[spring-web-5.3.23.jar:5.3.23]
	at org.apache.catalina.core.ApplicationFilterChain.internalDoFilter(ApplicationFilterChain.java:189) ~[tomcat-embed-core-9.0.68.jar:9.0.68]
	at org.apache.catalina.core.ApplicationFilterChain.doFilter(ApplicationFilterChain.java:162) ~[tomcat-embed-core-9.0.68.jar:9.0.68]
	at org.springframework.web.filter.FormContentFilter.doFilterInternal(FormContentFilter.java:93) ~[spring-web-5.3.23.jar:5.3.23]
	at org.springframework.web.filter.OncePerRequestFilter.doFilter(OncePerRequestFilter.java:117) ~[spring-web-5.3.23.jar:5.3.23]
	at org.apache.catalina.core.ApplicationFilterChain.internalDoFilter(ApplicationFilterChain.java:189) ~[tomcat-embed-core-9.0.68.jar:9.0.68]
	at org.apache.catalina.core.ApplicationFilterChain.doFilter(ApplicationFilterChain.java:162) ~[tomcat-embed-core-9.0.68.jar:9.0.68]
	at org.springframework.web.filter.CharacterEncodingFilter.doFilterInternal(CharacterEncodingFilter.java:201) ~[spring-web-5.3.23.jar:5.3.23]
	at org.springframework.web.filter.OncePerRequestFilter.doFilter(OncePerRequestFilter.java:117) ~[spring-web-5.3.23.jar:5.3.23]
	at org.apache.catalina.core.ApplicationFilterChain.internalDoFilter(ApplicationFilterChain.java:189) ~[tomcat-embed-core-9.0.68.jar:9.0.68]
	at org.apache.catalina.core.ApplicationFilterChain.doFilter(ApplicationFilterChain.java:162) ~[tomcat-embed-core-9.0.68.jar:9.0.68]
	at org.apache.catalina.core.StandardWrapperValve.invoke(StandardWrapperValve.java:197) ~[tomcat-embed-core-9.0.68.jar:9.0.68]
	at org.apache.catalina.core.StandardContextValve.invoke(StandardContextValve.java:97) ~[tomcat-embed-core-9.0.68.jar:9.0.68]
	at org.apache.catalina.authenticator.AuthenticatorBase.invoke(AuthenticatorBase.java:541) ~[tomcat-embed-core-9.0.68.jar:9.0.68]
	at org.apache.catalina.core.StandardHostValve.invoke(StandardHostValve.java:135) ~[tomcat-embed-core-9.0.68.jar:9.0.68]
	at org.apache.catalina.valves.ErrorReportValve.invoke(ErrorReportValve.java:92) ~[tomcat-embed-core-9.0.68.jar:9.0.68]
	at org.apache.catalina.core.StandardEngineValve.invoke(StandardEngineValve.java:78) ~[tomcat-embed-core-9.0.68.jar:9.0.68]
	at org.apache.catalina.connector.CoyoteAdapter.service(CoyoteAdapter.java:360) ~[tomcat-embed-core-9.0.68.jar:9.0.68]
	at org.apache.coyote.http11.Http11Processor.service(Http11Processor.java:399) ~[tomcat-embed-core-9.0.68.jar:9.0.68]
	at org.apache.coyote.AbstractProcessorLight.process(AbstractProcessorLight.java:65) ~[tomcat-embed-core-9.0.68.jar:9.0.68]
	at org.apache.coyote.AbstractProtocol$ConnectionHandler.process(AbstractProtocol.java:893) ~[tomcat-embed-core-9.0.68.jar:9.0.68]
	at org.apache.tomcat.util.net.NioEndpoint$SocketProcessor.doRun(NioEndpoint.java:1789) ~[tomcat-embed-core-9.0.68.jar:9.0.68]
	at org.apache.tomcat.util.net.SocketProcessorBase.run(SocketProcessorBase.java:49) ~[tomcat-embed-core-9.0.68.jar:9.0.68]
	at org.apache.tomcat.util.threads.ThreadPoolExecutor.runWorker(ThreadPoolExecutor.java:1191) ~[tomcat-embed-core-9.0.68.jar:9.0.68]
	at org.apache.tomcat.util.threads.ThreadPoolExecutor$Worker.run(ThreadPoolExecutor.java:659) ~[tomcat-embed-core-9.0.68.jar:9.0.68]
	at org.apache.tomcat.util.threads.TaskThread$WrappingRunnable.run(TaskThread.java:61) ~[tomcat-embed-core-9.0.68.jar:9.0.68]
	at java.base/java.lang.Thread.run(Thread.java:833) ~[na:na]

2023-08-29 01:03:12.030 ERROR 15368 --- [http-nio-443-exec-7] o.a.c.c.C.[.[.[/].[dispatcherServlet]    : Servlet.service() for servlet [dispatcherServlet] in context with path [] threw exception

java.net.UnknownHostException: E
	at java.base/sun.nio.ch.NioSocketImpl.connect(NioSocketImpl.java:567) ~[na:na]
	at java.base/java.net.Socket.connect(Socket.java:633) ~[na:na]
	at java.base/sun.net.ftp.impl.FtpClient.doConnect(FtpClient.java:1045) ~[na:na]
	at java.base/sun.net.ftp.impl.FtpClient.tryConnect(FtpClient.java:1010) ~[na:na]
	at java.base/sun.net.ftp.impl.FtpClient.connect(FtpClient.java:1102) ~[na:na]
	at java.base/sun.net.ftp.impl.FtpClient.connect(FtpClient.java:1088) ~[na:na]
	at java.base/sun.net.www.protocol.ftp.FtpURLConnection.connect(FtpURLConnection.java:320) ~[na:na]
	at java.base/sun.net.www.protocol.ftp.FtpURLConnection.getInputStream(FtpURLConnection.java:426) ~[na:na]
	at org.springframework.core.io.UrlResource.getInputStream(UrlResource.java:187) ~[spring-core-5.3.23.jar:5.3.23]
	at org.springframework.http.converter.ResourceHttpMessageConverter.writeContent(ResourceHttpMessageConverter.java:137) ~[spring-web-5.3.23.jar:5.3.23]
	at org.springframework.http.converter.ResourceHttpMessageConverter.writeInternal(ResourceHttpMessageConverter.java:129) ~[spring-web-5.3.23.jar:5.3.23]
	at org.springframework.http.converter.ResourceHttpMessageConverter.writeInternal(ResourceHttpMessageConverter.java:45) ~[spring-web-5.3.23.jar:5.3.23]
	at org.springframework.http.converter.AbstractHttpMessageConverter.write(AbstractHttpMessageConverter.java:227) ~[spring-web-5.3.23.jar:5.3.23]
	at org.springframework.web.servlet.resource.ResourceHttpRequestHandler.handleRequest(ResourceHttpRequestHandler.java:590) ~[spring-webmvc-5.3.23.jar:5.3.23]
	at org.springframework.web.servlet.mvc.HttpRequestHandlerAdapter.handle(HttpRequestHandlerAdapter.java:52) ~[spring-webmvc-5.3.23.jar:5.3.23]
	at org.springframework.web.servlet.DispatcherServlet.doDispatch(DispatcherServlet.java:1071) ~[spring-webmvc-5.3.23.jar:5.3.23]
	at org.springframework.web.servlet.DispatcherServlet.doService(DispatcherServlet.java:964) ~[spring-webmvc-5.3.23.jar:5.3.23]
	at org.springframework.web.servlet.FrameworkServlet.processRequest(FrameworkServlet.java:1006) ~[spring-webmvc-5.3.23.jar:5.3.23]
	at org.springframework.web.servlet.FrameworkServlet.doGet(FrameworkServlet.java:898) ~[spring-webmvc-5.3.23.jar:5.3.23]
	at javax.servlet.http.HttpServlet.service(HttpServlet.java:645) ~[javax.servlet-api-4.0.1.jar:4.0.1]
	at org.springframework.web.servlet.FrameworkServlet.service(FrameworkServlet.java:883) ~[spring-webmvc-5.3.23.jar:5.3.23]
	at javax.servlet.http.HttpServlet.service(HttpServlet.java:750) ~[javax.servlet-api-4.0.1.jar:4.0.1]
	at org.apache.catalina.core.ApplicationFilterChain.internalDoFilter(ApplicationFilterChain.java:227) ~[tomcat-embed-core-9.0.68.jar:9.0.68]
	at org.apache.catalina.core.ApplicationFilterChain.doFilter(ApplicationFilterChain.java:162) ~[tomcat-embed-core-9.0.68.jar:9.0.68]
	at org.apache.tomcat.websocket.server.WsFilter.doFilter(WsFilter.java:53) ~[tomcat-embed-websocket-9.0.68.jar:9.0.68]
	at org.apache.catalina.core.ApplicationFilterChain.internalDoFilter(ApplicationFilterChain.java:189) ~[tomcat-embed-core-9.0.68.jar:9.0.68]
	at org.apache.catalina.core.ApplicationFilterChain.doFilter(ApplicationFilterChain.java:162) ~[tomcat-embed-core-9.0.68.jar:9.0.68]
	at org.springframework.web.filter.OncePerRequestFilter.doFilter(OncePerRequestFilter.java:111) ~[spring-web-5.3.23.jar:5.3.23]
	at org.apache.catalina.core.ApplicationFilterChain.internalDoFilter(ApplicationFilterChain.java:189) ~[tomcat-embed-core-9.0.68.jar:9.0.68]
	at org.apache.catalina.core.ApplicationFilterChain.doFilter(ApplicationFilterChain.java:162) ~[tomcat-embed-core-9.0.68.jar:9.0.68]
	at com.easygofly.site.setting.web.WebSettingFilter.doFilter(WebSettingFilter.java:33) ~[classes/:na]
	at org.apache.catalina.core.ApplicationFilterChain.internalDoFilter(ApplicationFilterChain.java:189) ~[tomcat-embed-core-9.0.68.jar:9.0.68]
	at org.apache.catalina.core.ApplicationFilterChain.doFilter(ApplicationFilterChain.java:162) ~[tomcat-embed-core-9.0.68.jar:9.0.68]
	at com.easygofly.site.setting.SettingFilter.doFilter(SettingFilter.java:33) ~[classes/:na]
	at org.apache.catalina.core.ApplicationFilterChain.internalDoFilter(ApplicationFilterChain.java:189) ~[tomcat-embed-core-9.0.68.jar:9.0.68]
	at org.apache.catalina.core.ApplicationFilterChain.doFilter(ApplicationFilterChain.java:162) ~[tomcat-embed-core-9.0.68.jar:9.0.68]
	at org.springframework.web.servlet.resource.ResourceUrlEncodingFilter.doFilter(ResourceUrlEncodingFilter.java:67) ~[spring-webmvc-5.3.23.jar:5.3.23]
	at org.apache.catalina.core.ApplicationFilterChain.internalDoFilter(ApplicationFilterChain.java:189) ~[tomcat-embed-core-9.0.68.jar:9.0.68]
	at org.apache.catalina.core.ApplicationFilterChain.doFilter(ApplicationFilterChain.java:162) ~[tomcat-embed-core-9.0.68.jar:9.0.68]
	at org.springframework.security.web.FilterChainProxy$VirtualFilterChain.doFilter(FilterChainProxy.java:337) ~[spring-security-web-5.7.4.jar:5.7.4]
	at org.springframework.security.web.access.intercept.FilterSecurityInterceptor.invoke(FilterSecurityInterceptor.java:115) ~[spring-security-web-5.7.4.jar:5.7.4]
	at org.springframework.security.web.access.intercept.FilterSecurityInterceptor.doFilter(FilterSecurityInterceptor.java:81) ~[spring-security-web-5.7.4.jar:5.7.4]
	at org.springframework.security.web.FilterChainProxy$VirtualFilterChain.doFilter(FilterChainProxy.java:346) ~[spring-security-web-5.7.4.jar:5.7.4]
	at org.springframework.security.web.access.ExceptionTranslationFilter.doFilter(ExceptionTranslationFilter.java:122) ~[spring-security-web-5.7.4.jar:5.7.4]
	at org.springframework.security.web.access.ExceptionTranslationFilter.doFilter(ExceptionTranslationFilter.java:116) ~[spring-security-web-5.7.4.jar:5.7.4]
	at org.springframework.security.web.FilterChainProxy$VirtualFilterChain.doFilter(FilterChainProxy.java:346) ~[spring-security-web-5.7.4.jar:5.7.4]
	at org.springframework.security.web.session.SessionManagementFilter.doFilter(SessionManagementFilter.java:126) ~[spring-security-web-5.7.4.jar:5.7.4]
	at org.springframework.security.web.session.SessionManagementFilter.doFilter(SessionManagementFilter.java:81) ~[spring-security-web-5.7.4.jar:5.7.4]
	at org.springframework.security.web.FilterChainProxy$VirtualFilterChain.doFilter(FilterChainProxy.java:346) ~[spring-security-web-5.7.4.jar:5.7.4]
	at org.springframework.security.web.authentication.AnonymousAuthenticationFilter.doFilter(AnonymousAuthenticationFilter.java:109) ~[spring-security-web-5.7.4.jar:5.7.4]
	at org.springframework.security.web.FilterChainProxy$VirtualFilterChain.doFilter(FilterChainProxy.java:346) ~[spring-security-web-5.7.4.jar:5.7.4]
	at org.springframework.security.web.authentication.rememberme.RememberMeAuthenticationFilter.doFilter(RememberMeAuthenticationFilter.java:106) ~[spring-security-web-5.7.4.jar:5.7.4]
	at org.springframework.security.web.authentication.rememberme.RememberMeAuthenticationFilter.doFilter(RememberMeAuthenticationFilter.java:97) ~[spring-security-web-5.7.4.jar:5.7.4]
	at org.springframework.security.web.FilterChainProxy$VirtualFilterChain.doFilter(FilterChainProxy.java:346) ~[spring-security-web-5.7.4.jar:5.7.4]
	at org.springframework.security.web.servletapi.SecurityContextHolderAwareRequestFilter.doFilter(SecurityContextHolderAwareRequestFilter.java:149) ~[spring-security-web-5.7.4.jar:5.7.4]
	at org.springframework.security.web.FilterChainProxy$VirtualFilterChain.doFilter(FilterChainProxy.java:346) ~[spring-security-web-5.7.4.jar:5.7.4]
	at org.springframework.security.web.savedrequest.RequestCacheAwareFilter.doFilter(RequestCacheAwareFilter.java:63) ~[spring-security-web-5.7.4.jar:5.7.4]
	at org.springframework.security.web.FilterChainProxy$VirtualFilterChain.doFilter(FilterChainProxy.java:346) ~[spring-security-web-5.7.4.jar:5.7.4]
	at org.springframework.security.web.session.ConcurrentSessionFilter.doFilter(ConcurrentSessionFilter.java:147) ~[spring-security-web-5.7.4.jar:5.7.4]
	at org.springframework.security.web.session.ConcurrentSessionFilter.doFilter(ConcurrentSessionFilter.java:125) ~[spring-security-web-5.7.4.jar:5.7.4]
	at org.springframework.security.web.FilterChainProxy$VirtualFilterChain.doFilter(FilterChainProxy.java:346) ~[spring-security-web-5.7.4.jar:5.7.4]
	at org.springframework.security.web.authentication.AbstractAuthenticationProcessingFilter.doFilter(AbstractAuthenticationProcessingFilter.java:223) ~[spring-security-web-5.7.4.jar:5.7.4]
	at org.springframework.security.web.authentication.AbstractAuthenticationProcessingFilter.doFilter(AbstractAuthenticationProcessingFilter.java:217) ~[spring-security-web-5.7.4.jar:5.7.4]
	at org.springframework.security.web.FilterChainProxy$VirtualFilterChain.doFilter(FilterChainProxy.java:346) ~[spring-security-web-5.7.4.jar:5.7.4]
	at org.springframework.security.web.authentication.AbstractAuthenticationProcessingFilter.doFilter(AbstractAuthenticationProcessingFilter.java:223) ~[spring-security-web-5.7.4.jar:5.7.4]
	at org.springframework.security.web.authentication.AbstractAuthenticationProcessingFilter.doFilter(AbstractAuthenticationProcessingFilter.java:217) ~[spring-security-web-5.7.4.jar:5.7.4]
	at org.springframework.security.web.FilterChainProxy$VirtualFilterChain.doFilter(FilterChainProxy.java:346) ~[spring-security-web-5.7.4.jar:5.7.4]
	at org.springframework.security.oauth2.client.web.OAuth2AuthorizationRequestRedirectFilter.doFilterInternal(OAuth2AuthorizationRequestRedirectFilter.java:178) ~[spring-security-oauth2-client-5.7.4.jar:5.7.4]
	at org.springframework.web.filter.OncePerRequestFilter.doFilter(OncePerRequestFilter.java:117) ~[spring-web-5.3.23.jar:5.3.23]
	at org.springframework.security.web.FilterChainProxy$VirtualFilterChain.doFilter(FilterChainProxy.java:346) ~[spring-security-web-5.7.4.jar:5.7.4]
	at org.springframework.security.web.authentication.logout.LogoutFilter.doFilter(LogoutFilter.java:103) ~[spring-security-web-5.7.4.jar:5.7.4]
	at org.springframework.security.web.authentication.logout.LogoutFilter.doFilter(LogoutFilter.java:89) ~[spring-security-web-5.7.4.jar:5.7.4]
	at org.springframework.security.web.FilterChainProxy$VirtualFilterChain.doFilter(FilterChainProxy.java:346) ~[spring-security-web-5.7.4.jar:5.7.4]
	at org.springframework.web.filter.CorsFilter.doFilterInternal(CorsFilter.java:91) ~[spring-web-5.3.23.jar:5.3.23]
	at org.springframework.web.filter.OncePerRequestFilter.doFilter(OncePerRequestFilter.java:117) ~[spring-web-5.3.23.jar:5.3.23]
	at org.springframework.security.web.FilterChainProxy$VirtualFilterChain.doFilter(FilterChainProxy.java:346) ~[spring-security-web-5.7.4.jar:5.7.4]
	at org.springframework.security.web.header.HeaderWriterFilter.doHeadersAfter(HeaderWriterFilter.java:90) ~[spring-security-web-5.7.4.jar:5.7.4]
	at org.springframework.security.web.header.HeaderWriterFilter.doFilterInternal(HeaderWriterFilter.java:75) ~[spring-security-web-5.7.4.jar:5.7.4]
	at org.springframework.web.filter.OncePerRequestFilter.doFilter(OncePerRequestFilter.java:117) ~[spring-web-5.3.23.jar:5.3.23]
	at org.springframework.security.web.FilterChainProxy$VirtualFilterChain.doFilter(FilterChainProxy.java:346) ~[spring-security-web-5.7.4.jar:5.7.4]
	at org.springframework.security.web.context.SecurityContextPersistenceFilter.doFilter(SecurityContextPersistenceFilter.java:112) ~[spring-security-web-5.7.4.jar:5.7.4]
	at org.springframework.security.web.context.SecurityContextPersistenceFilter.doFilter(SecurityContextPersistenceFilter.java:82) ~[spring-security-web-5.7.4.jar:5.7.4]
	at org.springframework.security.web.FilterChainProxy$VirtualFilterChain.doFilter(FilterChainProxy.java:346) ~[spring-security-web-5.7.4.jar:5.7.4]
	at org.springframework.security.web.context.request.async.WebAsyncManagerIntegrationFilter.doFilterInternal(WebAsyncManagerIntegrationFilter.java:55) ~[spring-security-web-5.7.4.jar:5.7.4]
	at org.springframework.web.filter.OncePerRequestFilter.doFilter(OncePerRequestFilter.java:117) ~[spring-web-5.3.23.jar:5.3.23]
	at org.springframework.security.web.FilterChainProxy$VirtualFilterChain.doFilter(FilterChainProxy.java:346) ~[spring-security-web-5.7.4.jar:5.7.4]
	at org.springframework.security.web.session.DisableEncodeUrlFilter.doFilterInternal(DisableEncodeUrlFilter.java:42) ~[spring-security-web-5.7.4.jar:5.7.4]
	at org.springframework.web.filter.OncePerRequestFilter.doFilter(OncePerRequestFilter.java:117) ~[spring-web-5.3.23.jar:5.3.23]
	at org.springframework.security.web.FilterChainProxy$VirtualFilterChain.doFilter(FilterChainProxy.java:346) ~[spring-security-web-5.7.4.jar:5.7.4]
	at org.springframework.security.web.FilterChainProxy.doFilterInternal(FilterChainProxy.java:221) ~[spring-security-web-5.7.4.jar:5.7.4]
	at org.springframework.security.web.FilterChainProxy.doFilter(FilterChainProxy.java:186) ~[spring-security-web-5.7.4.jar:5.7.4]
	at org.springframework.web.filter.DelegatingFilterProxy.invokeDelegate(DelegatingFilterProxy.java:354) ~[spring-web-5.3.23.jar:5.3.23]
	at org.springframework.web.filter.DelegatingFilterProxy.doFilter(DelegatingFilterProxy.java:267) ~[spring-web-5.3.23.jar:5.3.23]
	at org.apache.catalina.core.ApplicationFilterChain.internalDoFilter(ApplicationFilterChain.java:189) ~[tomcat-embed-core-9.0.68.jar:9.0.68]
	at org.apache.catalina.core.ApplicationFilterChain.doFilter(ApplicationFilterChain.java:162) ~[tomcat-embed-core-9.0.68.jar:9.0.68]
	at org.springframework.web.filter.RequestContextFilter.doFilterInternal(RequestContextFilter.java:100) ~[spring-web-5.3.23.jar:5.3.23]
	at org.springframework.web.filter.OncePerRequestFilter.doFilter(OncePerRequestFilter.java:117) ~[spring-web-5.3.23.jar:5.3.23]
	at org.apache.catalina.core.ApplicationFilterChain.internalDoFilter(ApplicationFilterChain.java:189) ~[tomcat-embed-core-9.0.68.jar:9.0.68]
	at org.apache.catalina.core.ApplicationFilterChain.doFilter(ApplicationFilterChain.java:162) ~[tomcat-embed-core-9.0.68.jar:9.0.68]
	at org.springframework.web.filter.FormContentFilter.doFilterInternal(FormContentFilter.java:93) ~[spring-web-5.3.23.jar:5.3.23]
	at org.springframework.web.filter.OncePerRequestFilter.doFilter(OncePerRequestFilter.java:117) ~[spring-web-5.3.23.jar:5.3.23]
	at org.apache.catalina.core.ApplicationFilterChain.internalDoFilter(ApplicationFilterChain.java:189) ~[tomcat-embed-core-9.0.68.jar:9.0.68]
	at org.apache.catalina.core.ApplicationFilterChain.doFilter(ApplicationFilterChain.java:162) ~[tomcat-embed-core-9.0.68.jar:9.0.68]
	at org.springframework.web.filter.CharacterEncodingFilter.doFilterInternal(CharacterEncodingFilter.java:201) ~[spring-web-5.3.23.jar:5.3.23]
	at org.springframework.web.filter.OncePerRequestFilter.doFilter(OncePerRequestFilter.java:117) ~[spring-web-5.3.23.jar:5.3.23]
	at org.apache.catalina.core.ApplicationFilterChain.internalDoFilter(ApplicationFilterChain.java:189) ~[tomcat-embed-core-9.0.68.jar:9.0.68]
	at org.apache.catalina.core.ApplicationFilterChain.doFilter(ApplicationFilterChain.java:162) ~[tomcat-embed-core-9.0.68.jar:9.0.68]
	at org.apache.catalina.core.StandardWrapperValve.invoke(StandardWrapperValve.java:197) ~[tomcat-embed-core-9.0.68.jar:9.0.68]
	at org.apache.catalina.core.StandardContextValve.invoke(StandardContextValve.java:97) ~[tomcat-embed-core-9.0.68.jar:9.0.68]
	at org.apache.catalina.authenticator.AuthenticatorBase.invoke(AuthenticatorBase.java:541) ~[tomcat-embed-core-9.0.68.jar:9.0.68]
	at org.apache.catalina.core.StandardHostValve.invoke(StandardHostValve.java:135) ~[tomcat-embed-core-9.0.68.jar:9.0.68]
	at org.apache.catalina.valves.ErrorReportValve.invoke(ErrorReportValve.java:92) ~[tomcat-embed-core-9.0.68.jar:9.0.68]
	at org.apache.catalina.core.StandardEngineValve.invoke(StandardEngineValve.java:78) ~[tomcat-embed-core-9.0.68.jar:9.0.68]
	at org.apache.catalina.connector.CoyoteAdapter.service(CoyoteAdapter.java:360) ~[tomcat-embed-core-9.0.68.jar:9.0.68]
	at org.apache.coyote.http11.Http11Processor.service(Http11Processor.java:399) ~[tomcat-embed-core-9.0.68.jar:9.0.68]
	at org.apache.coyote.AbstractProcessorLight.process(AbstractProcessorLight.java:65) ~[tomcat-embed-core-9.0.68.jar:9.0.68]
	at org.apache.coyote.AbstractProtocol$ConnectionHandler.process(AbstractProtocol.java:893) ~[tomcat-embed-core-9.0.68.jar:9.0.68]
	at org.apache.tomcat.util.net.NioEndpoint$SocketProcessor.doRun(NioEndpoint.java:1789) ~[tomcat-embed-core-9.0.68.jar:9.0.68]
	at org.apache.tomcat.util.net.SocketProcessorBase.run(SocketProcessorBase.java:49) ~[tomcat-embed-core-9.0.68.jar:9.0.68]
	at org.apache.tomcat.util.threads.ThreadPoolExecutor.runWorker(ThreadPoolExecutor.java:1191) ~[tomcat-embed-core-9.0.68.jar:9.0.68]
	at org.apache.tomcat.util.threads.ThreadPoolExecutor$Worker.run(ThreadPoolExecutor.java:659) ~[tomcat-embed-core-9.0.68.jar:9.0.68]
	at org.apache.tomcat.util.threads.TaskThread$WrappingRunnable.run(TaskThread.java:61) ~[tomcat-embed-core-9.0.68.jar:9.0.68]
	at java.base/java.lang.Thread.run(Thread.java:833) ~[na:na]

2023-08-29 01:03:12.085 ERROR 15368 --- [http-nio-443-exec-8] o.a.c.c.C.[.[.[/].[dispatcherServlet]    : Servlet.service() for servlet [dispatcherServlet] in context with path [] threw exception

java.net.UnknownHostException: E
	at java.base/sun.nio.ch.NioSocketImpl.connect(NioSocketImpl.java:567) ~[na:na]
	at java.base/java.net.Socket.connect(Socket.java:633) ~[na:na]
	at java.base/sun.net.ftp.impl.FtpClient.doConnect(FtpClient.java:1045) ~[na:na]
	at java.base/sun.net.ftp.impl.FtpClient.tryConnect(FtpClient.java:1010) ~[na:na]
	at java.base/sun.net.ftp.impl.FtpClient.connect(FtpClient.java:1102) ~[na:na]
	at java.base/sun.net.ftp.impl.FtpClient.connect(FtpClient.java:1088) ~[na:na]
	at java.base/sun.net.www.protocol.ftp.FtpURLConnection.connect(FtpURLConnection.java:320) ~[na:na]
	at java.base/sun.net.www.protocol.ftp.FtpURLConnection.getInputStream(FtpURLConnection.java:426) ~[na:na]
	at org.springframework.core.io.UrlResource.getInputStream(UrlResource.java:187) ~[spring-core-5.3.23.jar:5.3.23]
	at org.springframework.http.converter.ResourceHttpMessageConverter.writeContent(ResourceHttpMessageConverter.java:137) ~[spring-web-5.3.23.jar:5.3.23]
	at org.springframework.http.converter.ResourceHttpMessageConverter.writeInternal(ResourceHttpMessageConverter.java:129) ~[spring-web-5.3.23.jar:5.3.23]
	at org.springframework.http.converter.ResourceHttpMessageConverter.writeInternal(ResourceHttpMessageConverter.java:45) ~[spring-web-5.3.23.jar:5.3.23]
	at org.springframework.http.converter.AbstractHttpMessageConverter.write(AbstractHttpMessageConverter.java:227) ~[spring-web-5.3.23.jar:5.3.23]
	at org.springframework.web.servlet.resource.ResourceHttpRequestHandler.handleRequest(ResourceHttpRequestHandler.java:590) ~[spring-webmvc-5.3.23.jar:5.3.23]
	at org.springframework.web.servlet.mvc.HttpRequestHandlerAdapter.handle(HttpRequestHandlerAdapter.java:52) ~[spring-webmvc-5.3.23.jar:5.3.23]
	at org.springframework.web.servlet.DispatcherServlet.doDispatch(DispatcherServlet.java:1071) ~[spring-webmvc-5.3.23.jar:5.3.23]
	at org.springframework.web.servlet.DispatcherServlet.doService(DispatcherServlet.java:964) ~[spring-webmvc-5.3.23.jar:5.3.23]
	at org.springframework.web.servlet.FrameworkServlet.processRequest(FrameworkServlet.java:1006) ~[spring-webmvc-5.3.23.jar:5.3.23]
	at org.springframework.web.servlet.FrameworkServlet.doGet(FrameworkServlet.java:898) ~[spring-webmvc-5.3.23.jar:5.3.23]
	at javax.servlet.http.HttpServlet.service(HttpServlet.java:645) ~[javax.servlet-api-4.0.1.jar:4.0.1]
	at org.springframework.web.servlet.FrameworkServlet.service(FrameworkServlet.java:883) ~[spring-webmvc-5.3.23.jar:5.3.23]
	at javax.servlet.http.HttpServlet.service(HttpServlet.java:750) ~[javax.servlet-api-4.0.1.jar:4.0.1]
	at org.apache.catalina.core.ApplicationFilterChain.internalDoFilter(ApplicationFilterChain.java:227) ~[tomcat-embed-core-9.0.68.jar:9.0.68]
	at org.apache.catalina.core.ApplicationFilterChain.doFilter(ApplicationFilterChain.java:162) ~[tomcat-embed-core-9.0.68.jar:9.0.68]
	at org.apache.tomcat.websocket.server.WsFilter.doFilter(WsFilter.java:53) ~[tomcat-embed-websocket-9.0.68.jar:9.0.68]
	at org.apache.catalina.core.ApplicationFilterChain.internalDoFilter(ApplicationFilterChain.java:189) ~[tomcat-embed-core-9.0.68.jar:9.0.68]
	at org.apache.catalina.core.ApplicationFilterChain.doFilter(ApplicationFilterChain.java:162) ~[tomcat-embed-core-9.0.68.jar:9.0.68]
	at org.springframework.web.filter.OncePerRequestFilter.doFilter(OncePerRequestFilter.java:111) ~[spring-web-5.3.23.jar:5.3.23]
	at org.apache.catalina.core.ApplicationFilterChain.internalDoFilter(ApplicationFilterChain.java:189) ~[tomcat-embed-core-9.0.68.jar:9.0.68]
	at org.apache.catalina.core.ApplicationFilterChain.doFilter(ApplicationFilterChain.java:162) ~[tomcat-embed-core-9.0.68.jar:9.0.68]
	at com.easygofly.site.setting.web.WebSettingFilter.doFilter(WebSettingFilter.java:33) ~[classes/:na]
	at org.apache.catalina.core.ApplicationFilterChain.internalDoFilter(ApplicationFilterChain.java:189) ~[tomcat-embed-core-9.0.68.jar:9.0.68]
	at org.apache.catalina.core.ApplicationFilterChain.doFilter(ApplicationFilterChain.java:162) ~[tomcat-embed-core-9.0.68.jar:9.0.68]
	at com.easygofly.site.setting.SettingFilter.doFilter(SettingFilter.java:33) ~[classes/:na]
	at org.apache.catalina.core.ApplicationFilterChain.internalDoFilter(ApplicationFilterChain.java:189) ~[tomcat-embed-core-9.0.68.jar:9.0.68]
	at org.apache.catalina.core.ApplicationFilterChain.doFilter(ApplicationFilterChain.java:162) ~[tomcat-embed-core-9.0.68.jar:9.0.68]
	at org.springframework.web.servlet.resource.ResourceUrlEncodingFilter.doFilter(ResourceUrlEncodingFilter.java:67) ~[spring-webmvc-5.3.23.jar:5.3.23]
	at org.apache.catalina.core.ApplicationFilterChain.internalDoFilter(ApplicationFilterChain.java:189) ~[tomcat-embed-core-9.0.68.jar:9.0.68]
	at org.apache.catalina.core.ApplicationFilterChain.doFilter(ApplicationFilterChain.java:162) ~[tomcat-embed-core-9.0.68.jar:9.0.68]
	at org.springframework.security.web.FilterChainProxy$VirtualFilterChain.doFilter(FilterChainProxy.java:337) ~[spring-security-web-5.7.4.jar:5.7.4]
	at org.springframework.security.web.access.intercept.FilterSecurityInterceptor.invoke(FilterSecurityInterceptor.java:115) ~[spring-security-web-5.7.4.jar:5.7.4]
	at org.springframework.security.web.access.intercept.FilterSecurityInterceptor.doFilter(FilterSecurityInterceptor.java:81) ~[spring-security-web-5.7.4.jar:5.7.4]
	at org.springframework.security.web.FilterChainProxy$VirtualFilterChain.doFilter(FilterChainProxy.java:346) ~[spring-security-web-5.7.4.jar:5.7.4]
	at org.springframework.security.web.access.ExceptionTranslationFilter.doFilter(ExceptionTranslationFilter.java:122) ~[spring-security-web-5.7.4.jar:5.7.4]
	at org.springframework.security.web.access.ExceptionTranslationFilter.doFilter(ExceptionTranslationFilter.java:116) ~[spring-security-web-5.7.4.jar:5.7.4]
	at org.springframework.security.web.FilterChainProxy$VirtualFilterChain.doFilter(FilterChainProxy.java:346) ~[spring-security-web-5.7.4.jar:5.7.4]
	at org.springframework.security.web.session.SessionManagementFilter.doFilter(SessionManagementFilter.java:126) ~[spring-security-web-5.7.4.jar:5.7.4]
	at org.springframework.security.web.session.SessionManagementFilter.doFilter(SessionManagementFilter.java:81) ~[spring-security-web-5.7.4.jar:5.7.4]
	at org.springframework.security.web.FilterChainProxy$VirtualFilterChain.doFilter(FilterChainProxy.java:346) ~[spring-security-web-5.7.4.jar:5.7.4]
	at org.springframework.security.web.authentication.AnonymousAuthenticationFilter.doFilter(AnonymousAuthenticationFilter.java:109) ~[spring-security-web-5.7.4.jar:5.7.4]
	at org.springframework.security.web.FilterChainProxy$VirtualFilterChain.doFilter(FilterChainProxy.java:346) ~[spring-security-web-5.7.4.jar:5.7.4]
	at org.springframework.security.web.authentication.rememberme.RememberMeAuthenticationFilter.doFilter(RememberMeAuthenticationFilter.java:106) ~[spring-security-web-5.7.4.jar:5.7.4]
	at org.springframework.security.web.authentication.rememberme.RememberMeAuthenticationFilter.doFilter(RememberMeAuthenticationFilter.java:97) ~[spring-security-web-5.7.4.jar:5.7.4]
	at org.springframework.security.web.FilterChainProxy$VirtualFilterChain.doFilter(FilterChainProxy.java:346) ~[spring-security-web-5.7.4.jar:5.7.4]
	at org.springframework.security.web.servletapi.SecurityContextHolderAwareRequestFilter.doFilter(SecurityContextHolderAwareRequestFilter.java:149) ~[spring-security-web-5.7.4.jar:5.7.4]
	at org.springframework.security.web.FilterChainProxy$VirtualFilterChain.doFilter(FilterChainProxy.java:346) ~[spring-security-web-5.7.4.jar:5.7.4]
	at org.springframework.security.web.savedrequest.RequestCacheAwareFilter.doFilter(RequestCacheAwareFilter.java:63) ~[spring-security-web-5.7.4.jar:5.7.4]
	at org.springframework.security.web.FilterChainProxy$VirtualFilterChain.doFilter(FilterChainProxy.java:346) ~[spring-security-web-5.7.4.jar:5.7.4]
	at org.springframework.security.web.session.ConcurrentSessionFilter.doFilter(ConcurrentSessionFilter.java:147) ~[spring-security-web-5.7.4.jar:5.7.4]
	at org.springframework.security.web.session.ConcurrentSessionFilter.doFilter(ConcurrentSessionFilter.java:125) ~[spring-security-web-5.7.4.jar:5.7.4]
	at org.springframework.security.web.FilterChainProxy$VirtualFilterChain.doFilter(FilterChainProxy.java:346) ~[spring-security-web-5.7.4.jar:5.7.4]
	at org.springframework.security.web.authentication.AbstractAuthenticationProcessingFilter.doFilter(AbstractAuthenticationProcessingFilter.java:223) ~[spring-security-web-5.7.4.jar:5.7.4]
	at org.springframework.security.web.authentication.AbstractAuthenticationProcessingFilter.doFilter(AbstractAuthenticationProcessingFilter.java:217) ~[spring-security-web-5.7.4.jar:5.7.4]
	at org.springframework.security.web.FilterChainProxy$VirtualFilterChain.doFilter(FilterChainProxy.java:346) ~[spring-security-web-5.7.4.jar:5.7.4]
	at org.springframework.security.web.authentication.AbstractAuthenticationProcessingFilter.doFilter(AbstractAuthenticationProcessingFilter.java:223) ~[spring-security-web-5.7.4.jar:5.7.4]
	at org.springframework.security.web.authentication.AbstractAuthenticationProcessingFilter.doFilter(AbstractAuthenticationProcessingFilter.java:217) ~[spring-security-web-5.7.4.jar:5.7.4]
	at org.springframework.security.web.FilterChainProxy$VirtualFilterChain.doFilter(FilterChainProxy.java:346) ~[spring-security-web-5.7.4.jar:5.7.4]
	at org.springframework.security.oauth2.client.web.OAuth2AuthorizationRequestRedirectFilter.doFilterInternal(OAuth2AuthorizationRequestRedirectFilter.java:178) ~[spring-security-oauth2-client-5.7.4.jar:5.7.4]
	at org.springframework.web.filter.OncePerRequestFilter.doFilter(OncePerRequestFilter.java:117) ~[spring-web-5.3.23.jar:5.3.23]
	at org.springframework.security.web.FilterChainProxy$VirtualFilterChain.doFilter(FilterChainProxy.java:346) ~[spring-security-web-5.7.4.jar:5.7.4]
	at org.springframework.security.web.authentication.logout.LogoutFilter.doFilter(LogoutFilter.java:103) ~[spring-security-web-5.7.4.jar:5.7.4]
	at org.springframework.security.web.authentication.logout.LogoutFilter.doFilter(LogoutFilter.java:89) ~[spring-security-web-5.7.4.jar:5.7.4]
	at org.springframework.security.web.FilterChainProxy$VirtualFilterChain.doFilter(FilterChainProxy.java:346) ~[spring-security-web-5.7.4.jar:5.7.4]
	at org.springframework.web.filter.CorsFilter.doFilterInternal(CorsFilter.java:91) ~[spring-web-5.3.23.jar:5.3.23]
	at org.springframework.web.filter.OncePerRequestFilter.doFilter(OncePerRequestFilter.java:117) ~[spring-web-5.3.23.jar:5.3.23]
	at org.springframework.security.web.FilterChainProxy$VirtualFilterChain.doFilter(FilterChainProxy.java:346) ~[spring-security-web-5.7.4.jar:5.7.4]
	at org.springframework.security.web.header.HeaderWriterFilter.doHeadersAfter(HeaderWriterFilter.java:90) ~[spring-security-web-5.7.4.jar:5.7.4]
	at org.springframework.security.web.header.HeaderWriterFilter.doFilterInternal(HeaderWriterFilter.java:75) ~[spring-security-web-5.7.4.jar:5.7.4]
	at org.springframework.web.filter.OncePerRequestFilter.doFilter(OncePerRequestFilter.java:117) ~[spring-web-5.3.23.jar:5.3.23]
	at org.springframework.security.web.FilterChainProxy$VirtualFilterChain.doFilter(FilterChainProxy.java:346) ~[spring-security-web-5.7.4.jar:5.7.4]
	at org.springframework.security.web.context.SecurityContextPersistenceFilter.doFilter(SecurityContextPersistenceFilter.java:112) ~[spring-security-web-5.7.4.jar:5.7.4]
	at org.springframework.security.web.context.SecurityContextPersistenceFilter.doFilter(SecurityContextPersistenceFilter.java:82) ~[spring-security-web-5.7.4.jar:5.7.4]
	at org.springframework.security.web.FilterChainProxy$VirtualFilterChain.doFilter(FilterChainProxy.java:346) ~[spring-security-web-5.7.4.jar:5.7.4]
	at org.springframework.security.web.context.request.async.WebAsyncManagerIntegrationFilter.doFilterInternal(WebAsyncManagerIntegrationFilter.java:55) ~[spring-security-web-5.7.4.jar:5.7.4]
	at org.springframework.web.filter.OncePerRequestFilter.doFilter(OncePerRequestFilter.java:117) ~[spring-web-5.3.23.jar:5.3.23]
	at org.springframework.security.web.FilterChainProxy$VirtualFilterChain.doFilter(FilterChainProxy.java:346) ~[spring-security-web-5.7.4.jar:5.7.4]
	at org.springframework.security.web.session.DisableEncodeUrlFilter.doFilterInternal(DisableEncodeUrlFilter.java:42) ~[spring-security-web-5.7.4.jar:5.7.4]
	at org.springframework.web.filter.OncePerRequestFilter.doFilter(OncePerRequestFilter.java:117) ~[spring-web-5.3.23.jar:5.3.23]
	at org.springframework.security.web.FilterChainProxy$VirtualFilterChain.doFilter(FilterChainProxy.java:346) ~[spring-security-web-5.7.4.jar:5.7.4]
	at org.springframework.security.web.FilterChainProxy.doFilterInternal(FilterChainProxy.java:221) ~[spring-security-web-5.7.4.jar:5.7.4]
	at org.springframework.security.web.FilterChainProxy.doFilter(FilterChainProxy.java:186) ~[spring-security-web-5.7.4.jar:5.7.4]
	at org.springframework.web.filter.DelegatingFilterProxy.invokeDelegate(DelegatingFilterProxy.java:354) ~[spring-web-5.3.23.jar:5.3.23]
	at org.springframework.web.filter.DelegatingFilterProxy.doFilter(DelegatingFilterProxy.java:267) ~[spring-web-5.3.23.jar:5.3.23]
	at org.apache.catalina.core.ApplicationFilterChain.internalDoFilter(ApplicationFilterChain.java:189) ~[tomcat-embed-core-9.0.68.jar:9.0.68]
	at org.apache.catalina.core.ApplicationFilterChain.doFilter(ApplicationFilterChain.java:162) ~[tomcat-embed-core-9.0.68.jar:9.0.68]
	at org.springframework.web.filter.RequestContextFilter.doFilterInternal(RequestContextFilter.java:100) ~[spring-web-5.3.23.jar:5.3.23]
	at org.springframework.web.filter.OncePerRequestFilter.doFilter(OncePerRequestFilter.java:117) ~[spring-web-5.3.23.jar:5.3.23]
	at org.apache.catalina.core.ApplicationFilterChain.internalDoFilter(ApplicationFilterChain.java:189) ~[tomcat-embed-core-9.0.68.jar:9.0.68]
	at org.apache.catalina.core.ApplicationFilterChain.doFilter(ApplicationFilterChain.java:162) ~[tomcat-embed-core-9.0.68.jar:9.0.68]
	at org.springframework.web.filter.FormContentFilter.doFilterInternal(FormContentFilter.java:93) ~[spring-web-5.3.23.jar:5.3.23]
	at org.springframework.web.filter.OncePerRequestFilter.doFilter(OncePerRequestFilter.java:117) ~[spring-web-5.3.23.jar:5.3.23]
	at org.apache.catalina.core.ApplicationFilterChain.internalDoFilter(ApplicationFilterChain.java:189) ~[tomcat-embed-core-9.0.68.jar:9.0.68]
	at org.apache.catalina.core.ApplicationFilterChain.doFilter(ApplicationFilterChain.java:162) ~[tomcat-embed-core-9.0.68.jar:9.0.68]
	at org.springframework.web.filter.CharacterEncodingFilter.doFilterInternal(CharacterEncodingFilter.java:201) ~[spring-web-5.3.23.jar:5.3.23]
	at org.springframework.web.filter.OncePerRequestFilter.doFilter(OncePerRequestFilter.java:117) ~[spring-web-5.3.23.jar:5.3.23]
	at org.apache.catalina.core.ApplicationFilterChain.internalDoFilter(ApplicationFilterChain.java:189) ~[tomcat-embed-core-9.0.68.jar:9.0.68]
	at org.apache.catalina.core.ApplicationFilterChain.doFilter(ApplicationFilterChain.java:162) ~[tomcat-embed-core-9.0.68.jar:9.0.68]
	at org.apache.catalina.core.StandardWrapperValve.invoke(StandardWrapperValve.java:197) ~[tomcat-embed-core-9.0.68.jar:9.0.68]
	at org.apache.catalina.core.StandardContextValve.invoke(StandardContextValve.java:97) ~[tomcat-embed-core-9.0.68.jar:9.0.68]
	at org.apache.catalina.authenticator.AuthenticatorBase.invoke(AuthenticatorBase.java:541) ~[tomcat-embed-core-9.0.68.jar:9.0.68]
	at org.apache.catalina.core.StandardHostValve.invoke(StandardHostValve.java:135) ~[tomcat-embed-core-9.0.68.jar:9.0.68]
	at org.apache.catalina.valves.ErrorReportValve.invoke(ErrorReportValve.java:92) ~[tomcat-embed-core-9.0.68.jar:9.0.68]
	at org.apache.catalina.core.StandardEngineValve.invoke(StandardEngineValve.java:78) ~[tomcat-embed-core-9.0.68.jar:9.0.68]
	at org.apache.catalina.connector.CoyoteAdapter.service(CoyoteAdapter.java:360) ~[tomcat-embed-core-9.0.68.jar:9.0.68]
	at org.apache.coyote.http11.Http11Processor.service(Http11Processor.java:399) ~[tomcat-embed-core-9.0.68.jar:9.0.68]
	at org.apache.coyote.AbstractProcessorLight.process(AbstractProcessorLight.java:65) ~[tomcat-embed-core-9.0.68.jar:9.0.68]
	at org.apache.coyote.AbstractProtocol$ConnectionHandler.process(AbstractProtocol.java:893) ~[tomcat-embed-core-9.0.68.jar:9.0.68]
	at org.apache.tomcat.util.net.NioEndpoint$SocketProcessor.doRun(NioEndpoint.java:1789) ~[tomcat-embed-core-9.0.68.jar:9.0.68]
	at org.apache.tomcat.util.net.SocketProcessorBase.run(SocketProcessorBase.java:49) ~[tomcat-embed-core-9.0.68.jar:9.0.68]
	at org.apache.tomcat.util.threads.ThreadPoolExecutor.runWorker(ThreadPoolExecutor.java:1191) ~[tomcat-embed-core-9.0.68.jar:9.0.68]
	at org.apache.tomcat.util.threads.ThreadPoolExecutor$Worker.run(ThreadPoolExecutor.java:659) ~[tomcat-embed-core-9.0.68.jar:9.0.68]
	at org.apache.tomcat.util.threads.TaskThread$WrappingRunnable.run(TaskThread.java:61) ~[tomcat-embed-core-9.0.68.jar:9.0.68]
	at java.base/java.lang.Thread.run(Thread.java:833) ~[na:na]

2023-08-29 01:05:18.666 ERROR 15368 --- [http-nio-443-exec-8] o.a.c.c.C.[.[.[/].[dispatcherServlet]    : Servlet.service() for servlet [dispatcherServlet] in context with path [] threw exception

java.net.UnknownHostException: E
	at java.base/sun.nio.ch.NioSocketImpl.connect(NioSocketImpl.java:567) ~[na:na]
	at java.base/java.net.Socket.connect(Socket.java:633) ~[na:na]
	at java.base/sun.net.ftp.impl.FtpClient.doConnect(FtpClient.java:1045) ~[na:na]
	at java.base/sun.net.ftp.impl.FtpClient.tryConnect(FtpClient.java:1010) ~[na:na]
	at java.base/sun.net.ftp.impl.FtpClient.connect(FtpClient.java:1102) ~[na:na]
	at java.base/sun.net.ftp.impl.FtpClient.connect(FtpClient.java:1088) ~[na:na]
	at java.base/sun.net.www.protocol.ftp.FtpURLConnection.connect(FtpURLConnection.java:320) ~[na:na]
	at java.base/sun.net.www.protocol.ftp.FtpURLConnection.getInputStream(FtpURLConnection.java:426) ~[na:na]
	at org.springframework.core.io.UrlResource.getInputStream(UrlResource.java:187) ~[spring-core-5.3.23.jar:5.3.23]
	at org.springframework.http.converter.ResourceHttpMessageConverter.writeContent(ResourceHttpMessageConverter.java:137) ~[spring-web-5.3.23.jar:5.3.23]
	at org.springframework.http.converter.ResourceHttpMessageConverter.writeInternal(ResourceHttpMessageConverter.java:129) ~[spring-web-5.3.23.jar:5.3.23]
	at org.springframework.http.converter.ResourceHttpMessageConverter.writeInternal(ResourceHttpMessageConverter.java:45) ~[spring-web-5.3.23.jar:5.3.23]
	at org.springframework.http.converter.AbstractHttpMessageConverter.write(AbstractHttpMessageConverter.java:227) ~[spring-web-5.3.23.jar:5.3.23]
	at org.springframework.web.servlet.resource.ResourceHttpRequestHandler.handleRequest(ResourceHttpRequestHandler.java:590) ~[spring-webmvc-5.3.23.jar:5.3.23]
	at org.springframework.web.servlet.mvc.HttpRequestHandlerAdapter.handle(HttpRequestHandlerAdapter.java:52) ~[spring-webmvc-5.3.23.jar:5.3.23]
	at org.springframework.web.servlet.DispatcherServlet.doDispatch(DispatcherServlet.java:1071) ~[spring-webmvc-5.3.23.jar:5.3.23]
	at org.springframework.web.servlet.DispatcherServlet.doService(DispatcherServlet.java:964) ~[spring-webmvc-5.3.23.jar:5.3.23]
	at org.springframework.web.servlet.FrameworkServlet.processRequest(FrameworkServlet.java:1006) ~[spring-webmvc-5.3.23.jar:5.3.23]
	at org.springframework.web.servlet.FrameworkServlet.doGet(FrameworkServlet.java:898) ~[spring-webmvc-5.3.23.jar:5.3.23]
	at javax.servlet.http.HttpServlet.service(HttpServlet.java:645) ~[javax.servlet-api-4.0.1.jar:4.0.1]
	at org.springframework.web.servlet.FrameworkServlet.service(FrameworkServlet.java:883) ~[spring-webmvc-5.3.23.jar:5.3.23]
	at javax.servlet.http.HttpServlet.service(HttpServlet.java:750) ~[javax.servlet-api-4.0.1.jar:4.0.1]
	at org.apache.catalina.core.ApplicationFilterChain.internalDoFilter(ApplicationFilterChain.java:227) ~[tomcat-embed-core-9.0.68.jar:9.0.68]
	at org.apache.catalina.core.ApplicationFilterChain.doFilter(ApplicationFilterChain.java:162) ~[tomcat-embed-core-9.0.68.jar:9.0.68]
	at org.apache.tomcat.websocket.server.WsFilter.doFilter(WsFilter.java:53) ~[tomcat-embed-websocket-9.0.68.jar:9.0.68]
	at org.apache.catalina.core.ApplicationFilterChain.internalDoFilter(ApplicationFilterChain.java:189) ~[tomcat-embed-core-9.0.68.jar:9.0.68]
	at org.apache.catalina.core.ApplicationFilterChain.doFilter(ApplicationFilterChain.java:162) ~[tomcat-embed-core-9.0.68.jar:9.0.68]
	at org.springframework.web.filter.OncePerRequestFilter.doFilter(OncePerRequestFilter.java:111) ~[spring-web-5.3.23.jar:5.3.23]
	at org.apache.catalina.core.ApplicationFilterChain.internalDoFilter(ApplicationFilterChain.java:189) ~[tomcat-embed-core-9.0.68.jar:9.0.68]
	at org.apache.catalina.core.ApplicationFilterChain.doFilter(ApplicationFilterChain.java:162) ~[tomcat-embed-core-9.0.68.jar:9.0.68]
	at com.easygofly.site.setting.web.WebSettingFilter.doFilter(WebSettingFilter.java:33) ~[classes/:na]
	at org.apache.catalina.core.ApplicationFilterChain.internalDoFilter(ApplicationFilterChain.java:189) ~[tomcat-embed-core-9.0.68.jar:9.0.68]
	at org.apache.catalina.core.ApplicationFilterChain.doFilter(ApplicationFilterChain.java:162) ~[tomcat-embed-core-9.0.68.jar:9.0.68]
	at com.easygofly.site.setting.SettingFilter.doFilter(SettingFilter.java:33) ~[classes/:na]
	at org.apache.catalina.core.ApplicationFilterChain.internalDoFilter(ApplicationFilterChain.java:189) ~[tomcat-embed-core-9.0.68.jar:9.0.68]
	at org.apache.catalina.core.ApplicationFilterChain.doFilter(ApplicationFilterChain.java:162) ~[tomcat-embed-core-9.0.68.jar:9.0.68]
	at org.springframework.web.servlet.resource.ResourceUrlEncodingFilter.doFilter(ResourceUrlEncodingFilter.java:67) ~[spring-webmvc-5.3.23.jar:5.3.23]
	at org.apache.catalina.core.ApplicationFilterChain.internalDoFilter(ApplicationFilterChain.java:189) ~[tomcat-embed-core-9.0.68.jar:9.0.68]
	at org.apache.catalina.core.ApplicationFilterChain.doFilter(ApplicationFilterChain.java:162) ~[tomcat-embed-core-9.0.68.jar:9.0.68]
	at org.springframework.security.web.FilterChainProxy$VirtualFilterChain.doFilter(FilterChainProxy.java:337) ~[spring-security-web-5.7.4.jar:5.7.4]
	at org.springframework.security.web.access.intercept.FilterSecurityInterceptor.invoke(FilterSecurityInterceptor.java:115) ~[spring-security-web-5.7.4.jar:5.7.4]
	at org.springframework.security.web.access.intercept.FilterSecurityInterceptor.doFilter(FilterSecurityInterceptor.java:81) ~[spring-security-web-5.7.4.jar:5.7.4]
	at org.springframework.security.web.FilterChainProxy$VirtualFilterChain.doFilter(FilterChainProxy.java:346) ~[spring-security-web-5.7.4.jar:5.7.4]
	at org.springframework.security.web.access.ExceptionTranslationFilter.doFilter(ExceptionTranslationFilter.java:122) ~[spring-security-web-5.7.4.jar:5.7.4]
	at org.springframework.security.web.access.ExceptionTranslationFilter.doFilter(ExceptionTranslationFilter.java:116) ~[spring-security-web-5.7.4.jar:5.7.4]
	at org.springframework.security.web.FilterChainProxy$VirtualFilterChain.doFilter(FilterChainProxy.java:346) ~[spring-security-web-5.7.4.jar:5.7.4]
	at org.springframework.security.web.session.SessionManagementFilter.doFilter(SessionManagementFilter.java:126) ~[spring-security-web-5.7.4.jar:5.7.4]
	at org.springframework.security.web.session.SessionManagementFilter.doFilter(SessionManagementFilter.java:81) ~[spring-security-web-5.7.4.jar:5.7.4]
	at org.springframework.security.web.FilterChainProxy$VirtualFilterChain.doFilter(FilterChainProxy.java:346) ~[spring-security-web-5.7.4.jar:5.7.4]
	at org.springframework.security.web.authentication.AnonymousAuthenticationFilter.doFilter(AnonymousAuthenticationFilter.java:109) ~[spring-security-web-5.7.4.jar:5.7.4]
	at org.springframework.security.web.FilterChainProxy$VirtualFilterChain.doFilter(FilterChainProxy.java:346) ~[spring-security-web-5.7.4.jar:5.7.4]
	at org.springframework.security.web.authentication.rememberme.RememberMeAuthenticationFilter.doFilter(RememberMeAuthenticationFilter.java:106) ~[spring-security-web-5.7.4.jar:5.7.4]
	at org.springframework.security.web.authentication.rememberme.RememberMeAuthenticationFilter.doFilter(RememberMeAuthenticationFilter.java:97) ~[spring-security-web-5.7.4.jar:5.7.4]
	at org.springframework.security.web.FilterChainProxy$VirtualFilterChain.doFilter(FilterChainProxy.java:346) ~[spring-security-web-5.7.4.jar:5.7.4]
	at org.springframework.security.web.servletapi.SecurityContextHolderAwareRequestFilter.doFilter(SecurityContextHolderAwareRequestFilter.java:149) ~[spring-security-web-5.7.4.jar:5.7.4]
	at org.springframework.security.web.FilterChainProxy$VirtualFilterChain.doFilter(FilterChainProxy.java:346) ~[spring-security-web-5.7.4.jar:5.7.4]
	at org.springframework.security.web.savedrequest.RequestCacheAwareFilter.doFilter(RequestCacheAwareFilter.java:63) ~[spring-security-web-5.7.4.jar:5.7.4]
	at org.springframework.security.web.FilterChainProxy$VirtualFilterChain.doFilter(FilterChainProxy.java:346) ~[spring-security-web-5.7.4.jar:5.7.4]
	at org.springframework.security.web.session.ConcurrentSessionFilter.doFilter(ConcurrentSessionFilter.java:147) ~[spring-security-web-5.7.4.jar:5.7.4]
	at org.springframework.security.web.session.ConcurrentSessionFilter.doFilter(ConcurrentSessionFilter.java:125) ~[spring-security-web-5.7.4.jar:5.7.4]
	at org.springframework.security.web.FilterChainProxy$VirtualFilterChain.doFilter(FilterChainProxy.java:346) ~[spring-security-web-5.7.4.jar:5.7.4]
	at org.springframework.security.web.authentication.AbstractAuthenticationProcessingFilter.doFilter(AbstractAuthenticationProcessingFilter.java:223) ~[spring-security-web-5.7.4.jar:5.7.4]
	at org.springframework.security.web.authentication.AbstractAuthenticationProcessingFilter.doFilter(AbstractAuthenticationProcessingFilter.java:217) ~[spring-security-web-5.7.4.jar:5.7.4]
	at org.springframework.security.web.FilterChainProxy$VirtualFilterChain.doFilter(FilterChainProxy.java:346) ~[spring-security-web-5.7.4.jar:5.7.4]
	at org.springframework.security.web.authentication.AbstractAuthenticationProcessingFilter.doFilter(AbstractAuthenticationProcessingFilter.java:223) ~[spring-security-web-5.7.4.jar:5.7.4]
	at org.springframework.security.web.authentication.AbstractAuthenticationProcessingFilter.doFilter(AbstractAuthenticationProcessingFilter.java:217) ~[spring-security-web-5.7.4.jar:5.7.4]
	at org.springframework.security.web.FilterChainProxy$VirtualFilterChain.doFilter(FilterChainProxy.java:346) ~[spring-security-web-5.7.4.jar:5.7.4]
	at org.springframework.security.oauth2.client.web.OAuth2AuthorizationRequestRedirectFilter.doFilterInternal(OAuth2AuthorizationRequestRedirectFilter.java:178) ~[spring-security-oauth2-client-5.7.4.jar:5.7.4]
	at org.springframework.web.filter.OncePerRequestFilter.doFilter(OncePerRequestFilter.java:117) ~[spring-web-5.3.23.jar:5.3.23]
	at org.springframework.security.web.FilterChainProxy$VirtualFilterChain.doFilter(FilterChainProxy.java:346) ~[spring-security-web-5.7.4.jar:5.7.4]
	at org.springframework.security.web.authentication.logout.LogoutFilter.doFilter(LogoutFilter.java:103) ~[spring-security-web-5.7.4.jar:5.7.4]
	at org.springframework.security.web.authentication.logout.LogoutFilter.doFilter(LogoutFilter.java:89) ~[spring-security-web-5.7.4.jar:5.7.4]
	at org.springframework.security.web.FilterChainProxy$VirtualFilterChain.doFilter(FilterChainProxy.java:346) ~[spring-security-web-5.7.4.jar:5.7.4]
	at org.springframework.web.filter.CorsFilter.doFilterInternal(CorsFilter.java:91) ~[spring-web-5.3.23.jar:5.3.23]
	at org.springframework.web.filter.OncePerRequestFilter.doFilter(OncePerRequestFilter.java:117) ~[spring-web-5.3.23.jar:5.3.23]
	at org.springframework.security.web.FilterChainProxy$VirtualFilterChain.doFilter(FilterChainProxy.java:346) ~[spring-security-web-5.7.4.jar:5.7.4]
	at org.springframework.security.web.header.HeaderWriterFilter.doHeadersAfter(HeaderWriterFilter.java:90) ~[spring-security-web-5.7.4.jar:5.7.4]
	at org.springframework.security.web.header.HeaderWriterFilter.doFilterInternal(HeaderWriterFilter.java:75) ~[spring-security-web-5.7.4.jar:5.7.4]
	at org.springframework.web.filter.OncePerRequestFilter.doFilter(OncePerRequestFilter.java:117) ~[spring-web-5.3.23.jar:5.3.23]
	at org.springframework.security.web.FilterChainProxy$VirtualFilterChain.doFilter(FilterChainProxy.java:346) ~[spring-security-web-5.7.4.jar:5.7.4]
	at org.springframework.security.web.context.SecurityContextPersistenceFilter.doFilter(SecurityContextPersistenceFilter.java:112) ~[spring-security-web-5.7.4.jar:5.7.4]
	at org.springframework.security.web.context.SecurityContextPersistenceFilter.doFilter(SecurityContextPersistenceFilter.java:82) ~[spring-security-web-5.7.4.jar:5.7.4]
	at org.springframework.security.web.FilterChainProxy$VirtualFilterChain.doFilter(FilterChainProxy.java:346) ~[spring-security-web-5.7.4.jar:5.7.4]
	at org.springframework.security.web.context.request.async.WebAsyncManagerIntegrationFilter.doFilterInternal(WebAsyncManagerIntegrationFilter.java:55) ~[spring-security-web-5.7.4.jar:5.7.4]
	at org.springframework.web.filter.OncePerRequestFilter.doFilter(OncePerRequestFilter.java:117) ~[spring-web-5.3.23.jar:5.3.23]
	at org.springframework.security.web.FilterChainProxy$VirtualFilterChain.doFilter(FilterChainProxy.java:346) ~[spring-security-web-5.7.4.jar:5.7.4]
	at org.springframework.security.web.session.DisableEncodeUrlFilter.doFilterInternal(DisableEncodeUrlFilter.java:42) ~[spring-security-web-5.7.4.jar:5.7.4]
	at org.springframework.web.filter.OncePerRequestFilter.doFilter(OncePerRequestFilter.java:117) ~[spring-web-5.3.23.jar:5.3.23]
	at org.springframework.security.web.FilterChainProxy$VirtualFilterChain.doFilter(FilterChainProxy.java:346) ~[spring-security-web-5.7.4.jar:5.7.4]
	at org.springframework.security.web.FilterChainProxy.doFilterInternal(FilterChainProxy.java:221) ~[spring-security-web-5.7.4.jar:5.7.4]
	at org.springframework.security.web.FilterChainProxy.doFilter(FilterChainProxy.java:186) ~[spring-security-web-5.7.4.jar:5.7.4]
	at org.springframework.web.filter.DelegatingFilterProxy.invokeDelegate(DelegatingFilterProxy.java:354) ~[spring-web-5.3.23.jar:5.3.23]
	at org.springframework.web.filter.DelegatingFilterProxy.doFilter(DelegatingFilterProxy.java:267) ~[spring-web-5.3.23.jar:5.3.23]
	at org.apache.catalina.core.ApplicationFilterChain.internalDoFilter(ApplicationFilterChain.java:189) ~[tomcat-embed-core-9.0.68.jar:9.0.68]
	at org.apache.catalina.core.ApplicationFilterChain.doFilter(ApplicationFilterChain.java:162) ~[tomcat-embed-core-9.0.68.jar:9.0.68]
	at org.springframework.web.filter.RequestContextFilter.doFilterInternal(RequestContextFilter.java:100) ~[spring-web-5.3.23.jar:5.3.23]
	at org.springframework.web.filter.OncePerRequestFilter.doFilter(OncePerRequestFilter.java:117) ~[spring-web-5.3.23.jar:5.3.23]
	at org.apache.catalina.core.ApplicationFilterChain.internalDoFilter(ApplicationFilterChain.java:189) ~[tomcat-embed-core-9.0.68.jar:9.0.68]
	at org.apache.catalina.core.ApplicationFilterChain.doFilter(ApplicationFilterChain.java:162) ~[tomcat-embed-core-9.0.68.jar:9.0.68]
	at org.springframework.web.filter.FormContentFilter.doFilterInternal(FormContentFilter.java:93) ~[spring-web-5.3.23.jar:5.3.23]
	at org.springframework.web.filter.OncePerRequestFilter.doFilter(OncePerRequestFilter.java:117) ~[spring-web-5.3.23.jar:5.3.23]
	at org.apache.catalina.core.ApplicationFilterChain.internalDoFilter(ApplicationFilterChain.java:189) ~[tomcat-embed-core-9.0.68.jar:9.0.68]
	at org.apache.catalina.core.ApplicationFilterChain.doFilter(ApplicationFilterChain.java:162) ~[tomcat-embed-core-9.0.68.jar:9.0.68]
	at org.springframework.web.filter.CharacterEncodingFilter.doFilterInternal(CharacterEncodingFilter.java:201) ~[spring-web-5.3.23.jar:5.3.23]
	at org.springframework.web.filter.OncePerRequestFilter.doFilter(OncePerRequestFilter.java:117) ~[spring-web-5.3.23.jar:5.3.23]
	at org.apache.catalina.core.ApplicationFilterChain.internalDoFilter(ApplicationFilterChain.java:189) ~[tomcat-embed-core-9.0.68.jar:9.0.68]
	at org.apache.catalina.core.ApplicationFilterChain.doFilter(ApplicationFilterChain.java:162) ~[tomcat-embed-core-9.0.68.jar:9.0.68]
	at org.apache.catalina.core.StandardWrapperValve.invoke(StandardWrapperValve.java:197) ~[tomcat-embed-core-9.0.68.jar:9.0.68]
	at org.apache.catalina.core.StandardContextValve.invoke(StandardContextValve.java:97) ~[tomcat-embed-core-9.0.68.jar:9.0.68]
	at org.apache.catalina.authenticator.AuthenticatorBase.invoke(AuthenticatorBase.java:541) ~[tomcat-embed-core-9.0.68.jar:9.0.68]
	at org.apache.catalina.core.StandardHostValve.invoke(StandardHostValve.java:135) ~[tomcat-embed-core-9.0.68.jar:9.0.68]
	at org.apache.catalina.valves.ErrorReportValve.invoke(ErrorReportValve.java:92) ~[tomcat-embed-core-9.0.68.jar:9.0.68]
	at org.apache.catalina.core.StandardEngineValve.invoke(StandardEngineValve.java:78) ~[tomcat-embed-core-9.0.68.jar:9.0.68]
	at org.apache.catalina.connector.CoyoteAdapter.service(CoyoteAdapter.java:360) ~[tomcat-embed-core-9.0.68.jar:9.0.68]
	at org.apache.coyote.http11.Http11Processor.service(Http11Processor.java:399) ~[tomcat-embed-core-9.0.68.jar:9.0.68]
	at org.apache.coyote.AbstractProcessorLight.process(AbstractProcessorLight.java:65) ~[tomcat-embed-core-9.0.68.jar:9.0.68]
	at org.apache.coyote.AbstractProtocol$ConnectionHandler.process(AbstractProtocol.java:893) ~[tomcat-embed-core-9.0.68.jar:9.0.68]
	at org.apache.tomcat.util.net.NioEndpoint$SocketProcessor.doRun(NioEndpoint.java:1789) ~[tomcat-embed-core-9.0.68.jar:9.0.68]
	at org.apache.tomcat.util.net.SocketProcessorBase.run(SocketProcessorBase.java:49) ~[tomcat-embed-core-9.0.68.jar:9.0.68]
	at org.apache.tomcat.util.threads.ThreadPoolExecutor.runWorker(ThreadPoolExecutor.java:1191) ~[tomcat-embed-core-9.0.68.jar:9.0.68]
	at org.apache.tomcat.util.threads.ThreadPoolExecutor$Worker.run(ThreadPoolExecutor.java:659) ~[tomcat-embed-core-9.0.68.jar:9.0.68]
	at org.apache.tomcat.util.threads.TaskThread$WrappingRunnable.run(TaskThread.java:61) ~[tomcat-embed-core-9.0.68.jar:9.0.68]
	at java.base/java.lang.Thread.run(Thread.java:833) ~[na:na]

2023-08-29 01:05:18.666 ERROR 15368 --- [http-nio-443-exec-9] o.a.c.c.C.[.[.[/].[dispatcherServlet]    : Servlet.service() for servlet [dispatcherServlet] in context with path [] threw exception

java.net.UnknownHostException: E
	at java.base/sun.nio.ch.NioSocketImpl.connect(NioSocketImpl.java:567) ~[na:na]
	at java.base/java.net.Socket.connect(Socket.java:633) ~[na:na]
	at java.base/sun.net.ftp.impl.FtpClient.doConnect(FtpClient.java:1045) ~[na:na]
	at java.base/sun.net.ftp.impl.FtpClient.tryConnect(FtpClient.java:1010) ~[na:na]
	at java.base/sun.net.ftp.impl.FtpClient.connect(FtpClient.java:1102) ~[na:na]
	at java.base/sun.net.ftp.impl.FtpClient.connect(FtpClient.java:1088) ~[na:na]
	at java.base/sun.net.www.protocol.ftp.FtpURLConnection.connect(FtpURLConnection.java:320) ~[na:na]
	at java.base/sun.net.www.protocol.ftp.FtpURLConnection.getInputStream(FtpURLConnection.java:426) ~[na:na]
	at org.springframework.core.io.UrlResource.getInputStream(UrlResource.java:187) ~[spring-core-5.3.23.jar:5.3.23]
	at org.springframework.http.converter.ResourceHttpMessageConverter.writeContent(ResourceHttpMessageConverter.java:137) ~[spring-web-5.3.23.jar:5.3.23]
	at org.springframework.http.converter.ResourceHttpMessageConverter.writeInternal(ResourceHttpMessageConverter.java:129) ~[spring-web-5.3.23.jar:5.3.23]
	at org.springframework.http.converter.ResourceHttpMessageConverter.writeInternal(ResourceHttpMessageConverter.java:45) ~[spring-web-5.3.23.jar:5.3.23]
	at org.springframework.http.converter.AbstractHttpMessageConverter.write(AbstractHttpMessageConverter.java:227) ~[spring-web-5.3.23.jar:5.3.23]
	at org.springframework.web.servlet.resource.ResourceHttpRequestHandler.handleRequest(ResourceHttpRequestHandler.java:590) ~[spring-webmvc-5.3.23.jar:5.3.23]
	at org.springframework.web.servlet.mvc.HttpRequestHandlerAdapter.handle(HttpRequestHandlerAdapter.java:52) ~[spring-webmvc-5.3.23.jar:5.3.23]
	at org.springframework.web.servlet.DispatcherServlet.doDispatch(DispatcherServlet.java:1071) ~[spring-webmvc-5.3.23.jar:5.3.23]
	at org.springframework.web.servlet.DispatcherServlet.doService(DispatcherServlet.java:964) ~[spring-webmvc-5.3.23.jar:5.3.23]
	at org.springframework.web.servlet.FrameworkServlet.processRequest(FrameworkServlet.java:1006) ~[spring-webmvc-5.3.23.jar:5.3.23]
	at org.springframework.web.servlet.FrameworkServlet.doGet(FrameworkServlet.java:898) ~[spring-webmvc-5.3.23.jar:5.3.23]
	at javax.servlet.http.HttpServlet.service(HttpServlet.java:645) ~[javax.servlet-api-4.0.1.jar:4.0.1]
	at org.springframework.web.servlet.FrameworkServlet.service(FrameworkServlet.java:883) ~[spring-webmvc-5.3.23.jar:5.3.23]
	at javax.servlet.http.HttpServlet.service(HttpServlet.java:750) ~[javax.servlet-api-4.0.1.jar:4.0.1]
	at org.apache.catalina.core.ApplicationFilterChain.internalDoFilter(ApplicationFilterChain.java:227) ~[tomcat-embed-core-9.0.68.jar:9.0.68]
	at org.apache.catalina.core.ApplicationFilterChain.doFilter(ApplicationFilterChain.java:162) ~[tomcat-embed-core-9.0.68.jar:9.0.68]
	at org.apache.tomcat.websocket.server.WsFilter.doFilter(WsFilter.java:53) ~[tomcat-embed-websocket-9.0.68.jar:9.0.68]
	at org.apache.catalina.core.ApplicationFilterChain.internalDoFilter(ApplicationFilterChain.java:189) ~[tomcat-embed-core-9.0.68.jar:9.0.68]
	at org.apache.catalina.core.ApplicationFilterChain.doFilter(ApplicationFilterChain.java:162) ~[tomcat-embed-core-9.0.68.jar:9.0.68]
	at org.springframework.web.filter.OncePerRequestFilter.doFilter(OncePerRequestFilter.java:111) ~[spring-web-5.3.23.jar:5.3.23]
	at org.apache.catalina.core.ApplicationFilterChain.internalDoFilter(ApplicationFilterChain.java:189) ~[tomcat-embed-core-9.0.68.jar:9.0.68]
	at org.apache.catalina.core.ApplicationFilterChain.doFilter(ApplicationFilterChain.java:162) ~[tomcat-embed-core-9.0.68.jar:9.0.68]
	at com.easygofly.site.setting.web.WebSettingFilter.doFilter(WebSettingFilter.java:44) ~[classes/:na]
	at org.apache.catalina.core.ApplicationFilterChain.internalDoFilter(ApplicationFilterChain.java:189) ~[tomcat-embed-core-9.0.68.jar:9.0.68]
	at org.apache.catalina.core.ApplicationFilterChain.doFilter(ApplicationFilterChain.java:162) ~[tomcat-embed-core-9.0.68.jar:9.0.68]
	at com.easygofly.site.setting.SettingFilter.doFilter(SettingFilter.java:44) ~[classes/:na]
	at org.apache.catalina.core.ApplicationFilterChain.internalDoFilter(ApplicationFilterChain.java:189) ~[tomcat-embed-core-9.0.68.jar:9.0.68]
	at org.apache.catalina.core.ApplicationFilterChain.doFilter(ApplicationFilterChain.java:162) ~[tomcat-embed-core-9.0.68.jar:9.0.68]
	at org.springframework.web.servlet.resource.ResourceUrlEncodingFilter.doFilter(ResourceUrlEncodingFilter.java:67) ~[spring-webmvc-5.3.23.jar:5.3.23]
	at org.apache.catalina.core.ApplicationFilterChain.internalDoFilter(ApplicationFilterChain.java:189) ~[tomcat-embed-core-9.0.68.jar:9.0.68]
	at org.apache.catalina.core.ApplicationFilterChain.doFilter(ApplicationFilterChain.java:162) ~[tomcat-embed-core-9.0.68.jar:9.0.68]
	at org.springframework.security.web.FilterChainProxy$VirtualFilterChain.doFilter(FilterChainProxy.java:337) ~[spring-security-web-5.7.4.jar:5.7.4]
	at org.springframework.security.web.access.intercept.FilterSecurityInterceptor.invoke(FilterSecurityInterceptor.java:115) ~[spring-security-web-5.7.4.jar:5.7.4]
	at org.springframework.security.web.access.intercept.FilterSecurityInterceptor.doFilter(FilterSecurityInterceptor.java:81) ~[spring-security-web-5.7.4.jar:5.7.4]
	at org.springframework.security.web.FilterChainProxy$VirtualFilterChain.doFilter(FilterChainProxy.java:346) ~[spring-security-web-5.7.4.jar:5.7.4]
	at org.springframework.security.web.access.ExceptionTranslationFilter.doFilter(ExceptionTranslationFilter.java:122) ~[spring-security-web-5.7.4.jar:5.7.4]
	at org.springframework.security.web.access.ExceptionTranslationFilter.doFilter(ExceptionTranslationFilter.java:116) ~[spring-security-web-5.7.4.jar:5.7.4]
	at org.springframework.security.web.FilterChainProxy$VirtualFilterChain.doFilter(FilterChainProxy.java:346) ~[spring-security-web-5.7.4.jar:5.7.4]
	at org.springframework.security.web.session.SessionManagementFilter.doFilter(SessionManagementFilter.java:126) ~[spring-security-web-5.7.4.jar:5.7.4]
	at org.springframework.security.web.session.SessionManagementFilter.doFilter(SessionManagementFilter.java:81) ~[spring-security-web-5.7.4.jar:5.7.4]
	at org.springframework.security.web.FilterChainProxy$VirtualFilterChain.doFilter(FilterChainProxy.java:346) ~[spring-security-web-5.7.4.jar:5.7.4]
	at org.springframework.security.web.authentication.AnonymousAuthenticationFilter.doFilter(AnonymousAuthenticationFilter.java:109) ~[spring-security-web-5.7.4.jar:5.7.4]
	at org.springframework.security.web.FilterChainProxy$VirtualFilterChain.doFilter(FilterChainProxy.java:346) ~[spring-security-web-5.7.4.jar:5.7.4]
	at org.springframework.security.web.authentication.rememberme.RememberMeAuthenticationFilter.doFilter(RememberMeAuthenticationFilter.java:106) ~[spring-security-web-5.7.4.jar:5.7.4]
	at org.springframework.security.web.authentication.rememberme.RememberMeAuthenticationFilter.doFilter(RememberMeAuthenticationFilter.java:97) ~[spring-security-web-5.7.4.jar:5.7.4]
	at org.springframework.security.web.FilterChainProxy$VirtualFilterChain.doFilter(FilterChainProxy.java:346) ~[spring-security-web-5.7.4.jar:5.7.4]
	at org.springframework.security.web.servletapi.SecurityContextHolderAwareRequestFilter.doFilter(SecurityContextHolderAwareRequestFilter.java:149) ~[spring-security-web-5.7.4.jar:5.7.4]
	at org.springframework.security.web.FilterChainProxy$VirtualFilterChain.doFilter(FilterChainProxy.java:346) ~[spring-security-web-5.7.4.jar:5.7.4]
	at org.springframework.security.web.savedrequest.RequestCacheAwareFilter.doFilter(RequestCacheAwareFilter.java:63) ~[spring-security-web-5.7.4.jar:5.7.4]
	at org.springframework.security.web.FilterChainProxy$VirtualFilterChain.doFilter(FilterChainProxy.java:346) ~[spring-security-web-5.7.4.jar:5.7.4]
	at org.springframework.security.web.session.ConcurrentSessionFilter.doFilter(ConcurrentSessionFilter.java:147) ~[spring-security-web-5.7.4.jar:5.7.4]
	at org.springframework.security.web.session.ConcurrentSessionFilter.doFilter(ConcurrentSessionFilter.java:125) ~[spring-security-web-5.7.4.jar:5.7.4]
	at org.springframework.security.web.FilterChainProxy$VirtualFilterChain.doFilter(FilterChainProxy.java:346) ~[spring-security-web-5.7.4.jar:5.7.4]
	at org.springframework.security.web.authentication.AbstractAuthenticationProcessingFilter.doFilter(AbstractAuthenticationProcessingFilter.java:223) ~[spring-security-web-5.7.4.jar:5.7.4]
	at org.springframework.security.web.authentication.AbstractAuthenticationProcessingFilter.doFilter(AbstractAuthenticationProcessingFilter.java:217) ~[spring-security-web-5.7.4.jar:5.7.4]
	at org.springframework.security.web.FilterChainProxy$VirtualFilterChain.doFilter(FilterChainProxy.java:346) ~[spring-security-web-5.7.4.jar:5.7.4]
	at org.springframework.security.web.authentication.AbstractAuthenticationProcessingFilter.doFilter(AbstractAuthenticationProcessingFilter.java:223) ~[spring-security-web-5.7.4.jar:5.7.4]
	at org.springframework.security.web.authentication.AbstractAuthenticationProcessingFilter.doFilter(AbstractAuthenticationProcessingFilter.java:217) ~[spring-security-web-5.7.4.jar:5.7.4]
	at org.springframework.security.web.FilterChainProxy$VirtualFilterChain.doFilter(FilterChainProxy.java:346) ~[spring-security-web-5.7.4.jar:5.7.4]
	at org.springframework.security.oauth2.client.web.OAuth2AuthorizationRequestRedirectFilter.doFilterInternal(OAuth2AuthorizationRequestRedirectFilter.java:178) ~[spring-security-oauth2-client-5.7.4.jar:5.7.4]
	at org.springframework.web.filter.OncePerRequestFilter.doFilter(OncePerRequestFilter.java:117) ~[spring-web-5.3.23.jar:5.3.23]
	at org.springframework.security.web.FilterChainProxy$VirtualFilterChain.doFilter(FilterChainProxy.java:346) ~[spring-security-web-5.7.4.jar:5.7.4]
	at org.springframework.security.web.authentication.logout.LogoutFilter.doFilter(LogoutFilter.java:103) ~[spring-security-web-5.7.4.jar:5.7.4]
	at org.springframework.security.web.authentication.logout.LogoutFilter.doFilter(LogoutFilter.java:89) ~[spring-security-web-5.7.4.jar:5.7.4]
	at org.springframework.security.web.FilterChainProxy$VirtualFilterChain.doFilter(FilterChainProxy.java:346) ~[spring-security-web-5.7.4.jar:5.7.4]
	at org.springframework.web.filter.CorsFilter.doFilterInternal(CorsFilter.java:91) ~[spring-web-5.3.23.jar:5.3.23]
	at org.springframework.web.filter.OncePerRequestFilter.doFilter(OncePerRequestFilter.java:117) ~[spring-web-5.3.23.jar:5.3.23]
	at org.springframework.security.web.FilterChainProxy$VirtualFilterChain.doFilter(FilterChainProxy.java:346) ~[spring-security-web-5.7.4.jar:5.7.4]
	at org.springframework.security.web.header.HeaderWriterFilter.doHeadersAfter(HeaderWriterFilter.java:90) ~[spring-security-web-5.7.4.jar:5.7.4]
	at org.springframework.security.web.header.HeaderWriterFilter.doFilterInternal(HeaderWriterFilter.java:75) ~[spring-security-web-5.7.4.jar:5.7.4]
	at org.springframework.web.filter.OncePerRequestFilter.doFilter(OncePerRequestFilter.java:117) ~[spring-web-5.3.23.jar:5.3.23]
	at org.springframework.security.web.FilterChainProxy$VirtualFilterChain.doFilter(FilterChainProxy.java:346) ~[spring-security-web-5.7.4.jar:5.7.4]
	at org.springframework.security.web.context.SecurityContextPersistenceFilter.doFilter(SecurityContextPersistenceFilter.java:112) ~[spring-security-web-5.7.4.jar:5.7.4]
	at org.springframework.security.web.context.SecurityContextPersistenceFilter.doFilter(SecurityContextPersistenceFilter.java:82) ~[spring-security-web-5.7.4.jar:5.7.4]
	at org.springframework.security.web.FilterChainProxy$VirtualFilterChain.doFilter(FilterChainProxy.java:346) ~[spring-security-web-5.7.4.jar:5.7.4]
	at org.springframework.security.web.context.request.async.WebAsyncManagerIntegrationFilter.doFilterInternal(WebAsyncManagerIntegrationFilter.java:55) ~[spring-security-web-5.7.4.jar:5.7.4]
	at org.springframework.web.filter.OncePerRequestFilter.doFilter(OncePerRequestFilter.java:117) ~[spring-web-5.3.23.jar:5.3.23]
	at org.springframework.security.web.FilterChainProxy$VirtualFilterChain.doFilter(FilterChainProxy.java:346) ~[spring-security-web-5.7.4.jar:5.7.4]
	at org.springframework.security.web.session.DisableEncodeUrlFilter.doFilterInternal(DisableEncodeUrlFilter.java:42) ~[spring-security-web-5.7.4.jar:5.7.4]
	at org.springframework.web.filter.OncePerRequestFilter.doFilter(OncePerRequestFilter.java:117) ~[spring-web-5.3.23.jar:5.3.23]
	at org.springframework.security.web.FilterChainProxy$VirtualFilterChain.doFilter(FilterChainProxy.java:346) ~[spring-security-web-5.7.4.jar:5.7.4]
	at org.springframework.security.web.FilterChainProxy.doFilterInternal(FilterChainProxy.java:221) ~[spring-security-web-5.7.4.jar:5.7.4]
	at org.springframework.security.web.FilterChainProxy.doFilter(FilterChainProxy.java:186) ~[spring-security-web-5.7.4.jar:5.7.4]
	at org.springframework.web.filter.DelegatingFilterProxy.invokeDelegate(DelegatingFilterProxy.java:354) ~[spring-web-5.3.23.jar:5.3.23]
	at org.springframework.web.filter.DelegatingFilterProxy.doFilter(DelegatingFilterProxy.java:267) ~[spring-web-5.3.23.jar:5.3.23]
	at org.apache.catalina.core.ApplicationFilterChain.internalDoFilter(ApplicationFilterChain.java:189) ~[tomcat-embed-core-9.0.68.jar:9.0.68]
	at org.apache.catalina.core.ApplicationFilterChain.doFilter(ApplicationFilterChain.java:162) ~[tomcat-embed-core-9.0.68.jar:9.0.68]
	at org.springframework.web.filter.RequestContextFilter.doFilterInternal(RequestContextFilter.java:100) ~[spring-web-5.3.23.jar:5.3.23]
	at org.springframework.web.filter.OncePerRequestFilter.doFilter(OncePerRequestFilter.java:117) ~[spring-web-5.3.23.jar:5.3.23]
	at org.apache.catalina.core.ApplicationFilterChain.internalDoFilter(ApplicationFilterChain.java:189) ~[tomcat-embed-core-9.0.68.jar:9.0.68]
	at org.apache.catalina.core.ApplicationFilterChain.doFilter(ApplicationFilterChain.java:162) ~[tomcat-embed-core-9.0.68.jar:9.0.68]
	at org.springframework.web.filter.FormContentFilter.doFilterInternal(FormContentFilter.java:93) ~[spring-web-5.3.23.jar:5.3.23]
	at org.springframework.web.filter.OncePerRequestFilter.doFilter(OncePerRequestFilter.java:117) ~[spring-web-5.3.23.jar:5.3.23]
	at org.apache.catalina.core.ApplicationFilterChain.internalDoFilter(ApplicationFilterChain.java:189) ~[tomcat-embed-core-9.0.68.jar:9.0.68]
	at org.apache.catalina.core.ApplicationFilterChain.doFilter(ApplicationFilterChain.java:162) ~[tomcat-embed-core-9.0.68.jar:9.0.68]
	at org.springframework.web.filter.CharacterEncodingFilter.doFilterInternal(CharacterEncodingFilter.java:201) ~[spring-web-5.3.23.jar:5.3.23]
	at org.springframework.web.filter.OncePerRequestFilter.doFilter(OncePerRequestFilter.java:117) ~[spring-web-5.3.23.jar:5.3.23]
	at org.apache.catalina.core.ApplicationFilterChain.internalDoFilter(ApplicationFilterChain.java:189) ~[tomcat-embed-core-9.0.68.jar:9.0.68]
	at org.apache.catalina.core.ApplicationFilterChain.doFilter(ApplicationFilterChain.java:162) ~[tomcat-embed-core-9.0.68.jar:9.0.68]
	at org.apache.catalina.core.StandardWrapperValve.invoke(StandardWrapperValve.java:197) ~[tomcat-embed-core-9.0.68.jar:9.0.68]
	at org.apache.catalina.core.StandardContextValve.invoke(StandardContextValve.java:97) ~[tomcat-embed-core-9.0.68.jar:9.0.68]
	at org.apache.catalina.authenticator.AuthenticatorBase.invoke(AuthenticatorBase.java:541) ~[tomcat-embed-core-9.0.68.jar:9.0.68]
	at org.apache.catalina.core.StandardHostValve.invoke(StandardHostValve.java:135) ~[tomcat-embed-core-9.0.68.jar:9.0.68]
	at org.apache.catalina.valves.ErrorReportValve.invoke(ErrorReportValve.java:92) ~[tomcat-embed-core-9.0.68.jar:9.0.68]
	at org.apache.catalina.core.StandardEngineValve.invoke(StandardEngineValve.java:78) ~[tomcat-embed-core-9.0.68.jar:9.0.68]
	at org.apache.catalina.connector.CoyoteAdapter.service(CoyoteAdapter.java:360) ~[tomcat-embed-core-9.0.68.jar:9.0.68]
	at org.apache.coyote.http11.Http11Processor.service(Http11Processor.java:399) ~[tomcat-embed-core-9.0.68.jar:9.0.68]
	at org.apache.coyote.AbstractProcessorLight.process(AbstractProcessorLight.java:65) ~[tomcat-embed-core-9.0.68.jar:9.0.68]
	at org.apache.coyote.AbstractProtocol$ConnectionHandler.process(AbstractProtocol.java:893) ~[tomcat-embed-core-9.0.68.jar:9.0.68]
	at org.apache.tomcat.util.net.NioEndpoint$SocketProcessor.doRun(NioEndpoint.java:1789) ~[tomcat-embed-core-9.0.68.jar:9.0.68]
	at org.apache.tomcat.util.net.SocketProcessorBase.run(SocketProcessorBase.java:49) ~[tomcat-embed-core-9.0.68.jar:9.0.68]
	at org.apache.tomcat.util.threads.ThreadPoolExecutor.runWorker(ThreadPoolExecutor.java:1191) ~[tomcat-embed-core-9.0.68.jar:9.0.68]
	at org.apache.tomcat.util.threads.ThreadPoolExecutor$Worker.run(ThreadPoolExecutor.java:659) ~[tomcat-embed-core-9.0.68.jar:9.0.68]
	at org.apache.tomcat.util.threads.TaskThread$WrappingRunnable.run(TaskThread.java:61) ~[tomcat-embed-core-9.0.68.jar:9.0.68]
	at java.base/java.lang.Thread.run(Thread.java:833) ~[na:na]

2023-08-29 01:05:18.666 ERROR 15368 --- [http-nio-443-exec-2] o.a.c.c.C.[.[.[/].[dispatcherServlet]    : Servlet.service() for servlet [dispatcherServlet] in context with path [] threw exception

java.net.UnknownHostException: E
	at java.base/sun.nio.ch.NioSocketImpl.connect(NioSocketImpl.java:567) ~[na:na]
	at java.base/java.net.Socket.connect(Socket.java:633) ~[na:na]
	at java.base/sun.net.ftp.impl.FtpClient.doConnect(FtpClient.java:1045) ~[na:na]
	at java.base/sun.net.ftp.impl.FtpClient.tryConnect(FtpClient.java:1010) ~[na:na]
	at java.base/sun.net.ftp.impl.FtpClient.connect(FtpClient.java:1102) ~[na:na]
	at java.base/sun.net.ftp.impl.FtpClient.connect(FtpClient.java:1088) ~[na:na]
	at java.base/sun.net.www.protocol.ftp.FtpURLConnection.connect(FtpURLConnection.java:320) ~[na:na]
	at java.base/sun.net.www.protocol.ftp.FtpURLConnection.getInputStream(FtpURLConnection.java:426) ~[na:na]
	at org.springframework.core.io.UrlResource.getInputStream(UrlResource.java:187) ~[spring-core-5.3.23.jar:5.3.23]
	at org.springframework.http.converter.ResourceHttpMessageConverter.writeContent(ResourceHttpMessageConverter.java:137) ~[spring-web-5.3.23.jar:5.3.23]
	at org.springframework.http.converter.ResourceHttpMessageConverter.writeInternal(ResourceHttpMessageConverter.java:129) ~[spring-web-5.3.23.jar:5.3.23]
	at org.springframework.http.converter.ResourceHttpMessageConverter.writeInternal(ResourceHttpMessageConverter.java:45) ~[spring-web-5.3.23.jar:5.3.23]
	at org.springframework.http.converter.AbstractHttpMessageConverter.write(AbstractHttpMessageConverter.java:227) ~[spring-web-5.3.23.jar:5.3.23]
	at org.springframework.web.servlet.resource.ResourceHttpRequestHandler.handleRequest(ResourceHttpRequestHandler.java:590) ~[spring-webmvc-5.3.23.jar:5.3.23]
	at org.springframework.web.servlet.mvc.HttpRequestHandlerAdapter.handle(HttpRequestHandlerAdapter.java:52) ~[spring-webmvc-5.3.23.jar:5.3.23]
	at org.springframework.web.servlet.DispatcherServlet.doDispatch(DispatcherServlet.java:1071) ~[spring-webmvc-5.3.23.jar:5.3.23]
	at org.springframework.web.servlet.DispatcherServlet.doService(DispatcherServlet.java:964) ~[spring-webmvc-5.3.23.jar:5.3.23]
	at org.springframework.web.servlet.FrameworkServlet.processRequest(FrameworkServlet.java:1006) ~[spring-webmvc-5.3.23.jar:5.3.23]
	at org.springframework.web.servlet.FrameworkServlet.doGet(FrameworkServlet.java:898) ~[spring-webmvc-5.3.23.jar:5.3.23]
	at javax.servlet.http.HttpServlet.service(HttpServlet.java:645) ~[javax.servlet-api-4.0.1.jar:4.0.1]
	at org.springframework.web.servlet.FrameworkServlet.service(FrameworkServlet.java:883) ~[spring-webmvc-5.3.23.jar:5.3.23]
	at javax.servlet.http.HttpServlet.service(HttpServlet.java:750) ~[javax.servlet-api-4.0.1.jar:4.0.1]
	at org.apache.catalina.core.ApplicationFilterChain.internalDoFilter(ApplicationFilterChain.java:227) ~[tomcat-embed-core-9.0.68.jar:9.0.68]
	at org.apache.catalina.core.ApplicationFilterChain.doFilter(ApplicationFilterChain.java:162) ~[tomcat-embed-core-9.0.68.jar:9.0.68]
	at org.apache.tomcat.websocket.server.WsFilter.doFilter(WsFilter.java:53) ~[tomcat-embed-websocket-9.0.68.jar:9.0.68]
	at org.apache.catalina.core.ApplicationFilterChain.internalDoFilter(ApplicationFilterChain.java:189) ~[tomcat-embed-core-9.0.68.jar:9.0.68]
	at org.apache.catalina.core.ApplicationFilterChain.doFilter(ApplicationFilterChain.java:162) ~[tomcat-embed-core-9.0.68.jar:9.0.68]
	at org.springframework.web.filter.OncePerRequestFilter.doFilter(OncePerRequestFilter.java:111) ~[spring-web-5.3.23.jar:5.3.23]
	at org.apache.catalina.core.ApplicationFilterChain.internalDoFilter(ApplicationFilterChain.java:189) ~[tomcat-embed-core-9.0.68.jar:9.0.68]
	at org.apache.catalina.core.ApplicationFilterChain.doFilter(ApplicationFilterChain.java:162) ~[tomcat-embed-core-9.0.68.jar:9.0.68]
	at com.easygofly.site.setting.web.WebSettingFilter.doFilter(WebSettingFilter.java:33) ~[classes/:na]
	at org.apache.catalina.core.ApplicationFilterChain.internalDoFilter(ApplicationFilterChain.java:189) ~[tomcat-embed-core-9.0.68.jar:9.0.68]
	at org.apache.catalina.core.ApplicationFilterChain.doFilter(ApplicationFilterChain.java:162) ~[tomcat-embed-core-9.0.68.jar:9.0.68]
	at com.easygofly.site.setting.SettingFilter.doFilter(SettingFilter.java:33) ~[classes/:na]
	at org.apache.catalina.core.ApplicationFilterChain.internalDoFilter(ApplicationFilterChain.java:189) ~[tomcat-embed-core-9.0.68.jar:9.0.68]
	at org.apache.catalina.core.ApplicationFilterChain.doFilter(ApplicationFilterChain.java:162) ~[tomcat-embed-core-9.0.68.jar:9.0.68]
	at org.springframework.web.servlet.resource.ResourceUrlEncodingFilter.doFilter(ResourceUrlEncodingFilter.java:67) ~[spring-webmvc-5.3.23.jar:5.3.23]
	at org.apache.catalina.core.ApplicationFilterChain.internalDoFilter(ApplicationFilterChain.java:189) ~[tomcat-embed-core-9.0.68.jar:9.0.68]
	at org.apache.catalina.core.ApplicationFilterChain.doFilter(ApplicationFilterChain.java:162) ~[tomcat-embed-core-9.0.68.jar:9.0.68]
	at org.springframework.security.web.FilterChainProxy$VirtualFilterChain.doFilter(FilterChainProxy.java:337) ~[spring-security-web-5.7.4.jar:5.7.4]
	at org.springframework.security.web.access.intercept.FilterSecurityInterceptor.invoke(FilterSecurityInterceptor.java:115) ~[spring-security-web-5.7.4.jar:5.7.4]
	at org.springframework.security.web.access.intercept.FilterSecurityInterceptor.doFilter(FilterSecurityInterceptor.java:81) ~[spring-security-web-5.7.4.jar:5.7.4]
	at org.springframework.security.web.FilterChainProxy$VirtualFilterChain.doFilter(FilterChainProxy.java:346) ~[spring-security-web-5.7.4.jar:5.7.4]
	at org.springframework.security.web.access.ExceptionTranslationFilter.doFilter(ExceptionTranslationFilter.java:122) ~[spring-security-web-5.7.4.jar:5.7.4]
	at org.springframework.security.web.access.ExceptionTranslationFilter.doFilter(ExceptionTranslationFilter.java:116) ~[spring-security-web-5.7.4.jar:5.7.4]
	at org.springframework.security.web.FilterChainProxy$VirtualFilterChain.doFilter(FilterChainProxy.java:346) ~[spring-security-web-5.7.4.jar:5.7.4]
	at org.springframework.security.web.session.SessionManagementFilter.doFilter(SessionManagementFilter.java:126) ~[spring-security-web-5.7.4.jar:5.7.4]
	at org.springframework.security.web.session.SessionManagementFilter.doFilter(SessionManagementFilter.java:81) ~[spring-security-web-5.7.4.jar:5.7.4]
	at org.springframework.security.web.FilterChainProxy$VirtualFilterChain.doFilter(FilterChainProxy.java:346) ~[spring-security-web-5.7.4.jar:5.7.4]
	at org.springframework.security.web.authentication.AnonymousAuthenticationFilter.doFilter(AnonymousAuthenticationFilter.java:109) ~[spring-security-web-5.7.4.jar:5.7.4]
	at org.springframework.security.web.FilterChainProxy$VirtualFilterChain.doFilter(FilterChainProxy.java:346) ~[spring-security-web-5.7.4.jar:5.7.4]
	at org.springframework.security.web.authentication.rememberme.RememberMeAuthenticationFilter.doFilter(RememberMeAuthenticationFilter.java:106) ~[spring-security-web-5.7.4.jar:5.7.4]
	at org.springframework.security.web.authentication.rememberme.RememberMeAuthenticationFilter.doFilter(RememberMeAuthenticationFilter.java:97) ~[spring-security-web-5.7.4.jar:5.7.4]
	at org.springframework.security.web.FilterChainProxy$VirtualFilterChain.doFilter(FilterChainProxy.java:346) ~[spring-security-web-5.7.4.jar:5.7.4]
	at org.springframework.security.web.servletapi.SecurityContextHolderAwareRequestFilter.doFilter(SecurityContextHolderAwareRequestFilter.java:149) ~[spring-security-web-5.7.4.jar:5.7.4]
	at org.springframework.security.web.FilterChainProxy$VirtualFilterChain.doFilter(FilterChainProxy.java:346) ~[spring-security-web-5.7.4.jar:5.7.4]
	at org.springframework.security.web.savedrequest.RequestCacheAwareFilter.doFilter(RequestCacheAwareFilter.java:63) ~[spring-security-web-5.7.4.jar:5.7.4]
	at org.springframework.security.web.FilterChainProxy$VirtualFilterChain.doFilter(FilterChainProxy.java:346) ~[spring-security-web-5.7.4.jar:5.7.4]
	at org.springframework.security.web.session.ConcurrentSessionFilter.doFilter(ConcurrentSessionFilter.java:147) ~[spring-security-web-5.7.4.jar:5.7.4]
	at org.springframework.security.web.session.ConcurrentSessionFilter.doFilter(ConcurrentSessionFilter.java:125) ~[spring-security-web-5.7.4.jar:5.7.4]
	at org.springframework.security.web.FilterChainProxy$VirtualFilterChain.doFilter(FilterChainProxy.java:346) ~[spring-security-web-5.7.4.jar:5.7.4]
	at org.springframework.security.web.authentication.AbstractAuthenticationProcessingFilter.doFilter(AbstractAuthenticationProcessingFilter.java:223) ~[spring-security-web-5.7.4.jar:5.7.4]
	at org.springframework.security.web.authentication.AbstractAuthenticationProcessingFilter.doFilter(AbstractAuthenticationProcessingFilter.java:217) ~[spring-security-web-5.7.4.jar:5.7.4]
	at org.springframework.security.web.FilterChainProxy$VirtualFilterChain.doFilter(FilterChainProxy.java:346) ~[spring-security-web-5.7.4.jar:5.7.4]
	at org.springframework.security.web.authentication.AbstractAuthenticationProcessingFilter.doFilter(AbstractAuthenticationProcessingFilter.java:223) ~[spring-security-web-5.7.4.jar:5.7.4]
	at org.springframework.security.web.authentication.AbstractAuthenticationProcessingFilter.doFilter(AbstractAuthenticationProcessingFilter.java:217) ~[spring-security-web-5.7.4.jar:5.7.4]
	at org.springframework.security.web.FilterChainProxy$VirtualFilterChain.doFilter(FilterChainProxy.java:346) ~[spring-security-web-5.7.4.jar:5.7.4]
	at org.springframework.security.oauth2.client.web.OAuth2AuthorizationRequestRedirectFilter.doFilterInternal(OAuth2AuthorizationRequestRedirectFilter.java:178) ~[spring-security-oauth2-client-5.7.4.jar:5.7.4]
	at org.springframework.web.filter.OncePerRequestFilter.doFilter(OncePerRequestFilter.java:117) ~[spring-web-5.3.23.jar:5.3.23]
	at org.springframework.security.web.FilterChainProxy$VirtualFilterChain.doFilter(FilterChainProxy.java:346) ~[spring-security-web-5.7.4.jar:5.7.4]
	at org.springframework.security.web.authentication.logout.LogoutFilter.doFilter(LogoutFilter.java:103) ~[spring-security-web-5.7.4.jar:5.7.4]
	at org.springframework.security.web.authentication.logout.LogoutFilter.doFilter(LogoutFilter.java:89) ~[spring-security-web-5.7.4.jar:5.7.4]
	at org.springframework.security.web.FilterChainProxy$VirtualFilterChain.doFilter(FilterChainProxy.java:346) ~[spring-security-web-5.7.4.jar:5.7.4]
	at org.springframework.web.filter.CorsFilter.doFilterInternal(CorsFilter.java:91) ~[spring-web-5.3.23.jar:5.3.23]
	at org.springframework.web.filter.OncePerRequestFilter.doFilter(OncePerRequestFilter.java:117) ~[spring-web-5.3.23.jar:5.3.23]
	at org.springframework.security.web.FilterChainProxy$VirtualFilterChain.doFilter(FilterChainProxy.java:346) ~[spring-security-web-5.7.4.jar:5.7.4]
	at org.springframework.security.web.header.HeaderWriterFilter.doHeadersAfter(HeaderWriterFilter.java:90) ~[spring-security-web-5.7.4.jar:5.7.4]
	at org.springframework.security.web.header.HeaderWriterFilter.doFilterInternal(HeaderWriterFilter.java:75) ~[spring-security-web-5.7.4.jar:5.7.4]
	at org.springframework.web.filter.OncePerRequestFilter.doFilter(OncePerRequestFilter.java:117) ~[spring-web-5.3.23.jar:5.3.23]
	at org.springframework.security.web.FilterChainProxy$VirtualFilterChain.doFilter(FilterChainProxy.java:346) ~[spring-security-web-5.7.4.jar:5.7.4]
	at org.springframework.security.web.context.SecurityContextPersistenceFilter.doFilter(SecurityContextPersistenceFilter.java:112) ~[spring-security-web-5.7.4.jar:5.7.4]
	at org.springframework.security.web.context.SecurityContextPersistenceFilter.doFilter(SecurityContextPersistenceFilter.java:82) ~[spring-security-web-5.7.4.jar:5.7.4]
	at org.springframework.security.web.FilterChainProxy$VirtualFilterChain.doFilter(FilterChainProxy.java:346) ~[spring-security-web-5.7.4.jar:5.7.4]
	at org.springframework.security.web.context.request.async.WebAsyncManagerIntegrationFilter.doFilterInternal(WebAsyncManagerIntegrationFilter.java:55) ~[spring-security-web-5.7.4.jar:5.7.4]
	at org.springframework.web.filter.OncePerRequestFilter.doFilter(OncePerRequestFilter.java:117) ~[spring-web-5.3.23.jar:5.3.23]
	at org.springframework.security.web.FilterChainProxy$VirtualFilterChain.doFilter(FilterChainProxy.java:346) ~[spring-security-web-5.7.4.jar:5.7.4]
	at org.springframework.security.web.session.DisableEncodeUrlFilter.doFilterInternal(DisableEncodeUrlFilter.java:42) ~[spring-security-web-5.7.4.jar:5.7.4]
	at org.springframework.web.filter.OncePerRequestFilter.doFilter(OncePerRequestFilter.java:117) ~[spring-web-5.3.23.jar:5.3.23]
	at org.springframework.security.web.FilterChainProxy$VirtualFilterChain.doFilter(FilterChainProxy.java:346) ~[spring-security-web-5.7.4.jar:5.7.4]
	at org.springframework.security.web.FilterChainProxy.doFilterInternal(FilterChainProxy.java:221) ~[spring-security-web-5.7.4.jar:5.7.4]
	at org.springframework.security.web.FilterChainProxy.doFilter(FilterChainProxy.java:186) ~[spring-security-web-5.7.4.jar:5.7.4]
	at org.springframework.web.filter.DelegatingFilterProxy.invokeDelegate(DelegatingFilterProxy.java:354) ~[spring-web-5.3.23.jar:5.3.23]
	at org.springframework.web.filter.DelegatingFilterProxy.doFilter(DelegatingFilterProxy.java:267) ~[spring-web-5.3.23.jar:5.3.23]
	at org.apache.catalina.core.ApplicationFilterChain.internalDoFilter(ApplicationFilterChain.java:189) ~[tomcat-embed-core-9.0.68.jar:9.0.68]
	at org.apache.catalina.core.ApplicationFilterChain.doFilter(ApplicationFilterChain.java:162) ~[tomcat-embed-core-9.0.68.jar:9.0.68]
	at org.springframework.web.filter.RequestContextFilter.doFilterInternal(RequestContextFilter.java:100) ~[spring-web-5.3.23.jar:5.3.23]
	at org.springframework.web.filter.OncePerRequestFilter.doFilter(OncePerRequestFilter.java:117) ~[spring-web-5.3.23.jar:5.3.23]
	at org.apache.catalina.core.ApplicationFilterChain.internalDoFilter(ApplicationFilterChain.java:189) ~[tomcat-embed-core-9.0.68.jar:9.0.68]
	at org.apache.catalina.core.ApplicationFilterChain.doFilter(ApplicationFilterChain.java:162) ~[tomcat-embed-core-9.0.68.jar:9.0.68]
	at org.springframework.web.filter.FormContentFilter.doFilterInternal(FormContentFilter.java:93) ~[spring-web-5.3.23.jar:5.3.23]
	at org.springframework.web.filter.OncePerRequestFilter.doFilter(OncePerRequestFilter.java:117) ~[spring-web-5.3.23.jar:5.3.23]
	at org.apache.catalina.core.ApplicationFilterChain.internalDoFilter(ApplicationFilterChain.java:189) ~[tomcat-embed-core-9.0.68.jar:9.0.68]
	at org.apache.catalina.core.ApplicationFilterChain.doFilter(ApplicationFilterChain.java:162) ~[tomcat-embed-core-9.0.68.jar:9.0.68]
	at org.springframework.web.filter.CharacterEncodingFilter.doFilterInternal(CharacterEncodingFilter.java:201) ~[spring-web-5.3.23.jar:5.3.23]
	at org.springframework.web.filter.OncePerRequestFilter.doFilter(OncePerRequestFilter.java:117) ~[spring-web-5.3.23.jar:5.3.23]
	at org.apache.catalina.core.ApplicationFilterChain.internalDoFilter(ApplicationFilterChain.java:189) ~[tomcat-embed-core-9.0.68.jar:9.0.68]
	at org.apache.catalina.core.ApplicationFilterChain.doFilter(ApplicationFilterChain.java:162) ~[tomcat-embed-core-9.0.68.jar:9.0.68]
	at org.apache.catalina.core.StandardWrapperValve.invoke(StandardWrapperValve.java:197) ~[tomcat-embed-core-9.0.68.jar:9.0.68]
	at org.apache.catalina.core.StandardContextValve.invoke(StandardContextValve.java:97) ~[tomcat-embed-core-9.0.68.jar:9.0.68]
	at org.apache.catalina.authenticator.AuthenticatorBase.invoke(AuthenticatorBase.java:541) ~[tomcat-embed-core-9.0.68.jar:9.0.68]
	at org.apache.catalina.core.StandardHostValve.invoke(StandardHostValve.java:135) ~[tomcat-embed-core-9.0.68.jar:9.0.68]
	at org.apache.catalina.valves.ErrorReportValve.invoke(ErrorReportValve.java:92) ~[tomcat-embed-core-9.0.68.jar:9.0.68]
	at org.apache.catalina.core.StandardEngineValve.invoke(StandardEngineValve.java:78) ~[tomcat-embed-core-9.0.68.jar:9.0.68]
	at org.apache.catalina.connector.CoyoteAdapter.service(CoyoteAdapter.java:360) ~[tomcat-embed-core-9.0.68.jar:9.0.68]
	at org.apache.coyote.http11.Http11Processor.service(Http11Processor.java:399) ~[tomcat-embed-core-9.0.68.jar:9.0.68]
	at org.apache.coyote.AbstractProcessorLight.process(AbstractProcessorLight.java:65) ~[tomcat-embed-core-9.0.68.jar:9.0.68]
	at org.apache.coyote.AbstractProtocol$ConnectionHandler.process(AbstractProtocol.java:893) ~[tomcat-embed-core-9.0.68.jar:9.0.68]
	at org.apache.tomcat.util.net.NioEndpoint$SocketProcessor.doRun(NioEndpoint.java:1789) ~[tomcat-embed-core-9.0.68.jar:9.0.68]
	at org.apache.tomcat.util.net.SocketProcessorBase.run(SocketProcessorBase.java:49) ~[tomcat-embed-core-9.0.68.jar:9.0.68]
	at org.apache.tomcat.util.threads.ThreadPoolExecutor.runWorker(ThreadPoolExecutor.java:1191) ~[tomcat-embed-core-9.0.68.jar:9.0.68]
	at org.apache.tomcat.util.threads.ThreadPoolExecutor$Worker.run(ThreadPoolExecutor.java:659) ~[tomcat-embed-core-9.0.68.jar:9.0.68]
	at org.apache.tomcat.util.threads.TaskThread$WrappingRunnable.run(TaskThread.java:61) ~[tomcat-embed-core-9.0.68.jar:9.0.68]
	at java.base/java.lang.Thread.run(Thread.java:833) ~[na:na]

2023-08-29 01:05:19.445 ERROR 15368 --- [http-nio-443-exec-8] o.a.c.c.C.[.[.[/].[dispatcherServlet]    : Servlet.service() for servlet [dispatcherServlet] in context with path [] threw exception

java.net.UnknownHostException: E
	at java.base/sun.nio.ch.NioSocketImpl.connect(NioSocketImpl.java:567) ~[na:na]
	at java.base/java.net.Socket.connect(Socket.java:633) ~[na:na]
	at java.base/sun.net.ftp.impl.FtpClient.doConnect(FtpClient.java:1045) ~[na:na]
	at java.base/sun.net.ftp.impl.FtpClient.tryConnect(FtpClient.java:1010) ~[na:na]
	at java.base/sun.net.ftp.impl.FtpClient.connect(FtpClient.java:1102) ~[na:na]
	at java.base/sun.net.ftp.impl.FtpClient.connect(FtpClient.java:1088) ~[na:na]
	at java.base/sun.net.www.protocol.ftp.FtpURLConnection.connect(FtpURLConnection.java:320) ~[na:na]
	at java.base/sun.net.www.protocol.ftp.FtpURLConnection.getInputStream(FtpURLConnection.java:426) ~[na:na]
	at org.springframework.core.io.UrlResource.getInputStream(UrlResource.java:187) ~[spring-core-5.3.23.jar:5.3.23]
	at org.springframework.http.converter.ResourceHttpMessageConverter.writeContent(ResourceHttpMessageConverter.java:137) ~[spring-web-5.3.23.jar:5.3.23]
	at org.springframework.http.converter.ResourceHttpMessageConverter.writeInternal(ResourceHttpMessageConverter.java:129) ~[spring-web-5.3.23.jar:5.3.23]
	at org.springframework.http.converter.ResourceHttpMessageConverter.writeInternal(ResourceHttpMessageConverter.java:45) ~[spring-web-5.3.23.jar:5.3.23]
	at org.springframework.http.converter.AbstractHttpMessageConverter.write(AbstractHttpMessageConverter.java:227) ~[spring-web-5.3.23.jar:5.3.23]
	at org.springframework.web.servlet.resource.ResourceHttpRequestHandler.handleRequest(ResourceHttpRequestHandler.java:590) ~[spring-webmvc-5.3.23.jar:5.3.23]
	at org.springframework.web.servlet.mvc.HttpRequestHandlerAdapter.handle(HttpRequestHandlerAdapter.java:52) ~[spring-webmvc-5.3.23.jar:5.3.23]
	at org.springframework.web.servlet.DispatcherServlet.doDispatch(DispatcherServlet.java:1071) ~[spring-webmvc-5.3.23.jar:5.3.23]
	at org.springframework.web.servlet.DispatcherServlet.doService(DispatcherServlet.java:964) ~[spring-webmvc-5.3.23.jar:5.3.23]
	at org.springframework.web.servlet.FrameworkServlet.processRequest(FrameworkServlet.java:1006) ~[spring-webmvc-5.3.23.jar:5.3.23]
	at org.springframework.web.servlet.FrameworkServlet.doGet(FrameworkServlet.java:898) ~[spring-webmvc-5.3.23.jar:5.3.23]
	at javax.servlet.http.HttpServlet.service(HttpServlet.java:645) ~[javax.servlet-api-4.0.1.jar:4.0.1]
	at org.springframework.web.servlet.FrameworkServlet.service(FrameworkServlet.java:883) ~[spring-webmvc-5.3.23.jar:5.3.23]
	at javax.servlet.http.HttpServlet.service(HttpServlet.java:750) ~[javax.servlet-api-4.0.1.jar:4.0.1]
	at org.apache.catalina.core.ApplicationFilterChain.internalDoFilter(ApplicationFilterChain.java:227) ~[tomcat-embed-core-9.0.68.jar:9.0.68]
	at org.apache.catalina.core.ApplicationFilterChain.doFilter(ApplicationFilterChain.java:162) ~[tomcat-embed-core-9.0.68.jar:9.0.68]
	at org.apache.tomcat.websocket.server.WsFilter.doFilter(WsFilter.java:53) ~[tomcat-embed-websocket-9.0.68.jar:9.0.68]
	at org.apache.catalina.core.ApplicationFilterChain.internalDoFilter(ApplicationFilterChain.java:189) ~[tomcat-embed-core-9.0.68.jar:9.0.68]
	at org.apache.catalina.core.ApplicationFilterChain.doFilter(ApplicationFilterChain.java:162) ~[tomcat-embed-core-9.0.68.jar:9.0.68]
	at org.springframework.web.filter.OncePerRequestFilter.doFilter(OncePerRequestFilter.java:111) ~[spring-web-5.3.23.jar:5.3.23]
	at org.apache.catalina.core.ApplicationFilterChain.internalDoFilter(ApplicationFilterChain.java:189) ~[tomcat-embed-core-9.0.68.jar:9.0.68]
	at org.apache.catalina.core.ApplicationFilterChain.doFilter(ApplicationFilterChain.java:162) ~[tomcat-embed-core-9.0.68.jar:9.0.68]
	at com.easygofly.site.setting.web.WebSettingFilter.doFilter(WebSettingFilter.java:33) ~[classes/:na]
	at org.apache.catalina.core.ApplicationFilterChain.internalDoFilter(ApplicationFilterChain.java:189) ~[tomcat-embed-core-9.0.68.jar:9.0.68]
	at org.apache.catalina.core.ApplicationFilterChain.doFilter(ApplicationFilterChain.java:162) ~[tomcat-embed-core-9.0.68.jar:9.0.68]
	at com.easygofly.site.setting.SettingFilter.doFilter(SettingFilter.java:33) ~[classes/:na]
	at org.apache.catalina.core.ApplicationFilterChain.internalDoFilter(ApplicationFilterChain.java:189) ~[tomcat-embed-core-9.0.68.jar:9.0.68]
	at org.apache.catalina.core.ApplicationFilterChain.doFilter(ApplicationFilterChain.java:162) ~[tomcat-embed-core-9.0.68.jar:9.0.68]
	at org.springframework.web.servlet.resource.ResourceUrlEncodingFilter.doFilter(ResourceUrlEncodingFilter.java:67) ~[spring-webmvc-5.3.23.jar:5.3.23]
	at org.apache.catalina.core.ApplicationFilterChain.internalDoFilter(ApplicationFilterChain.java:189) ~[tomcat-embed-core-9.0.68.jar:9.0.68]
	at org.apache.catalina.core.ApplicationFilterChain.doFilter(ApplicationFilterChain.java:162) ~[tomcat-embed-core-9.0.68.jar:9.0.68]
	at org.springframework.security.web.FilterChainProxy$VirtualFilterChain.doFilter(FilterChainProxy.java:337) ~[spring-security-web-5.7.4.jar:5.7.4]
	at org.springframework.security.web.access.intercept.FilterSecurityInterceptor.invoke(FilterSecurityInterceptor.java:115) ~[spring-security-web-5.7.4.jar:5.7.4]
	at org.springframework.security.web.access.intercept.FilterSecurityInterceptor.doFilter(FilterSecurityInterceptor.java:81) ~[spring-security-web-5.7.4.jar:5.7.4]
	at org.springframework.security.web.FilterChainProxy$VirtualFilterChain.doFilter(FilterChainProxy.java:346) ~[spring-security-web-5.7.4.jar:5.7.4]
	at org.springframework.security.web.access.ExceptionTranslationFilter.doFilter(ExceptionTranslationFilter.java:122) ~[spring-security-web-5.7.4.jar:5.7.4]
	at org.springframework.security.web.access.ExceptionTranslationFilter.doFilter(ExceptionTranslationFilter.java:116) ~[spring-security-web-5.7.4.jar:5.7.4]
	at org.springframework.security.web.FilterChainProxy$VirtualFilterChain.doFilter(FilterChainProxy.java:346) ~[spring-security-web-5.7.4.jar:5.7.4]
	at org.springframework.security.web.session.SessionManagementFilter.doFilter(SessionManagementFilter.java:126) ~[spring-security-web-5.7.4.jar:5.7.4]
	at org.springframework.security.web.session.SessionManagementFilter.doFilter(SessionManagementFilter.java:81) ~[spring-security-web-5.7.4.jar:5.7.4]
	at org.springframework.security.web.FilterChainProxy$VirtualFilterChain.doFilter(FilterChainProxy.java:346) ~[spring-security-web-5.7.4.jar:5.7.4]
	at org.springframework.security.web.authentication.AnonymousAuthenticationFilter.doFilter(AnonymousAuthenticationFilter.java:109) ~[spring-security-web-5.7.4.jar:5.7.4]
	at org.springframework.security.web.FilterChainProxy$VirtualFilterChain.doFilter(FilterChainProxy.java:346) ~[spring-security-web-5.7.4.jar:5.7.4]
	at org.springframework.security.web.authentication.rememberme.RememberMeAuthenticationFilter.doFilter(RememberMeAuthenticationFilter.java:106) ~[spring-security-web-5.7.4.jar:5.7.4]
	at org.springframework.security.web.authentication.rememberme.RememberMeAuthenticationFilter.doFilter(RememberMeAuthenticationFilter.java:97) ~[spring-security-web-5.7.4.jar:5.7.4]
	at org.springframework.security.web.FilterChainProxy$VirtualFilterChain.doFilter(FilterChainProxy.java:346) ~[spring-security-web-5.7.4.jar:5.7.4]
	at org.springframework.security.web.servletapi.SecurityContextHolderAwareRequestFilter.doFilter(SecurityContextHolderAwareRequestFilter.java:149) ~[spring-security-web-5.7.4.jar:5.7.4]
	at org.springframework.security.web.FilterChainProxy$VirtualFilterChain.doFilter(FilterChainProxy.java:346) ~[spring-security-web-5.7.4.jar:5.7.4]
	at org.springframework.security.web.savedrequest.RequestCacheAwareFilter.doFilter(RequestCacheAwareFilter.java:63) ~[spring-security-web-5.7.4.jar:5.7.4]
	at org.springframework.security.web.FilterChainProxy$VirtualFilterChain.doFilter(FilterChainProxy.java:346) ~[spring-security-web-5.7.4.jar:5.7.4]
	at org.springframework.security.web.session.ConcurrentSessionFilter.doFilter(ConcurrentSessionFilter.java:147) ~[spring-security-web-5.7.4.jar:5.7.4]
	at org.springframework.security.web.session.ConcurrentSessionFilter.doFilter(ConcurrentSessionFilter.java:125) ~[spring-security-web-5.7.4.jar:5.7.4]
	at org.springframework.security.web.FilterChainProxy$VirtualFilterChain.doFilter(FilterChainProxy.java:346) ~[spring-security-web-5.7.4.jar:5.7.4]
	at org.springframework.security.web.authentication.AbstractAuthenticationProcessingFilter.doFilter(AbstractAuthenticationProcessingFilter.java:223) ~[spring-security-web-5.7.4.jar:5.7.4]
	at org.springframework.security.web.authentication.AbstractAuthenticationProcessingFilter.doFilter(AbstractAuthenticationProcessingFilter.java:217) ~[spring-security-web-5.7.4.jar:5.7.4]
	at org.springframework.security.web.FilterChainProxy$VirtualFilterChain.doFilter(FilterChainProxy.java:346) ~[spring-security-web-5.7.4.jar:5.7.4]
	at org.springframework.security.web.authentication.AbstractAuthenticationProcessingFilter.doFilter(AbstractAuthenticationProcessingFilter.java:223) ~[spring-security-web-5.7.4.jar:5.7.4]
	at org.springframework.security.web.authentication.AbstractAuthenticationProcessingFilter.doFilter(AbstractAuthenticationProcessingFilter.java:217) ~[spring-security-web-5.7.4.jar:5.7.4]
	at org.springframework.security.web.FilterChainProxy$VirtualFilterChain.doFilter(FilterChainProxy.java:346) ~[spring-security-web-5.7.4.jar:5.7.4]
	at org.springframework.security.oauth2.client.web.OAuth2AuthorizationRequestRedirectFilter.doFilterInternal(OAuth2AuthorizationRequestRedirectFilter.java:178) ~[spring-security-oauth2-client-5.7.4.jar:5.7.4]
	at org.springframework.web.filter.OncePerRequestFilter.doFilter(OncePerRequestFilter.java:117) ~[spring-web-5.3.23.jar:5.3.23]
	at org.springframework.security.web.FilterChainProxy$VirtualFilterChain.doFilter(FilterChainProxy.java:346) ~[spring-security-web-5.7.4.jar:5.7.4]
	at org.springframework.security.web.authentication.logout.LogoutFilter.doFilter(LogoutFilter.java:103) ~[spring-security-web-5.7.4.jar:5.7.4]
	at org.springframework.security.web.authentication.logout.LogoutFilter.doFilter(LogoutFilter.java:89) ~[spring-security-web-5.7.4.jar:5.7.4]
	at org.springframework.security.web.FilterChainProxy$VirtualFilterChain.doFilter(FilterChainProxy.java:346) ~[spring-security-web-5.7.4.jar:5.7.4]
	at org.springframework.web.filter.CorsFilter.doFilterInternal(CorsFilter.java:91) ~[spring-web-5.3.23.jar:5.3.23]
	at org.springframework.web.filter.OncePerRequestFilter.doFilter(OncePerRequestFilter.java:117) ~[spring-web-5.3.23.jar:5.3.23]
	at org.springframework.security.web.FilterChainProxy$VirtualFilterChain.doFilter(FilterChainProxy.java:346) ~[spring-security-web-5.7.4.jar:5.7.4]
	at org.springframework.security.web.header.HeaderWriterFilter.doHeadersAfter(HeaderWriterFilter.java:90) ~[spring-security-web-5.7.4.jar:5.7.4]
	at org.springframework.security.web.header.HeaderWriterFilter.doFilterInternal(HeaderWriterFilter.java:75) ~[spring-security-web-5.7.4.jar:5.7.4]
	at org.springframework.web.filter.OncePerRequestFilter.doFilter(OncePerRequestFilter.java:117) ~[spring-web-5.3.23.jar:5.3.23]
	at org.springframework.security.web.FilterChainProxy$VirtualFilterChain.doFilter(FilterChainProxy.java:346) ~[spring-security-web-5.7.4.jar:5.7.4]
	at org.springframework.security.web.context.SecurityContextPersistenceFilter.doFilter(SecurityContextPersistenceFilter.java:112) ~[spring-security-web-5.7.4.jar:5.7.4]
	at org.springframework.security.web.context.SecurityContextPersistenceFilter.doFilter(SecurityContextPersistenceFilter.java:82) ~[spring-security-web-5.7.4.jar:5.7.4]
	at org.springframework.security.web.FilterChainProxy$VirtualFilterChain.doFilter(FilterChainProxy.java:346) ~[spring-security-web-5.7.4.jar:5.7.4]
	at org.springframework.security.web.context.request.async.WebAsyncManagerIntegrationFilter.doFilterInternal(WebAsyncManagerIntegrationFilter.java:55) ~[spring-security-web-5.7.4.jar:5.7.4]
	at org.springframework.web.filter.OncePerRequestFilter.doFilter(OncePerRequestFilter.java:117) ~[spring-web-5.3.23.jar:5.3.23]
	at org.springframework.security.web.FilterChainProxy$VirtualFilterChain.doFilter(FilterChainProxy.java:346) ~[spring-security-web-5.7.4.jar:5.7.4]
	at org.springframework.security.web.session.DisableEncodeUrlFilter.doFilterInternal(DisableEncodeUrlFilter.java:42) ~[spring-security-web-5.7.4.jar:5.7.4]
	at org.springframework.web.filter.OncePerRequestFilter.doFilter(OncePerRequestFilter.java:117) ~[spring-web-5.3.23.jar:5.3.23]
	at org.springframework.security.web.FilterChainProxy$VirtualFilterChain.doFilter(FilterChainProxy.java:346) ~[spring-security-web-5.7.4.jar:5.7.4]
	at org.springframework.security.web.FilterChainProxy.doFilterInternal(FilterChainProxy.java:221) ~[spring-security-web-5.7.4.jar:5.7.4]
	at org.springframework.security.web.FilterChainProxy.doFilter(FilterChainProxy.java:186) ~[spring-security-web-5.7.4.jar:5.7.4]
	at org.springframework.web.filter.DelegatingFilterProxy.invokeDelegate(DelegatingFilterProxy.java:354) ~[spring-web-5.3.23.jar:5.3.23]
	at org.springframework.web.filter.DelegatingFilterProxy.doFilter(DelegatingFilterProxy.java:267) ~[spring-web-5.3.23.jar:5.3.23]
	at org.apache.catalina.core.ApplicationFilterChain.internalDoFilter(ApplicationFilterChain.java:189) ~[tomcat-embed-core-9.0.68.jar:9.0.68]
	at org.apache.catalina.core.ApplicationFilterChain.doFilter(ApplicationFilterChain.java:162) ~[tomcat-embed-core-9.0.68.jar:9.0.68]
	at org.springframework.web.filter.RequestContextFilter.doFilterInternal(RequestContextFilter.java:100) ~[spring-web-5.3.23.jar:5.3.23]
	at org.springframework.web.filter.OncePerRequestFilter.doFilter(OncePerRequestFilter.java:117) ~[spring-web-5.3.23.jar:5.3.23]
	at org.apache.catalina.core.ApplicationFilterChain.internalDoFilter(ApplicationFilterChain.java:189) ~[tomcat-embed-core-9.0.68.jar:9.0.68]
	at org.apache.catalina.core.ApplicationFilterChain.doFilter(ApplicationFilterChain.java:162) ~[tomcat-embed-core-9.0.68.jar:9.0.68]
	at org.springframework.web.filter.FormContentFilter.doFilterInternal(FormContentFilter.java:93) ~[spring-web-5.3.23.jar:5.3.23]
	at org.springframework.web.filter.OncePerRequestFilter.doFilter(OncePerRequestFilter.java:117) ~[spring-web-5.3.23.jar:5.3.23]
	at org.apache.catalina.core.ApplicationFilterChain.internalDoFilter(ApplicationFilterChain.java:189) ~[tomcat-embed-core-9.0.68.jar:9.0.68]
	at org.apache.catalina.core.ApplicationFilterChain.doFilter(ApplicationFilterChain.java:162) ~[tomcat-embed-core-9.0.68.jar:9.0.68]
	at org.springframework.web.filter.CharacterEncodingFilter.doFilterInternal(CharacterEncodingFilter.java:201) ~[spring-web-5.3.23.jar:5.3.23]
	at org.springframework.web.filter.OncePerRequestFilter.doFilter(OncePerRequestFilter.java:117) ~[spring-web-5.3.23.jar:5.3.23]
	at org.apache.catalina.core.ApplicationFilterChain.internalDoFilter(ApplicationFilterChain.java:189) ~[tomcat-embed-core-9.0.68.jar:9.0.68]
	at org.apache.catalina.core.ApplicationFilterChain.doFilter(ApplicationFilterChain.java:162) ~[tomcat-embed-core-9.0.68.jar:9.0.68]
	at org.apache.catalina.core.StandardWrapperValve.invoke(StandardWrapperValve.java:197) ~[tomcat-embed-core-9.0.68.jar:9.0.68]
	at org.apache.catalina.core.StandardContextValve.invoke(StandardContextValve.java:97) ~[tomcat-embed-core-9.0.68.jar:9.0.68]
	at org.apache.catalina.authenticator.AuthenticatorBase.invoke(AuthenticatorBase.java:541) ~[tomcat-embed-core-9.0.68.jar:9.0.68]
	at org.apache.catalina.core.StandardHostValve.invoke(StandardHostValve.java:135) ~[tomcat-embed-core-9.0.68.jar:9.0.68]
	at org.apache.catalina.valves.ErrorReportValve.invoke(ErrorReportValve.java:92) ~[tomcat-embed-core-9.0.68.jar:9.0.68]
	at org.apache.catalina.core.StandardEngineValve.invoke(StandardEngineValve.java:78) ~[tomcat-embed-core-9.0.68.jar:9.0.68]
	at org.apache.catalina.connector.CoyoteAdapter.service(CoyoteAdapter.java:360) ~[tomcat-embed-core-9.0.68.jar:9.0.68]
	at org.apache.coyote.http11.Http11Processor.service(Http11Processor.java:399) ~[tomcat-embed-core-9.0.68.jar:9.0.68]
	at org.apache.coyote.AbstractProcessorLight.process(AbstractProcessorLight.java:65) ~[tomcat-embed-core-9.0.68.jar:9.0.68]
	at org.apache.coyote.AbstractProtocol$ConnectionHandler.process(AbstractProtocol.java:893) ~[tomcat-embed-core-9.0.68.jar:9.0.68]
	at org.apache.tomcat.util.net.NioEndpoint$SocketProcessor.doRun(NioEndpoint.java:1789) ~[tomcat-embed-core-9.0.68.jar:9.0.68]
	at org.apache.tomcat.util.net.SocketProcessorBase.run(SocketProcessorBase.java:49) ~[tomcat-embed-core-9.0.68.jar:9.0.68]
	at org.apache.tomcat.util.threads.ThreadPoolExecutor.runWorker(ThreadPoolExecutor.java:1191) ~[tomcat-embed-core-9.0.68.jar:9.0.68]
	at org.apache.tomcat.util.threads.ThreadPoolExecutor$Worker.run(ThreadPoolExecutor.java:659) ~[tomcat-embed-core-9.0.68.jar:9.0.68]
	at org.apache.tomcat.util.threads.TaskThread$WrappingRunnable.run(TaskThread.java:61) ~[tomcat-embed-core-9.0.68.jar:9.0.68]
	at java.base/java.lang.Thread.run(Thread.java:833) ~[na:na]

2023-08-29 01:05:31.509 ERROR 15368 --- [http-nio-443-exec-7] o.a.c.c.C.[.[.[/].[dispatcherServlet]    : Servlet.service() for servlet [dispatcherServlet] in context with path [] threw exception

java.net.UnknownHostException: E
	at java.base/sun.nio.ch.NioSocketImpl.connect(NioSocketImpl.java:567) ~[na:na]
	at java.base/java.net.Socket.connect(Socket.java:633) ~[na:na]
	at java.base/sun.net.ftp.impl.FtpClient.doConnect(FtpClient.java:1045) ~[na:na]
	at java.base/sun.net.ftp.impl.FtpClient.tryConnect(FtpClient.java:1010) ~[na:na]
	at java.base/sun.net.ftp.impl.FtpClient.connect(FtpClient.java:1102) ~[na:na]
	at java.base/sun.net.ftp.impl.FtpClient.connect(FtpClient.java:1088) ~[na:na]
	at java.base/sun.net.www.protocol.ftp.FtpURLConnection.connect(FtpURLConnection.java:320) ~[na:na]
	at java.base/sun.net.www.protocol.ftp.FtpURLConnection.getInputStream(FtpURLConnection.java:426) ~[na:na]
	at org.springframework.core.io.UrlResource.getInputStream(UrlResource.java:187) ~[spring-core-5.3.23.jar:5.3.23]
	at org.springframework.http.converter.ResourceHttpMessageConverter.writeContent(ResourceHttpMessageConverter.java:137) ~[spring-web-5.3.23.jar:5.3.23]
	at org.springframework.http.converter.ResourceHttpMessageConverter.writeInternal(ResourceHttpMessageConverter.java:129) ~[spring-web-5.3.23.jar:5.3.23]
	at org.springframework.http.converter.ResourceHttpMessageConverter.writeInternal(ResourceHttpMessageConverter.java:45) ~[spring-web-5.3.23.jar:5.3.23]
	at org.springframework.http.converter.AbstractHttpMessageConverter.write(AbstractHttpMessageConverter.java:227) ~[spring-web-5.3.23.jar:5.3.23]
	at org.springframework.web.servlet.resource.ResourceHttpRequestHandler.handleRequest(ResourceHttpRequestHandler.java:590) ~[spring-webmvc-5.3.23.jar:5.3.23]
	at org.springframework.web.servlet.mvc.HttpRequestHandlerAdapter.handle(HttpRequestHandlerAdapter.java:52) ~[spring-webmvc-5.3.23.jar:5.3.23]
	at org.springframework.web.servlet.DispatcherServlet.doDispatch(DispatcherServlet.java:1071) ~[spring-webmvc-5.3.23.jar:5.3.23]
	at org.springframework.web.servlet.DispatcherServlet.doService(DispatcherServlet.java:964) ~[spring-webmvc-5.3.23.jar:5.3.23]
	at org.springframework.web.servlet.FrameworkServlet.processRequest(FrameworkServlet.java:1006) ~[spring-webmvc-5.3.23.jar:5.3.23]
	at org.springframework.web.servlet.FrameworkServlet.doGet(FrameworkServlet.java:898) ~[spring-webmvc-5.3.23.jar:5.3.23]
	at javax.servlet.http.HttpServlet.service(HttpServlet.java:645) ~[javax.servlet-api-4.0.1.jar:4.0.1]
	at org.springframework.web.servlet.FrameworkServlet.service(FrameworkServlet.java:883) ~[spring-webmvc-5.3.23.jar:5.3.23]
	at javax.servlet.http.HttpServlet.service(HttpServlet.java:750) ~[javax.servlet-api-4.0.1.jar:4.0.1]
	at org.apache.catalina.core.ApplicationFilterChain.internalDoFilter(ApplicationFilterChain.java:227) ~[tomcat-embed-core-9.0.68.jar:9.0.68]
	at org.apache.catalina.core.ApplicationFilterChain.doFilter(ApplicationFilterChain.java:162) ~[tomcat-embed-core-9.0.68.jar:9.0.68]
	at org.apache.tomcat.websocket.server.WsFilter.doFilter(WsFilter.java:53) ~[tomcat-embed-websocket-9.0.68.jar:9.0.68]
	at org.apache.catalina.core.ApplicationFilterChain.internalDoFilter(ApplicationFilterChain.java:189) ~[tomcat-embed-core-9.0.68.jar:9.0.68]
	at org.apache.catalina.core.ApplicationFilterChain.doFilter(ApplicationFilterChain.java:162) ~[tomcat-embed-core-9.0.68.jar:9.0.68]
	at org.springframework.web.filter.OncePerRequestFilter.doFilter(OncePerRequestFilter.java:111) ~[spring-web-5.3.23.jar:5.3.23]
	at org.apache.catalina.core.ApplicationFilterChain.internalDoFilter(ApplicationFilterChain.java:189) ~[tomcat-embed-core-9.0.68.jar:9.0.68]
	at org.apache.catalina.core.ApplicationFilterChain.doFilter(ApplicationFilterChain.java:162) ~[tomcat-embed-core-9.0.68.jar:9.0.68]
	at com.easygofly.site.setting.web.WebSettingFilter.doFilter(WebSettingFilter.java:44) ~[classes/:na]
	at org.apache.catalina.core.ApplicationFilterChain.internalDoFilter(ApplicationFilterChain.java:189) ~[tomcat-embed-core-9.0.68.jar:9.0.68]
	at org.apache.catalina.core.ApplicationFilterChain.doFilter(ApplicationFilterChain.java:162) ~[tomcat-embed-core-9.0.68.jar:9.0.68]
	at com.easygofly.site.setting.SettingFilter.doFilter(SettingFilter.java:44) ~[classes/:na]
	at org.apache.catalina.core.ApplicationFilterChain.internalDoFilter(ApplicationFilterChain.java:189) ~[tomcat-embed-core-9.0.68.jar:9.0.68]
	at org.apache.catalina.core.ApplicationFilterChain.doFilter(ApplicationFilterChain.java:162) ~[tomcat-embed-core-9.0.68.jar:9.0.68]
	at org.springframework.web.servlet.resource.ResourceUrlEncodingFilter.doFilter(ResourceUrlEncodingFilter.java:67) ~[spring-webmvc-5.3.23.jar:5.3.23]
	at org.apache.catalina.core.ApplicationFilterChain.internalDoFilter(ApplicationFilterChain.java:189) ~[tomcat-embed-core-9.0.68.jar:9.0.68]
	at org.apache.catalina.core.ApplicationFilterChain.doFilter(ApplicationFilterChain.java:162) ~[tomcat-embed-core-9.0.68.jar:9.0.68]
	at org.springframework.security.web.FilterChainProxy$VirtualFilterChain.doFilter(FilterChainProxy.java:337) ~[spring-security-web-5.7.4.jar:5.7.4]
	at org.springframework.security.web.access.intercept.FilterSecurityInterceptor.invoke(FilterSecurityInterceptor.java:115) ~[spring-security-web-5.7.4.jar:5.7.4]
	at org.springframework.security.web.access.intercept.FilterSecurityInterceptor.doFilter(FilterSecurityInterceptor.java:81) ~[spring-security-web-5.7.4.jar:5.7.4]
	at org.springframework.security.web.FilterChainProxy$VirtualFilterChain.doFilter(FilterChainProxy.java:346) ~[spring-security-web-5.7.4.jar:5.7.4]
	at org.springframework.security.web.access.ExceptionTranslationFilter.doFilter(ExceptionTranslationFilter.java:122) ~[spring-security-web-5.7.4.jar:5.7.4]
	at org.springframework.security.web.access.ExceptionTranslationFilter.doFilter(ExceptionTranslationFilter.java:116) ~[spring-security-web-5.7.4.jar:5.7.4]
	at org.springframework.security.web.FilterChainProxy$VirtualFilterChain.doFilter(FilterChainProxy.java:346) ~[spring-security-web-5.7.4.jar:5.7.4]
	at org.springframework.security.web.session.SessionManagementFilter.doFilter(SessionManagementFilter.java:126) ~[spring-security-web-5.7.4.jar:5.7.4]
	at org.springframework.security.web.session.SessionManagementFilter.doFilter(SessionManagementFilter.java:81) ~[spring-security-web-5.7.4.jar:5.7.4]
	at org.springframework.security.web.FilterChainProxy$VirtualFilterChain.doFilter(FilterChainProxy.java:346) ~[spring-security-web-5.7.4.jar:5.7.4]
	at org.springframework.security.web.authentication.AnonymousAuthenticationFilter.doFilter(AnonymousAuthenticationFilter.java:109) ~[spring-security-web-5.7.4.jar:5.7.4]
	at org.springframework.security.web.FilterChainProxy$VirtualFilterChain.doFilter(FilterChainProxy.java:346) ~[spring-security-web-5.7.4.jar:5.7.4]
	at org.springframework.security.web.authentication.rememberme.RememberMeAuthenticationFilter.doFilter(RememberMeAuthenticationFilter.java:106) ~[spring-security-web-5.7.4.jar:5.7.4]
	at org.springframework.security.web.authentication.rememberme.RememberMeAuthenticationFilter.doFilter(RememberMeAuthenticationFilter.java:97) ~[spring-security-web-5.7.4.jar:5.7.4]
	at org.springframework.security.web.FilterChainProxy$VirtualFilterChain.doFilter(FilterChainProxy.java:346) ~[spring-security-web-5.7.4.jar:5.7.4]
	at org.springframework.security.web.servletapi.SecurityContextHolderAwareRequestFilter.doFilter(SecurityContextHolderAwareRequestFilter.java:149) ~[spring-security-web-5.7.4.jar:5.7.4]
	at org.springframework.security.web.FilterChainProxy$VirtualFilterChain.doFilter(FilterChainProxy.java:346) ~[spring-security-web-5.7.4.jar:5.7.4]
	at org.springframework.security.web.savedrequest.RequestCacheAwareFilter.doFilter(RequestCacheAwareFilter.java:63) ~[spring-security-web-5.7.4.jar:5.7.4]
	at org.springframework.security.web.FilterChainProxy$VirtualFilterChain.doFilter(FilterChainProxy.java:346) ~[spring-security-web-5.7.4.jar:5.7.4]
	at org.springframework.security.web.session.ConcurrentSessionFilter.doFilter(ConcurrentSessionFilter.java:147) ~[spring-security-web-5.7.4.jar:5.7.4]
	at org.springframework.security.web.session.ConcurrentSessionFilter.doFilter(ConcurrentSessionFilter.java:125) ~[spring-security-web-5.7.4.jar:5.7.4]
	at org.springframework.security.web.FilterChainProxy$VirtualFilterChain.doFilter(FilterChainProxy.java:346) ~[spring-security-web-5.7.4.jar:5.7.4]
	at org.springframework.security.web.authentication.AbstractAuthenticationProcessingFilter.doFilter(AbstractAuthenticationProcessingFilter.java:223) ~[spring-security-web-5.7.4.jar:5.7.4]
	at org.springframework.security.web.authentication.AbstractAuthenticationProcessingFilter.doFilter(AbstractAuthenticationProcessingFilter.java:217) ~[spring-security-web-5.7.4.jar:5.7.4]
	at org.springframework.security.web.FilterChainProxy$VirtualFilterChain.doFilter(FilterChainProxy.java:346) ~[spring-security-web-5.7.4.jar:5.7.4]
	at org.springframework.security.web.authentication.AbstractAuthenticationProcessingFilter.doFilter(AbstractAuthenticationProcessingFilter.java:223) ~[spring-security-web-5.7.4.jar:5.7.4]
	at org.springframework.security.web.authentication.AbstractAuthenticationProcessingFilter.doFilter(AbstractAuthenticationProcessingFilter.java:217) ~[spring-security-web-5.7.4.jar:5.7.4]
	at org.springframework.security.web.FilterChainProxy$VirtualFilterChain.doFilter(FilterChainProxy.java:346) ~[spring-security-web-5.7.4.jar:5.7.4]
	at org.springframework.security.oauth2.client.web.OAuth2AuthorizationRequestRedirectFilter.doFilterInternal(OAuth2AuthorizationRequestRedirectFilter.java:178) ~[spring-security-oauth2-client-5.7.4.jar:5.7.4]
	at org.springframework.web.filter.OncePerRequestFilter.doFilter(OncePerRequestFilter.java:117) ~[spring-web-5.3.23.jar:5.3.23]
	at org.springframework.security.web.FilterChainProxy$VirtualFilterChain.doFilter(FilterChainProxy.java:346) ~[spring-security-web-5.7.4.jar:5.7.4]
	at org.springframework.security.web.authentication.logout.LogoutFilter.doFilter(LogoutFilter.java:103) ~[spring-security-web-5.7.4.jar:5.7.4]
	at org.springframework.security.web.authentication.logout.LogoutFilter.doFilter(LogoutFilter.java:89) ~[spring-security-web-5.7.4.jar:5.7.4]
	at org.springframework.security.web.FilterChainProxy$VirtualFilterChain.doFilter(FilterChainProxy.java:346) ~[spring-security-web-5.7.4.jar:5.7.4]
	at org.springframework.web.filter.CorsFilter.doFilterInternal(CorsFilter.java:91) ~[spring-web-5.3.23.jar:5.3.23]
	at org.springframework.web.filter.OncePerRequestFilter.doFilter(OncePerRequestFilter.java:117) ~[spring-web-5.3.23.jar:5.3.23]
	at org.springframework.security.web.FilterChainProxy$VirtualFilterChain.doFilter(FilterChainProxy.java:346) ~[spring-security-web-5.7.4.jar:5.7.4]
	at org.springframework.security.web.header.HeaderWriterFilter.doHeadersAfter(HeaderWriterFilter.java:90) ~[spring-security-web-5.7.4.jar:5.7.4]
	at org.springframework.security.web.header.HeaderWriterFilter.doFilterInternal(HeaderWriterFilter.java:75) ~[spring-security-web-5.7.4.jar:5.7.4]
	at org.springframework.web.filter.OncePerRequestFilter.doFilter(OncePerRequestFilter.java:117) ~[spring-web-5.3.23.jar:5.3.23]
	at org.springframework.security.web.FilterChainProxy$VirtualFilterChain.doFilter(FilterChainProxy.java:346) ~[spring-security-web-5.7.4.jar:5.7.4]
	at org.springframework.security.web.context.SecurityContextPersistenceFilter.doFilter(SecurityContextPersistenceFilter.java:112) ~[spring-security-web-5.7.4.jar:5.7.4]
	at org.springframework.security.web.context.SecurityContextPersistenceFilter.doFilter(SecurityContextPersistenceFilter.java:82) ~[spring-security-web-5.7.4.jar:5.7.4]
	at org.springframework.security.web.FilterChainProxy$VirtualFilterChain.doFilter(FilterChainProxy.java:346) ~[spring-security-web-5.7.4.jar:5.7.4]
	at org.springframework.security.web.context.request.async.WebAsyncManagerIntegrationFilter.doFilterInternal(WebAsyncManagerIntegrationFilter.java:55) ~[spring-security-web-5.7.4.jar:5.7.4]
	at org.springframework.web.filter.OncePerRequestFilter.doFilter(OncePerRequestFilter.java:117) ~[spring-web-5.3.23.jar:5.3.23]
	at org.springframework.security.web.FilterChainProxy$VirtualFilterChain.doFilter(FilterChainProxy.java:346) ~[spring-security-web-5.7.4.jar:5.7.4]
	at org.springframework.security.web.session.DisableEncodeUrlFilter.doFilterInternal(DisableEncodeUrlFilter.java:42) ~[spring-security-web-5.7.4.jar:5.7.4]
	at org.springframework.web.filter.OncePerRequestFilter.doFilter(OncePerRequestFilter.java:117) ~[spring-web-5.3.23.jar:5.3.23]
	at org.springframework.security.web.FilterChainProxy$VirtualFilterChain.doFilter(FilterChainProxy.java:346) ~[spring-security-web-5.7.4.jar:5.7.4]
	at org.springframework.security.web.FilterChainProxy.doFilterInternal(FilterChainProxy.java:221) ~[spring-security-web-5.7.4.jar:5.7.4]
	at org.springframework.security.web.FilterChainProxy.doFilter(FilterChainProxy.java:186) ~[spring-security-web-5.7.4.jar:5.7.4]
	at org.springframework.web.filter.DelegatingFilterProxy.invokeDelegate(DelegatingFilterProxy.java:354) ~[spring-web-5.3.23.jar:5.3.23]
	at org.springframework.web.filter.DelegatingFilterProxy.doFilter(DelegatingFilterProxy.java:267) ~[spring-web-5.3.23.jar:5.3.23]
	at org.apache.catalina.core.ApplicationFilterChain.internalDoFilter(ApplicationFilterChain.java:189) ~[tomcat-embed-core-9.0.68.jar:9.0.68]
	at org.apache.catalina.core.ApplicationFilterChain.doFilter(ApplicationFilterChain.java:162) ~[tomcat-embed-core-9.0.68.jar:9.0.68]
	at org.springframework.web.filter.RequestContextFilter.doFilterInternal(RequestContextFilter.java:100) ~[spring-web-5.3.23.jar:5.3.23]
	at org.springframework.web.filter.OncePerRequestFilter.doFilter(OncePerRequestFilter.java:117) ~[spring-web-5.3.23.jar:5.3.23]
	at org.apache.catalina.core.ApplicationFilterChain.internalDoFilter(ApplicationFilterChain.java:189) ~[tomcat-embed-core-9.0.68.jar:9.0.68]
	at org.apache.catalina.core.ApplicationFilterChain.doFilter(ApplicationFilterChain.java:162) ~[tomcat-embed-core-9.0.68.jar:9.0.68]
	at org.springframework.web.filter.FormContentFilter.doFilterInternal(FormContentFilter.java:93) ~[spring-web-5.3.23.jar:5.3.23]
	at org.springframework.web.filter.OncePerRequestFilter.doFilter(OncePerRequestFilter.java:117) ~[spring-web-5.3.23.jar:5.3.23]
	at org.apache.catalina.core.ApplicationFilterChain.internalDoFilter(ApplicationFilterChain.java:189) ~[tomcat-embed-core-9.0.68.jar:9.0.68]
	at org.apache.catalina.core.ApplicationFilterChain.doFilter(ApplicationFilterChain.java:162) ~[tomcat-embed-core-9.0.68.jar:9.0.68]
	at org.springframework.web.filter.CharacterEncodingFilter.doFilterInternal(CharacterEncodingFilter.java:201) ~[spring-web-5.3.23.jar:5.3.23]
	at org.springframework.web.filter.OncePerRequestFilter.doFilter(OncePerRequestFilter.java:117) ~[spring-web-5.3.23.jar:5.3.23]
	at org.apache.catalina.core.ApplicationFilterChain.internalDoFilter(ApplicationFilterChain.java:189) ~[tomcat-embed-core-9.0.68.jar:9.0.68]
	at org.apache.catalina.core.ApplicationFilterChain.doFilter(ApplicationFilterChain.java:162) ~[tomcat-embed-core-9.0.68.jar:9.0.68]
	at org.apache.catalina.core.StandardWrapperValve.invoke(StandardWrapperValve.java:197) ~[tomcat-embed-core-9.0.68.jar:9.0.68]
	at org.apache.catalina.core.StandardContextValve.invoke(StandardContextValve.java:97) ~[tomcat-embed-core-9.0.68.jar:9.0.68]
	at org.apache.catalina.authenticator.AuthenticatorBase.invoke(AuthenticatorBase.java:541) ~[tomcat-embed-core-9.0.68.jar:9.0.68]
	at org.apache.catalina.core.StandardHostValve.invoke(StandardHostValve.java:135) ~[tomcat-embed-core-9.0.68.jar:9.0.68]
	at org.apache.catalina.valves.ErrorReportValve.invoke(ErrorReportValve.java:92) ~[tomcat-embed-core-9.0.68.jar:9.0.68]
	at org.apache.catalina.core.StandardEngineValve.invoke(StandardEngineValve.java:78) ~[tomcat-embed-core-9.0.68.jar:9.0.68]
	at org.apache.catalina.connector.CoyoteAdapter.service(CoyoteAdapter.java:360) ~[tomcat-embed-core-9.0.68.jar:9.0.68]
	at org.apache.coyote.http11.Http11Processor.service(Http11Processor.java:399) ~[tomcat-embed-core-9.0.68.jar:9.0.68]
	at org.apache.coyote.AbstractProcessorLight.process(AbstractProcessorLight.java:65) ~[tomcat-embed-core-9.0.68.jar:9.0.68]
	at org.apache.coyote.AbstractProtocol$ConnectionHandler.process(AbstractProtocol.java:893) ~[tomcat-embed-core-9.0.68.jar:9.0.68]
	at org.apache.tomcat.util.net.NioEndpoint$SocketProcessor.doRun(NioEndpoint.java:1789) ~[tomcat-embed-core-9.0.68.jar:9.0.68]
	at org.apache.tomcat.util.net.SocketProcessorBase.run(SocketProcessorBase.java:49) ~[tomcat-embed-core-9.0.68.jar:9.0.68]
	at org.apache.tomcat.util.threads.ThreadPoolExecutor.runWorker(ThreadPoolExecutor.java:1191) ~[tomcat-embed-core-9.0.68.jar:9.0.68]
	at org.apache.tomcat.util.threads.ThreadPoolExecutor$Worker.run(ThreadPoolExecutor.java:659) ~[tomcat-embed-core-9.0.68.jar:9.0.68]
	at org.apache.tomcat.util.threads.TaskThread$WrappingRunnable.run(TaskThread.java:61) ~[tomcat-embed-core-9.0.68.jar:9.0.68]
	at java.base/java.lang.Thread.run(Thread.java:833) ~[na:na]

2023-08-29 01:05:31.509 ERROR 15368 --- [http-nio-443-exec-4] o.a.c.c.C.[.[.[/].[dispatcherServlet]    : Servlet.service() for servlet [dispatcherServlet] in context with path [] threw exception

java.net.UnknownHostException: E
	at java.base/sun.nio.ch.NioSocketImpl.connect(NioSocketImpl.java:567) ~[na:na]
	at java.base/java.net.Socket.connect(Socket.java:633) ~[na:na]
	at java.base/sun.net.ftp.impl.FtpClient.doConnect(FtpClient.java:1045) ~[na:na]
	at java.base/sun.net.ftp.impl.FtpClient.tryConnect(FtpClient.java:1010) ~[na:na]
	at java.base/sun.net.ftp.impl.FtpClient.connect(FtpClient.java:1102) ~[na:na]
	at java.base/sun.net.ftp.impl.FtpClient.connect(FtpClient.java:1088) ~[na:na]
	at java.base/sun.net.www.protocol.ftp.FtpURLConnection.connect(FtpURLConnection.java:320) ~[na:na]
	at java.base/sun.net.www.protocol.ftp.FtpURLConnection.getInputStream(FtpURLConnection.java:426) ~[na:na]
	at org.springframework.core.io.UrlResource.getInputStream(UrlResource.java:187) ~[spring-core-5.3.23.jar:5.3.23]
	at org.springframework.http.converter.ResourceHttpMessageConverter.writeContent(ResourceHttpMessageConverter.java:137) ~[spring-web-5.3.23.jar:5.3.23]
	at org.springframework.http.converter.ResourceHttpMessageConverter.writeInternal(ResourceHttpMessageConverter.java:129) ~[spring-web-5.3.23.jar:5.3.23]
	at org.springframework.http.converter.ResourceHttpMessageConverter.writeInternal(ResourceHttpMessageConverter.java:45) ~[spring-web-5.3.23.jar:5.3.23]
	at org.springframework.http.converter.AbstractHttpMessageConverter.write(AbstractHttpMessageConverter.java:227) ~[spring-web-5.3.23.jar:5.3.23]
	at org.springframework.web.servlet.resource.ResourceHttpRequestHandler.handleRequest(ResourceHttpRequestHandler.java:590) ~[spring-webmvc-5.3.23.jar:5.3.23]
	at org.springframework.web.servlet.mvc.HttpRequestHandlerAdapter.handle(HttpRequestHandlerAdapter.java:52) ~[spring-webmvc-5.3.23.jar:5.3.23]
	at org.springframework.web.servlet.DispatcherServlet.doDispatch(DispatcherServlet.java:1071) ~[spring-webmvc-5.3.23.jar:5.3.23]
	at org.springframework.web.servlet.DispatcherServlet.doService(DispatcherServlet.java:964) ~[spring-webmvc-5.3.23.jar:5.3.23]
	at org.springframework.web.servlet.FrameworkServlet.processRequest(FrameworkServlet.java:1006) ~[spring-webmvc-5.3.23.jar:5.3.23]
	at org.springframework.web.servlet.FrameworkServlet.doGet(FrameworkServlet.java:898) ~[spring-webmvc-5.3.23.jar:5.3.23]
	at javax.servlet.http.HttpServlet.service(HttpServlet.java:645) ~[javax.servlet-api-4.0.1.jar:4.0.1]
	at org.springframework.web.servlet.FrameworkServlet.service(FrameworkServlet.java:883) ~[spring-webmvc-5.3.23.jar:5.3.23]
	at javax.servlet.http.HttpServlet.service(HttpServlet.java:750) ~[javax.servlet-api-4.0.1.jar:4.0.1]
	at org.apache.catalina.core.ApplicationFilterChain.internalDoFilter(ApplicationFilterChain.java:227) ~[tomcat-embed-core-9.0.68.jar:9.0.68]
	at org.apache.catalina.core.ApplicationFilterChain.doFilter(ApplicationFilterChain.java:162) ~[tomcat-embed-core-9.0.68.jar:9.0.68]
	at org.apache.tomcat.websocket.server.WsFilter.doFilter(WsFilter.java:53) ~[tomcat-embed-websocket-9.0.68.jar:9.0.68]
	at org.apache.catalina.core.ApplicationFilterChain.internalDoFilter(ApplicationFilterChain.java:189) ~[tomcat-embed-core-9.0.68.jar:9.0.68]
	at org.apache.catalina.core.ApplicationFilterChain.doFilter(ApplicationFilterChain.java:162) ~[tomcat-embed-core-9.0.68.jar:9.0.68]
	at org.springframework.web.filter.OncePerRequestFilter.doFilter(OncePerRequestFilter.java:111) ~[spring-web-5.3.23.jar:5.3.23]
	at org.apache.catalina.core.ApplicationFilterChain.internalDoFilter(ApplicationFilterChain.java:189) ~[tomcat-embed-core-9.0.68.jar:9.0.68]
	at org.apache.catalina.core.ApplicationFilterChain.doFilter(ApplicationFilterChain.java:162) ~[tomcat-embed-core-9.0.68.jar:9.0.68]
	at com.easygofly.site.setting.web.WebSettingFilter.doFilter(WebSettingFilter.java:33) ~[classes/:na]
	at org.apache.catalina.core.ApplicationFilterChain.internalDoFilter(ApplicationFilterChain.java:189) ~[tomcat-embed-core-9.0.68.jar:9.0.68]
	at org.apache.catalina.core.ApplicationFilterChain.doFilter(ApplicationFilterChain.java:162) ~[tomcat-embed-core-9.0.68.jar:9.0.68]
	at com.easygofly.site.setting.SettingFilter.doFilter(SettingFilter.java:33) ~[classes/:na]
	at org.apache.catalina.core.ApplicationFilterChain.internalDoFilter(ApplicationFilterChain.java:189) ~[tomcat-embed-core-9.0.68.jar:9.0.68]
	at org.apache.catalina.core.ApplicationFilterChain.doFilter(ApplicationFilterChain.java:162) ~[tomcat-embed-core-9.0.68.jar:9.0.68]
	at org.springframework.web.servlet.resource.ResourceUrlEncodingFilter.doFilter(ResourceUrlEncodingFilter.java:67) ~[spring-webmvc-5.3.23.jar:5.3.23]
	at org.apache.catalina.core.ApplicationFilterChain.internalDoFilter(ApplicationFilterChain.java:189) ~[tomcat-embed-core-9.0.68.jar:9.0.68]
	at org.apache.catalina.core.ApplicationFilterChain.doFilter(ApplicationFilterChain.java:162) ~[tomcat-embed-core-9.0.68.jar:9.0.68]
	at org.springframework.security.web.FilterChainProxy$VirtualFilterChain.doFilter(FilterChainProxy.java:337) ~[spring-security-web-5.7.4.jar:5.7.4]
	at org.springframework.security.web.access.intercept.FilterSecurityInterceptor.invoke(FilterSecurityInterceptor.java:115) ~[spring-security-web-5.7.4.jar:5.7.4]
	at org.springframework.security.web.access.intercept.FilterSecurityInterceptor.doFilter(FilterSecurityInterceptor.java:81) ~[spring-security-web-5.7.4.jar:5.7.4]
	at org.springframework.security.web.FilterChainProxy$VirtualFilterChain.doFilter(FilterChainProxy.java:346) ~[spring-security-web-5.7.4.jar:5.7.4]
	at org.springframework.security.web.access.ExceptionTranslationFilter.doFilter(ExceptionTranslationFilter.java:122) ~[spring-security-web-5.7.4.jar:5.7.4]
	at org.springframework.security.web.access.ExceptionTranslationFilter.doFilter(ExceptionTranslationFilter.java:116) ~[spring-security-web-5.7.4.jar:5.7.4]
	at org.springframework.security.web.FilterChainProxy$VirtualFilterChain.doFilter(FilterChainProxy.java:346) ~[spring-security-web-5.7.4.jar:5.7.4]
	at org.springframework.security.web.session.SessionManagementFilter.doFilter(SessionManagementFilter.java:126) ~[spring-security-web-5.7.4.jar:5.7.4]
	at org.springframework.security.web.session.SessionManagementFilter.doFilter(SessionManagementFilter.java:81) ~[spring-security-web-5.7.4.jar:5.7.4]
	at org.springframework.security.web.FilterChainProxy$VirtualFilterChain.doFilter(FilterChainProxy.java:346) ~[spring-security-web-5.7.4.jar:5.7.4]
	at org.springframework.security.web.authentication.AnonymousAuthenticationFilter.doFilter(AnonymousAuthenticationFilter.java:109) ~[spring-security-web-5.7.4.jar:5.7.4]
	at org.springframework.security.web.FilterChainProxy$VirtualFilterChain.doFilter(FilterChainProxy.java:346) ~[spring-security-web-5.7.4.jar:5.7.4]
	at org.springframework.security.web.authentication.rememberme.RememberMeAuthenticationFilter.doFilter(RememberMeAuthenticationFilter.java:106) ~[spring-security-web-5.7.4.jar:5.7.4]
	at org.springframework.security.web.authentication.rememberme.RememberMeAuthenticationFilter.doFilter(RememberMeAuthenticationFilter.java:97) ~[spring-security-web-5.7.4.jar:5.7.4]
	at org.springframework.security.web.FilterChainProxy$VirtualFilterChain.doFilter(FilterChainProxy.java:346) ~[spring-security-web-5.7.4.jar:5.7.4]
	at org.springframework.security.web.servletapi.SecurityContextHolderAwareRequestFilter.doFilter(SecurityContextHolderAwareRequestFilter.java:149) ~[spring-security-web-5.7.4.jar:5.7.4]
	at org.springframework.security.web.FilterChainProxy$VirtualFilterChain.doFilter(FilterChainProxy.java:346) ~[spring-security-web-5.7.4.jar:5.7.4]
	at org.springframework.security.web.savedrequest.RequestCacheAwareFilter.doFilter(RequestCacheAwareFilter.java:63) ~[spring-security-web-5.7.4.jar:5.7.4]
	at org.springframework.security.web.FilterChainProxy$VirtualFilterChain.doFilter(FilterChainProxy.java:346) ~[spring-security-web-5.7.4.jar:5.7.4]
	at org.springframework.security.web.session.ConcurrentSessionFilter.doFilter(ConcurrentSessionFilter.java:147) ~[spring-security-web-5.7.4.jar:5.7.4]
	at org.springframework.security.web.session.ConcurrentSessionFilter.doFilter(ConcurrentSessionFilter.java:125) ~[spring-security-web-5.7.4.jar:5.7.4]
	at org.springframework.security.web.FilterChainProxy$VirtualFilterChain.doFilter(FilterChainProxy.java:346) ~[spring-security-web-5.7.4.jar:5.7.4]
	at org.springframework.security.web.authentication.AbstractAuthenticationProcessingFilter.doFilter(AbstractAuthenticationProcessingFilter.java:223) ~[spring-security-web-5.7.4.jar:5.7.4]
	at org.springframework.security.web.authentication.AbstractAuthenticationProcessingFilter.doFilter(AbstractAuthenticationProcessingFilter.java:217) ~[spring-security-web-5.7.4.jar:5.7.4]
	at org.springframework.security.web.FilterChainProxy$VirtualFilterChain.doFilter(FilterChainProxy.java:346) ~[spring-security-web-5.7.4.jar:5.7.4]
	at org.springframework.security.web.authentication.AbstractAuthenticationProcessingFilter.doFilter(AbstractAuthenticationProcessingFilter.java:223) ~[spring-security-web-5.7.4.jar:5.7.4]
	at org.springframework.security.web.authentication.AbstractAuthenticationProcessingFilter.doFilter(AbstractAuthenticationProcessingFilter.java:217) ~[spring-security-web-5.7.4.jar:5.7.4]
	at org.springframework.security.web.FilterChainProxy$VirtualFilterChain.doFilter(FilterChainProxy.java:346) ~[spring-security-web-5.7.4.jar:5.7.4]
	at org.springframework.security.oauth2.client.web.OAuth2AuthorizationRequestRedirectFilter.doFilterInternal(OAuth2AuthorizationRequestRedirectFilter.java:178) ~[spring-security-oauth2-client-5.7.4.jar:5.7.4]
	at org.springframework.web.filter.OncePerRequestFilter.doFilter(OncePerRequestFilter.java:117) ~[spring-web-5.3.23.jar:5.3.23]
	at org.springframework.security.web.FilterChainProxy$VirtualFilterChain.doFilter(FilterChainProxy.java:346) ~[spring-security-web-5.7.4.jar:5.7.4]
	at org.springframework.security.web.authentication.logout.LogoutFilter.doFilter(LogoutFilter.java:103) ~[spring-security-web-5.7.4.jar:5.7.4]
	at org.springframework.security.web.authentication.logout.LogoutFilter.doFilter(LogoutFilter.java:89) ~[spring-security-web-5.7.4.jar:5.7.4]
	at org.springframework.security.web.FilterChainProxy$VirtualFilterChain.doFilter(FilterChainProxy.java:346) ~[spring-security-web-5.7.4.jar:5.7.4]
	at org.springframework.web.filter.CorsFilter.doFilterInternal(CorsFilter.java:91) ~[spring-web-5.3.23.jar:5.3.23]
	at org.springframework.web.filter.OncePerRequestFilter.doFilter(OncePerRequestFilter.java:117) ~[spring-web-5.3.23.jar:5.3.23]
	at org.springframework.security.web.FilterChainProxy$VirtualFilterChain.doFilter(FilterChainProxy.java:346) ~[spring-security-web-5.7.4.jar:5.7.4]
	at org.springframework.security.web.header.HeaderWriterFilter.doHeadersAfter(HeaderWriterFilter.java:90) ~[spring-security-web-5.7.4.jar:5.7.4]
	at org.springframework.security.web.header.HeaderWriterFilter.doFilterInternal(HeaderWriterFilter.java:75) ~[spring-security-web-5.7.4.jar:5.7.4]
	at org.springframework.web.filter.OncePerRequestFilter.doFilter(OncePerRequestFilter.java:117) ~[spring-web-5.3.23.jar:5.3.23]
	at org.springframework.security.web.FilterChainProxy$VirtualFilterChain.doFilter(FilterChainProxy.java:346) ~[spring-security-web-5.7.4.jar:5.7.4]
	at org.springframework.security.web.context.SecurityContextPersistenceFilter.doFilter(SecurityContextPersistenceFilter.java:112) ~[spring-security-web-5.7.4.jar:5.7.4]
	at org.springframework.security.web.context.SecurityContextPersistenceFilter.doFilter(SecurityContextPersistenceFilter.java:82) ~[spring-security-web-5.7.4.jar:5.7.4]
	at org.springframework.security.web.FilterChainProxy$VirtualFilterChain.doFilter(FilterChainProxy.java:346) ~[spring-security-web-5.7.4.jar:5.7.4]
	at org.springframework.security.web.context.request.async.WebAsyncManagerIntegrationFilter.doFilterInternal(WebAsyncManagerIntegrationFilter.java:55) ~[spring-security-web-5.7.4.jar:5.7.4]
	at org.springframework.web.filter.OncePerRequestFilter.doFilter(OncePerRequestFilter.java:117) ~[spring-web-5.3.23.jar:5.3.23]
	at org.springframework.security.web.FilterChainProxy$VirtualFilterChain.doFilter(FilterChainProxy.java:346) ~[spring-security-web-5.7.4.jar:5.7.4]
	at org.springframework.security.web.session.DisableEncodeUrlFilter.doFilterInternal(DisableEncodeUrlFilter.java:42) ~[spring-security-web-5.7.4.jar:5.7.4]
	at org.springframework.web.filter.OncePerRequestFilter.doFilter(OncePerRequestFilter.java:117) ~[spring-web-5.3.23.jar:5.3.23]
	at org.springframework.security.web.FilterChainProxy$VirtualFilterChain.doFilter(FilterChainProxy.java:346) ~[spring-security-web-5.7.4.jar:5.7.4]
	at org.springframework.security.web.FilterChainProxy.doFilterInternal(FilterChainProxy.java:221) ~[spring-security-web-5.7.4.jar:5.7.4]
	at org.springframework.security.web.FilterChainProxy.doFilter(FilterChainProxy.java:186) ~[spring-security-web-5.7.4.jar:5.7.4]
	at org.springframework.web.filter.DelegatingFilterProxy.invokeDelegate(DelegatingFilterProxy.java:354) ~[spring-web-5.3.23.jar:5.3.23]
	at org.springframework.web.filter.DelegatingFilterProxy.doFilter(DelegatingFilterProxy.java:267) ~[spring-web-5.3.23.jar:5.3.23]
	at org.apache.catalina.core.ApplicationFilterChain.internalDoFilter(ApplicationFilterChain.java:189) ~[tomcat-embed-core-9.0.68.jar:9.0.68]
	at org.apache.catalina.core.ApplicationFilterChain.doFilter(ApplicationFilterChain.java:162) ~[tomcat-embed-core-9.0.68.jar:9.0.68]
	at org.springframework.web.filter.RequestContextFilter.doFilterInternal(RequestContextFilter.java:100) ~[spring-web-5.3.23.jar:5.3.23]
	at org.springframework.web.filter.OncePerRequestFilter.doFilter(OncePerRequestFilter.java:117) ~[spring-web-5.3.23.jar:5.3.23]
	at org.apache.catalina.core.ApplicationFilterChain.internalDoFilter(ApplicationFilterChain.java:189) ~[tomcat-embed-core-9.0.68.jar:9.0.68]
	at org.apache.catalina.core.ApplicationFilterChain.doFilter(ApplicationFilterChain.java:162) ~[tomcat-embed-core-9.0.68.jar:9.0.68]
	at org.springframework.web.filter.FormContentFilter.doFilterInternal(FormContentFilter.java:93) ~[spring-web-5.3.23.jar:5.3.23]
	at org.springframework.web.filter.OncePerRequestFilter.doFilter(OncePerRequestFilter.java:117) ~[spring-web-5.3.23.jar:5.3.23]
	at org.apache.catalina.core.ApplicationFilterChain.internalDoFilter(ApplicationFilterChain.java:189) ~[tomcat-embed-core-9.0.68.jar:9.0.68]
	at org.apache.catalina.core.ApplicationFilterChain.doFilter(ApplicationFilterChain.java:162) ~[tomcat-embed-core-9.0.68.jar:9.0.68]
	at org.springframework.web.filter.CharacterEncodingFilter.doFilterInternal(CharacterEncodingFilter.java:201) ~[spring-web-5.3.23.jar:5.3.23]
	at org.springframework.web.filter.OncePerRequestFilter.doFilter(OncePerRequestFilter.java:117) ~[spring-web-5.3.23.jar:5.3.23]
	at org.apache.catalina.core.ApplicationFilterChain.internalDoFilter(ApplicationFilterChain.java:189) ~[tomcat-embed-core-9.0.68.jar:9.0.68]
	at org.apache.catalina.core.ApplicationFilterChain.doFilter(ApplicationFilterChain.java:162) ~[tomcat-embed-core-9.0.68.jar:9.0.68]
	at org.apache.catalina.core.StandardWrapperValve.invoke(StandardWrapperValve.java:197) ~[tomcat-embed-core-9.0.68.jar:9.0.68]
	at org.apache.catalina.core.StandardContextValve.invoke(StandardContextValve.java:97) ~[tomcat-embed-core-9.0.68.jar:9.0.68]
	at org.apache.catalina.authenticator.AuthenticatorBase.invoke(AuthenticatorBase.java:541) ~[tomcat-embed-core-9.0.68.jar:9.0.68]
	at org.apache.catalina.core.StandardHostValve.invoke(StandardHostValve.java:135) ~[tomcat-embed-core-9.0.68.jar:9.0.68]
	at org.apache.catalina.valves.ErrorReportValve.invoke(ErrorReportValve.java:92) ~[tomcat-embed-core-9.0.68.jar:9.0.68]
	at org.apache.catalina.core.StandardEngineValve.invoke(StandardEngineValve.java:78) ~[tomcat-embed-core-9.0.68.jar:9.0.68]
	at org.apache.catalina.connector.CoyoteAdapter.service(CoyoteAdapter.java:360) ~[tomcat-embed-core-9.0.68.jar:9.0.68]
	at org.apache.coyote.http11.Http11Processor.service(Http11Processor.java:399) ~[tomcat-embed-core-9.0.68.jar:9.0.68]
	at org.apache.coyote.AbstractProcessorLight.process(AbstractProcessorLight.java:65) ~[tomcat-embed-core-9.0.68.jar:9.0.68]
	at org.apache.coyote.AbstractProtocol$ConnectionHandler.process(AbstractProtocol.java:893) ~[tomcat-embed-core-9.0.68.jar:9.0.68]
	at org.apache.tomcat.util.net.NioEndpoint$SocketProcessor.doRun(NioEndpoint.java:1789) ~[tomcat-embed-core-9.0.68.jar:9.0.68]
	at org.apache.tomcat.util.net.SocketProcessorBase.run(SocketProcessorBase.java:49) ~[tomcat-embed-core-9.0.68.jar:9.0.68]
	at org.apache.tomcat.util.threads.ThreadPoolExecutor.runWorker(ThreadPoolExecutor.java:1191) ~[tomcat-embed-core-9.0.68.jar:9.0.68]
	at org.apache.tomcat.util.threads.ThreadPoolExecutor$Worker.run(ThreadPoolExecutor.java:659) ~[tomcat-embed-core-9.0.68.jar:9.0.68]
	at org.apache.tomcat.util.threads.TaskThread$WrappingRunnable.run(TaskThread.java:61) ~[tomcat-embed-core-9.0.68.jar:9.0.68]
	at java.base/java.lang.Thread.run(Thread.java:833) ~[na:na]

2023-08-29 01:05:31.526 ERROR 15368 --- [http-nio-443-exec-5] o.a.c.c.C.[.[.[/].[dispatcherServlet]    : Servlet.service() for servlet [dispatcherServlet] in context with path [] threw exception

java.net.UnknownHostException: E
	at java.base/sun.nio.ch.NioSocketImpl.connect(NioSocketImpl.java:567) ~[na:na]
	at java.base/java.net.Socket.connect(Socket.java:633) ~[na:na]
	at java.base/sun.net.ftp.impl.FtpClient.doConnect(FtpClient.java:1045) ~[na:na]
	at java.base/sun.net.ftp.impl.FtpClient.tryConnect(FtpClient.java:1010) ~[na:na]
	at java.base/sun.net.ftp.impl.FtpClient.connect(FtpClient.java:1102) ~[na:na]
	at java.base/sun.net.ftp.impl.FtpClient.connect(FtpClient.java:1088) ~[na:na]
	at java.base/sun.net.www.protocol.ftp.FtpURLConnection.connect(FtpURLConnection.java:320) ~[na:na]
	at java.base/sun.net.www.protocol.ftp.FtpURLConnection.getInputStream(FtpURLConnection.java:426) ~[na:na]
	at org.springframework.core.io.UrlResource.getInputStream(UrlResource.java:187) ~[spring-core-5.3.23.jar:5.3.23]
	at org.springframework.http.converter.ResourceHttpMessageConverter.writeContent(ResourceHttpMessageConverter.java:137) ~[spring-web-5.3.23.jar:5.3.23]
	at org.springframework.http.converter.ResourceHttpMessageConverter.writeInternal(ResourceHttpMessageConverter.java:129) ~[spring-web-5.3.23.jar:5.3.23]
	at org.springframework.http.converter.ResourceHttpMessageConverter.writeInternal(ResourceHttpMessageConverter.java:45) ~[spring-web-5.3.23.jar:5.3.23]
	at org.springframework.http.converter.AbstractHttpMessageConverter.write(AbstractHttpMessageConverter.java:227) ~[spring-web-5.3.23.jar:5.3.23]
	at org.springframework.web.servlet.resource.ResourceHttpRequestHandler.handleRequest(ResourceHttpRequestHandler.java:590) ~[spring-webmvc-5.3.23.jar:5.3.23]
	at org.springframework.web.servlet.mvc.HttpRequestHandlerAdapter.handle(HttpRequestHandlerAdapter.java:52) ~[spring-webmvc-5.3.23.jar:5.3.23]
	at org.springframework.web.servlet.DispatcherServlet.doDispatch(DispatcherServlet.java:1071) ~[spring-webmvc-5.3.23.jar:5.3.23]
	at org.springframework.web.servlet.DispatcherServlet.doService(DispatcherServlet.java:964) ~[spring-webmvc-5.3.23.jar:5.3.23]
	at org.springframework.web.servlet.FrameworkServlet.processRequest(FrameworkServlet.java:1006) ~[spring-webmvc-5.3.23.jar:5.3.23]
	at org.springframework.web.servlet.FrameworkServlet.doGet(FrameworkServlet.java:898) ~[spring-webmvc-5.3.23.jar:5.3.23]
	at javax.servlet.http.HttpServlet.service(HttpServlet.java:645) ~[javax.servlet-api-4.0.1.jar:4.0.1]
	at org.springframework.web.servlet.FrameworkServlet.service(FrameworkServlet.java:883) ~[spring-webmvc-5.3.23.jar:5.3.23]
	at javax.servlet.http.HttpServlet.service(HttpServlet.java:750) ~[javax.servlet-api-4.0.1.jar:4.0.1]
	at org.apache.catalina.core.ApplicationFilterChain.internalDoFilter(ApplicationFilterChain.java:227) ~[tomcat-embed-core-9.0.68.jar:9.0.68]
	at org.apache.catalina.core.ApplicationFilterChain.doFilter(ApplicationFilterChain.java:162) ~[tomcat-embed-core-9.0.68.jar:9.0.68]
	at org.apache.tomcat.websocket.server.WsFilter.doFilter(WsFilter.java:53) ~[tomcat-embed-websocket-9.0.68.jar:9.0.68]
	at org.apache.catalina.core.ApplicationFilterChain.internalDoFilter(ApplicationFilterChain.java:189) ~[tomcat-embed-core-9.0.68.jar:9.0.68]
	at org.apache.catalina.core.ApplicationFilterChain.doFilter(ApplicationFilterChain.java:162) ~[tomcat-embed-core-9.0.68.jar:9.0.68]
	at org.springframework.web.filter.OncePerRequestFilter.doFilter(OncePerRequestFilter.java:111) ~[spring-web-5.3.23.jar:5.3.23]
	at org.apache.catalina.core.ApplicationFilterChain.internalDoFilter(ApplicationFilterChain.java:189) ~[tomcat-embed-core-9.0.68.jar:9.0.68]
	at org.apache.catalina.core.ApplicationFilterChain.doFilter(ApplicationFilterChain.java:162) ~[tomcat-embed-core-9.0.68.jar:9.0.68]
	at com.easygofly.site.setting.web.WebSettingFilter.doFilter(WebSettingFilter.java:33) ~[classes/:na]
	at org.apache.catalina.core.ApplicationFilterChain.internalDoFilter(ApplicationFilterChain.java:189) ~[tomcat-embed-core-9.0.68.jar:9.0.68]
	at org.apache.catalina.core.ApplicationFilterChain.doFilter(ApplicationFilterChain.java:162) ~[tomcat-embed-core-9.0.68.jar:9.0.68]
	at com.easygofly.site.setting.SettingFilter.doFilter(SettingFilter.java:33) ~[classes/:na]
	at org.apache.catalina.core.ApplicationFilterChain.internalDoFilter(ApplicationFilterChain.java:189) ~[tomcat-embed-core-9.0.68.jar:9.0.68]
	at org.apache.catalina.core.ApplicationFilterChain.doFilter(ApplicationFilterChain.java:162) ~[tomcat-embed-core-9.0.68.jar:9.0.68]
	at org.springframework.web.servlet.resource.ResourceUrlEncodingFilter.doFilter(ResourceUrlEncodingFilter.java:67) ~[spring-webmvc-5.3.23.jar:5.3.23]
	at org.apache.catalina.core.ApplicationFilterChain.internalDoFilter(ApplicationFilterChain.java:189) ~[tomcat-embed-core-9.0.68.jar:9.0.68]
	at org.apache.catalina.core.ApplicationFilterChain.doFilter(ApplicationFilterChain.java:162) ~[tomcat-embed-core-9.0.68.jar:9.0.68]
	at org.springframework.security.web.FilterChainProxy$VirtualFilterChain.doFilter(FilterChainProxy.java:337) ~[spring-security-web-5.7.4.jar:5.7.4]
	at org.springframework.security.web.access.intercept.FilterSecurityInterceptor.invoke(FilterSecurityInterceptor.java:115) ~[spring-security-web-5.7.4.jar:5.7.4]
	at org.springframework.security.web.access.intercept.FilterSecurityInterceptor.doFilter(FilterSecurityInterceptor.java:81) ~[spring-security-web-5.7.4.jar:5.7.4]
	at org.springframework.security.web.FilterChainProxy$VirtualFilterChain.doFilter(FilterChainProxy.java:346) ~[spring-security-web-5.7.4.jar:5.7.4]
	at org.springframework.security.web.access.ExceptionTranslationFilter.doFilter(ExceptionTranslationFilter.java:122) ~[spring-security-web-5.7.4.jar:5.7.4]
	at org.springframework.security.web.access.ExceptionTranslationFilter.doFilter(ExceptionTranslationFilter.java:116) ~[spring-security-web-5.7.4.jar:5.7.4]
	at org.springframework.security.web.FilterChainProxy$VirtualFilterChain.doFilter(FilterChainProxy.java:346) ~[spring-security-web-5.7.4.jar:5.7.4]
	at org.springframework.security.web.session.SessionManagementFilter.doFilter(SessionManagementFilter.java:126) ~[spring-security-web-5.7.4.jar:5.7.4]
	at org.springframework.security.web.session.SessionManagementFilter.doFilter(SessionManagementFilter.java:81) ~[spring-security-web-5.7.4.jar:5.7.4]
	at org.springframework.security.web.FilterChainProxy$VirtualFilterChain.doFilter(FilterChainProxy.java:346) ~[spring-security-web-5.7.4.jar:5.7.4]
	at org.springframework.security.web.authentication.AnonymousAuthenticationFilter.doFilter(AnonymousAuthenticationFilter.java:109) ~[spring-security-web-5.7.4.jar:5.7.4]
	at org.springframework.security.web.FilterChainProxy$VirtualFilterChain.doFilter(FilterChainProxy.java:346) ~[spring-security-web-5.7.4.jar:5.7.4]
	at org.springframework.security.web.authentication.rememberme.RememberMeAuthenticationFilter.doFilter(RememberMeAuthenticationFilter.java:106) ~[spring-security-web-5.7.4.jar:5.7.4]
	at org.springframework.security.web.authentication.rememberme.RememberMeAuthenticationFilter.doFilter(RememberMeAuthenticationFilter.java:97) ~[spring-security-web-5.7.4.jar:5.7.4]
	at org.springframework.security.web.FilterChainProxy$VirtualFilterChain.doFilter(FilterChainProxy.java:346) ~[spring-security-web-5.7.4.jar:5.7.4]
	at org.springframework.security.web.servletapi.SecurityContextHolderAwareRequestFilter.doFilter(SecurityContextHolderAwareRequestFilter.java:149) ~[spring-security-web-5.7.4.jar:5.7.4]
	at org.springframework.security.web.FilterChainProxy$VirtualFilterChain.doFilter(FilterChainProxy.java:346) ~[spring-security-web-5.7.4.jar:5.7.4]
	at org.springframework.security.web.savedrequest.RequestCacheAwareFilter.doFilter(RequestCacheAwareFilter.java:63) ~[spring-security-web-5.7.4.jar:5.7.4]
	at org.springframework.security.web.FilterChainProxy$VirtualFilterChain.doFilter(FilterChainProxy.java:346) ~[spring-security-web-5.7.4.jar:5.7.4]
	at org.springframework.security.web.session.ConcurrentSessionFilter.doFilter(ConcurrentSessionFilter.java:147) ~[spring-security-web-5.7.4.jar:5.7.4]
	at org.springframework.security.web.session.ConcurrentSessionFilter.doFilter(ConcurrentSessionFilter.java:125) ~[spring-security-web-5.7.4.jar:5.7.4]
	at org.springframework.security.web.FilterChainProxy$VirtualFilterChain.doFilter(FilterChainProxy.java:346) ~[spring-security-web-5.7.4.jar:5.7.4]
	at org.springframework.security.web.authentication.AbstractAuthenticationProcessingFilter.doFilter(AbstractAuthenticationProcessingFilter.java:223) ~[spring-security-web-5.7.4.jar:5.7.4]
	at org.springframework.security.web.authentication.AbstractAuthenticationProcessingFilter.doFilter(AbstractAuthenticationProcessingFilter.java:217) ~[spring-security-web-5.7.4.jar:5.7.4]
	at org.springframework.security.web.FilterChainProxy$VirtualFilterChain.doFilter(FilterChainProxy.java:346) ~[spring-security-web-5.7.4.jar:5.7.4]
	at org.springframework.security.web.authentication.AbstractAuthenticationProcessingFilter.doFilter(AbstractAuthenticationProcessingFilter.java:223) ~[spring-security-web-5.7.4.jar:5.7.4]
	at org.springframework.security.web.authentication.AbstractAuthenticationProcessingFilter.doFilter(AbstractAuthenticationProcessingFilter.java:217) ~[spring-security-web-5.7.4.jar:5.7.4]
	at org.springframework.security.web.FilterChainProxy$VirtualFilterChain.doFilter(FilterChainProxy.java:346) ~[spring-security-web-5.7.4.jar:5.7.4]
	at org.springframework.security.oauth2.client.web.OAuth2AuthorizationRequestRedirectFilter.doFilterInternal(OAuth2AuthorizationRequestRedirectFilter.java:178) ~[spring-security-oauth2-client-5.7.4.jar:5.7.4]
	at org.springframework.web.filter.OncePerRequestFilter.doFilter(OncePerRequestFilter.java:117) ~[spring-web-5.3.23.jar:5.3.23]
	at org.springframework.security.web.FilterChainProxy$VirtualFilterChain.doFilter(FilterChainProxy.java:346) ~[spring-security-web-5.7.4.jar:5.7.4]
	at org.springframework.security.web.authentication.logout.LogoutFilter.doFilter(LogoutFilter.java:103) ~[spring-security-web-5.7.4.jar:5.7.4]
	at org.springframework.security.web.authentication.logout.LogoutFilter.doFilter(LogoutFilter.java:89) ~[spring-security-web-5.7.4.jar:5.7.4]
	at org.springframework.security.web.FilterChainProxy$VirtualFilterChain.doFilter(FilterChainProxy.java:346) ~[spring-security-web-5.7.4.jar:5.7.4]
	at org.springframework.web.filter.CorsFilter.doFilterInternal(CorsFilter.java:91) ~[spring-web-5.3.23.jar:5.3.23]
	at org.springframework.web.filter.OncePerRequestFilter.doFilter(OncePerRequestFilter.java:117) ~[spring-web-5.3.23.jar:5.3.23]
	at org.springframework.security.web.FilterChainProxy$VirtualFilterChain.doFilter(FilterChainProxy.java:346) ~[spring-security-web-5.7.4.jar:5.7.4]
	at org.springframework.security.web.header.HeaderWriterFilter.doHeadersAfter(HeaderWriterFilter.java:90) ~[spring-security-web-5.7.4.jar:5.7.4]
	at org.springframework.security.web.header.HeaderWriterFilter.doFilterInternal(HeaderWriterFilter.java:75) ~[spring-security-web-5.7.4.jar:5.7.4]
	at org.springframework.web.filter.OncePerRequestFilter.doFilter(OncePerRequestFilter.java:117) ~[spring-web-5.3.23.jar:5.3.23]
	at org.springframework.security.web.FilterChainProxy$VirtualFilterChain.doFilter(FilterChainProxy.java:346) ~[spring-security-web-5.7.4.jar:5.7.4]
	at org.springframework.security.web.context.SecurityContextPersistenceFilter.doFilter(SecurityContextPersistenceFilter.java:112) ~[spring-security-web-5.7.4.jar:5.7.4]
	at org.springframework.security.web.context.SecurityContextPersistenceFilter.doFilter(SecurityContextPersistenceFilter.java:82) ~[spring-security-web-5.7.4.jar:5.7.4]
	at org.springframework.security.web.FilterChainProxy$VirtualFilterChain.doFilter(FilterChainProxy.java:346) ~[spring-security-web-5.7.4.jar:5.7.4]
	at org.springframework.security.web.context.request.async.WebAsyncManagerIntegrationFilter.doFilterInternal(WebAsyncManagerIntegrationFilter.java:55) ~[spring-security-web-5.7.4.jar:5.7.4]
	at org.springframework.web.filter.OncePerRequestFilter.doFilter(OncePerRequestFilter.java:117) ~[spring-web-5.3.23.jar:5.3.23]
	at org.springframework.security.web.FilterChainProxy$VirtualFilterChain.doFilter(FilterChainProxy.java:346) ~[spring-security-web-5.7.4.jar:5.7.4]
	at org.springframework.security.web.session.DisableEncodeUrlFilter.doFilterInternal(DisableEncodeUrlFilter.java:42) ~[spring-security-web-5.7.4.jar:5.7.4]
	at org.springframework.web.filter.OncePerRequestFilter.doFilter(OncePerRequestFilter.java:117) ~[spring-web-5.3.23.jar:5.3.23]
	at org.springframework.security.web.FilterChainProxy$VirtualFilterChain.doFilter(FilterChainProxy.java:346) ~[spring-security-web-5.7.4.jar:5.7.4]
	at org.springframework.security.web.FilterChainProxy.doFilterInternal(FilterChainProxy.java:221) ~[spring-security-web-5.7.4.jar:5.7.4]
	at org.springframework.security.web.FilterChainProxy.doFilter(FilterChainProxy.java:186) ~[spring-security-web-5.7.4.jar:5.7.4]
	at org.springframework.web.filter.DelegatingFilterProxy.invokeDelegate(DelegatingFilterProxy.java:354) ~[spring-web-5.3.23.jar:5.3.23]
	at org.springframework.web.filter.DelegatingFilterProxy.doFilter(DelegatingFilterProxy.java:267) ~[spring-web-5.3.23.jar:5.3.23]
	at org.apache.catalina.core.ApplicationFilterChain.internalDoFilter(ApplicationFilterChain.java:189) ~[tomcat-embed-core-9.0.68.jar:9.0.68]
	at org.apache.catalina.core.ApplicationFilterChain.doFilter(ApplicationFilterChain.java:162) ~[tomcat-embed-core-9.0.68.jar:9.0.68]
	at org.springframework.web.filter.RequestContextFilter.doFilterInternal(RequestContextFilter.java:100) ~[spring-web-5.3.23.jar:5.3.23]
	at org.springframework.web.filter.OncePerRequestFilter.doFilter(OncePerRequestFilter.java:117) ~[spring-web-5.3.23.jar:5.3.23]
	at org.apache.catalina.core.ApplicationFilterChain.internalDoFilter(ApplicationFilterChain.java:189) ~[tomcat-embed-core-9.0.68.jar:9.0.68]
	at org.apache.catalina.core.ApplicationFilterChain.doFilter(ApplicationFilterChain.java:162) ~[tomcat-embed-core-9.0.68.jar:9.0.68]
	at org.springframework.web.filter.FormContentFilter.doFilterInternal(FormContentFilter.java:93) ~[spring-web-5.3.23.jar:5.3.23]
	at org.springframework.web.filter.OncePerRequestFilter.doFilter(OncePerRequestFilter.java:117) ~[spring-web-5.3.23.jar:5.3.23]
	at org.apache.catalina.core.ApplicationFilterChain.internalDoFilter(ApplicationFilterChain.java:189) ~[tomcat-embed-core-9.0.68.jar:9.0.68]
	at org.apache.catalina.core.ApplicationFilterChain.doFilter(ApplicationFilterChain.java:162) ~[tomcat-embed-core-9.0.68.jar:9.0.68]
	at org.springframework.web.filter.CharacterEncodingFilter.doFilterInternal(CharacterEncodingFilter.java:201) ~[spring-web-5.3.23.jar:5.3.23]
	at org.springframework.web.filter.OncePerRequestFilter.doFilter(OncePerRequestFilter.java:117) ~[spring-web-5.3.23.jar:5.3.23]
	at org.apache.catalina.core.ApplicationFilterChain.internalDoFilter(ApplicationFilterChain.java:189) ~[tomcat-embed-core-9.0.68.jar:9.0.68]
	at org.apache.catalina.core.ApplicationFilterChain.doFilter(ApplicationFilterChain.java:162) ~[tomcat-embed-core-9.0.68.jar:9.0.68]
	at org.apache.catalina.core.StandardWrapperValve.invoke(StandardWrapperValve.java:197) ~[tomcat-embed-core-9.0.68.jar:9.0.68]
	at org.apache.catalina.core.StandardContextValve.invoke(StandardContextValve.java:97) ~[tomcat-embed-core-9.0.68.jar:9.0.68]
	at org.apache.catalina.authenticator.AuthenticatorBase.invoke(AuthenticatorBase.java:541) ~[tomcat-embed-core-9.0.68.jar:9.0.68]
	at org.apache.catalina.core.StandardHostValve.invoke(StandardHostValve.java:135) ~[tomcat-embed-core-9.0.68.jar:9.0.68]
	at org.apache.catalina.valves.ErrorReportValve.invoke(ErrorReportValve.java:92) ~[tomcat-embed-core-9.0.68.jar:9.0.68]
	at org.apache.catalina.core.StandardEngineValve.invoke(StandardEngineValve.java:78) ~[tomcat-embed-core-9.0.68.jar:9.0.68]
	at org.apache.catalina.connector.CoyoteAdapter.service(CoyoteAdapter.java:360) ~[tomcat-embed-core-9.0.68.jar:9.0.68]
	at org.apache.coyote.http11.Http11Processor.service(Http11Processor.java:399) ~[tomcat-embed-core-9.0.68.jar:9.0.68]
	at org.apache.coyote.AbstractProcessorLight.process(AbstractProcessorLight.java:65) ~[tomcat-embed-core-9.0.68.jar:9.0.68]
	at org.apache.coyote.AbstractProtocol$ConnectionHandler.process(AbstractProtocol.java:893) ~[tomcat-embed-core-9.0.68.jar:9.0.68]
	at org.apache.tomcat.util.net.NioEndpoint$SocketProcessor.doRun(NioEndpoint.java:1789) ~[tomcat-embed-core-9.0.68.jar:9.0.68]
	at org.apache.tomcat.util.net.SocketProcessorBase.run(SocketProcessorBase.java:49) ~[tomcat-embed-core-9.0.68.jar:9.0.68]
	at org.apache.tomcat.util.threads.ThreadPoolExecutor.runWorker(ThreadPoolExecutor.java:1191) ~[tomcat-embed-core-9.0.68.jar:9.0.68]
	at org.apache.tomcat.util.threads.ThreadPoolExecutor$Worker.run(ThreadPoolExecutor.java:659) ~[tomcat-embed-core-9.0.68.jar:9.0.68]
	at org.apache.tomcat.util.threads.TaskThread$WrappingRunnable.run(TaskThread.java:61) ~[tomcat-embed-core-9.0.68.jar:9.0.68]
	at java.base/java.lang.Thread.run(Thread.java:833) ~[na:na]

2023-08-29 01:10:16.622 ERROR 15368 --- [http-nio-443-exec-10] o.a.c.c.C.[.[.[/].[dispatcherServlet]    : Servlet.service() for servlet [dispatcherServlet] in context with path [] threw exception

java.net.UnknownHostException: E
	at java.base/sun.nio.ch.NioSocketImpl.connect(NioSocketImpl.java:567) ~[na:na]
	at java.base/java.net.Socket.connect(Socket.java:633) ~[na:na]
	at java.base/sun.net.ftp.impl.FtpClient.doConnect(FtpClient.java:1045) ~[na:na]
	at java.base/sun.net.ftp.impl.FtpClient.tryConnect(FtpClient.java:1010) ~[na:na]
	at java.base/sun.net.ftp.impl.FtpClient.connect(FtpClient.java:1102) ~[na:na]
	at java.base/sun.net.ftp.impl.FtpClient.connect(FtpClient.java:1088) ~[na:na]
	at java.base/sun.net.www.protocol.ftp.FtpURLConnection.connect(FtpURLConnection.java:320) ~[na:na]
	at java.base/sun.net.www.protocol.ftp.FtpURLConnection.getInputStream(FtpURLConnection.java:426) ~[na:na]
	at org.springframework.core.io.UrlResource.getInputStream(UrlResource.java:187) ~[spring-core-5.3.23.jar:5.3.23]
	at org.springframework.http.converter.ResourceHttpMessageConverter.writeContent(ResourceHttpMessageConverter.java:137) ~[spring-web-5.3.23.jar:5.3.23]
	at org.springframework.http.converter.ResourceHttpMessageConverter.writeInternal(ResourceHttpMessageConverter.java:129) ~[spring-web-5.3.23.jar:5.3.23]
	at org.springframework.http.converter.ResourceHttpMessageConverter.writeInternal(ResourceHttpMessageConverter.java:45) ~[spring-web-5.3.23.jar:5.3.23]
	at org.springframework.http.converter.AbstractHttpMessageConverter.write(AbstractHttpMessageConverter.java:227) ~[spring-web-5.3.23.jar:5.3.23]
	at org.springframework.web.servlet.resource.ResourceHttpRequestHandler.handleRequest(ResourceHttpRequestHandler.java:590) ~[spring-webmvc-5.3.23.jar:5.3.23]
	at org.springframework.web.servlet.mvc.HttpRequestHandlerAdapter.handle(HttpRequestHandlerAdapter.java:52) ~[spring-webmvc-5.3.23.jar:5.3.23]
	at org.springframework.web.servlet.DispatcherServlet.doDispatch(DispatcherServlet.java:1071) ~[spring-webmvc-5.3.23.jar:5.3.23]
	at org.springframework.web.servlet.DispatcherServlet.doService(DispatcherServlet.java:964) ~[spring-webmvc-5.3.23.jar:5.3.23]
	at org.springframework.web.servlet.FrameworkServlet.processRequest(FrameworkServlet.java:1006) ~[spring-webmvc-5.3.23.jar:5.3.23]
	at org.springframework.web.servlet.FrameworkServlet.doGet(FrameworkServlet.java:898) ~[spring-webmvc-5.3.23.jar:5.3.23]
	at javax.servlet.http.HttpServlet.service(HttpServlet.java:645) ~[javax.servlet-api-4.0.1.jar:4.0.1]
	at org.springframework.web.servlet.FrameworkServlet.service(FrameworkServlet.java:883) ~[spring-webmvc-5.3.23.jar:5.3.23]
	at javax.servlet.http.HttpServlet.service(HttpServlet.java:750) ~[javax.servlet-api-4.0.1.jar:4.0.1]
	at org.apache.catalina.core.ApplicationFilterChain.internalDoFilter(ApplicationFilterChain.java:227) ~[tomcat-embed-core-9.0.68.jar:9.0.68]
	at org.apache.catalina.core.ApplicationFilterChain.doFilter(ApplicationFilterChain.java:162) ~[tomcat-embed-core-9.0.68.jar:9.0.68]
	at org.apache.tomcat.websocket.server.WsFilter.doFilter(WsFilter.java:53) ~[tomcat-embed-websocket-9.0.68.jar:9.0.68]
	at org.apache.catalina.core.ApplicationFilterChain.internalDoFilter(ApplicationFilterChain.java:189) ~[tomcat-embed-core-9.0.68.jar:9.0.68]
	at org.apache.catalina.core.ApplicationFilterChain.doFilter(ApplicationFilterChain.java:162) ~[tomcat-embed-core-9.0.68.jar:9.0.68]
	at org.springframework.web.filter.OncePerRequestFilter.doFilter(OncePerRequestFilter.java:111) ~[spring-web-5.3.23.jar:5.3.23]
	at org.apache.catalina.core.ApplicationFilterChain.internalDoFilter(ApplicationFilterChain.java:189) ~[tomcat-embed-core-9.0.68.jar:9.0.68]
	at org.apache.catalina.core.ApplicationFilterChain.doFilter(ApplicationFilterChain.java:162) ~[tomcat-embed-core-9.0.68.jar:9.0.68]
	at com.easygofly.site.setting.web.WebSettingFilter.doFilter(WebSettingFilter.java:33) ~[classes/:na]
	at org.apache.catalina.core.ApplicationFilterChain.internalDoFilter(ApplicationFilterChain.java:189) ~[tomcat-embed-core-9.0.68.jar:9.0.68]
	at org.apache.catalina.core.ApplicationFilterChain.doFilter(ApplicationFilterChain.java:162) ~[tomcat-embed-core-9.0.68.jar:9.0.68]
	at com.easygofly.site.setting.SettingFilter.doFilter(SettingFilter.java:33) ~[classes/:na]
	at org.apache.catalina.core.ApplicationFilterChain.internalDoFilter(ApplicationFilterChain.java:189) ~[tomcat-embed-core-9.0.68.jar:9.0.68]
	at org.apache.catalina.core.ApplicationFilterChain.doFilter(ApplicationFilterChain.java:162) ~[tomcat-embed-core-9.0.68.jar:9.0.68]
	at org.springframework.web.servlet.resource.ResourceUrlEncodingFilter.doFilter(ResourceUrlEncodingFilter.java:67) ~[spring-webmvc-5.3.23.jar:5.3.23]
	at org.apache.catalina.core.ApplicationFilterChain.internalDoFilter(ApplicationFilterChain.java:189) ~[tomcat-embed-core-9.0.68.jar:9.0.68]
	at org.apache.catalina.core.ApplicationFilterChain.doFilter(ApplicationFilterChain.java:162) ~[tomcat-embed-core-9.0.68.jar:9.0.68]
	at org.springframework.security.web.FilterChainProxy$VirtualFilterChain.doFilter(FilterChainProxy.java:337) ~[spring-security-web-5.7.4.jar:5.7.4]
	at org.springframework.security.web.access.intercept.FilterSecurityInterceptor.invoke(FilterSecurityInterceptor.java:115) ~[spring-security-web-5.7.4.jar:5.7.4]
	at org.springframework.security.web.access.intercept.FilterSecurityInterceptor.doFilter(FilterSecurityInterceptor.java:81) ~[spring-security-web-5.7.4.jar:5.7.4]
	at org.springframework.security.web.FilterChainProxy$VirtualFilterChain.doFilter(FilterChainProxy.java:346) ~[spring-security-web-5.7.4.jar:5.7.4]
	at org.springframework.security.web.access.ExceptionTranslationFilter.doFilter(ExceptionTranslationFilter.java:122) ~[spring-security-web-5.7.4.jar:5.7.4]
	at org.springframework.security.web.access.ExceptionTranslationFilter.doFilter(ExceptionTranslationFilter.java:116) ~[spring-security-web-5.7.4.jar:5.7.4]
	at org.springframework.security.web.FilterChainProxy$VirtualFilterChain.doFilter(FilterChainProxy.java:346) ~[spring-security-web-5.7.4.jar:5.7.4]
	at org.springframework.security.web.session.SessionManagementFilter.doFilter(SessionManagementFilter.java:126) ~[spring-security-web-5.7.4.jar:5.7.4]
	at org.springframework.security.web.session.SessionManagementFilter.doFilter(SessionManagementFilter.java:81) ~[spring-security-web-5.7.4.jar:5.7.4]
	at org.springframework.security.web.FilterChainProxy$VirtualFilterChain.doFilter(FilterChainProxy.java:346) ~[spring-security-web-5.7.4.jar:5.7.4]
	at org.springframework.security.web.authentication.AnonymousAuthenticationFilter.doFilter(AnonymousAuthenticationFilter.java:109) ~[spring-security-web-5.7.4.jar:5.7.4]
	at org.springframework.security.web.FilterChainProxy$VirtualFilterChain.doFilter(FilterChainProxy.java:346) ~[spring-security-web-5.7.4.jar:5.7.4]
	at org.springframework.security.web.authentication.rememberme.RememberMeAuthenticationFilter.doFilter(RememberMeAuthenticationFilter.java:106) ~[spring-security-web-5.7.4.jar:5.7.4]
	at org.springframework.security.web.authentication.rememberme.RememberMeAuthenticationFilter.doFilter(RememberMeAuthenticationFilter.java:97) ~[spring-security-web-5.7.4.jar:5.7.4]
	at org.springframework.security.web.FilterChainProxy$VirtualFilterChain.doFilter(FilterChainProxy.java:346) ~[spring-security-web-5.7.4.jar:5.7.4]
	at org.springframework.security.web.servletapi.SecurityContextHolderAwareRequestFilter.doFilter(SecurityContextHolderAwareRequestFilter.java:149) ~[spring-security-web-5.7.4.jar:5.7.4]
	at org.springframework.security.web.FilterChainProxy$VirtualFilterChain.doFilter(FilterChainProxy.java:346) ~[spring-security-web-5.7.4.jar:5.7.4]
	at org.springframework.security.web.savedrequest.RequestCacheAwareFilter.doFilter(RequestCacheAwareFilter.java:63) ~[spring-security-web-5.7.4.jar:5.7.4]
	at org.springframework.security.web.FilterChainProxy$VirtualFilterChain.doFilter(FilterChainProxy.java:346) ~[spring-security-web-5.7.4.jar:5.7.4]
	at org.springframework.security.web.session.ConcurrentSessionFilter.doFilter(ConcurrentSessionFilter.java:147) ~[spring-security-web-5.7.4.jar:5.7.4]
	at org.springframework.security.web.session.ConcurrentSessionFilter.doFilter(ConcurrentSessionFilter.java:125) ~[spring-security-web-5.7.4.jar:5.7.4]
	at org.springframework.security.web.FilterChainProxy$VirtualFilterChain.doFilter(FilterChainProxy.java:346) ~[spring-security-web-5.7.4.jar:5.7.4]
	at org.springframework.security.web.authentication.AbstractAuthenticationProcessingFilter.doFilter(AbstractAuthenticationProcessingFilter.java:223) ~[spring-security-web-5.7.4.jar:5.7.4]
	at org.springframework.security.web.authentication.AbstractAuthenticationProcessingFilter.doFilter(AbstractAuthenticationProcessingFilter.java:217) ~[spring-security-web-5.7.4.jar:5.7.4]
	at org.springframework.security.web.FilterChainProxy$VirtualFilterChain.doFilter(FilterChainProxy.java:346) ~[spring-security-web-5.7.4.jar:5.7.4]
	at org.springframework.security.web.authentication.AbstractAuthenticationProcessingFilter.doFilter(AbstractAuthenticationProcessingFilter.java:223) ~[spring-security-web-5.7.4.jar:5.7.4]
	at org.springframework.security.web.authentication.AbstractAuthenticationProcessingFilter.doFilter(AbstractAuthenticationProcessingFilter.java:217) ~[spring-security-web-5.7.4.jar:5.7.4]
	at org.springframework.security.web.FilterChainProxy$VirtualFilterChain.doFilter(FilterChainProxy.java:346) ~[spring-security-web-5.7.4.jar:5.7.4]
	at org.springframework.security.oauth2.client.web.OAuth2AuthorizationRequestRedirectFilter.doFilterInternal(OAuth2AuthorizationRequestRedirectFilter.java:178) ~[spring-security-oauth2-client-5.7.4.jar:5.7.4]
	at org.springframework.web.filter.OncePerRequestFilter.doFilter(OncePerRequestFilter.java:117) ~[spring-web-5.3.23.jar:5.3.23]
	at org.springframework.security.web.FilterChainProxy$VirtualFilterChain.doFilter(FilterChainProxy.java:346) ~[spring-security-web-5.7.4.jar:5.7.4]
	at org.springframework.security.web.authentication.logout.LogoutFilter.doFilter(LogoutFilter.java:103) ~[spring-security-web-5.7.4.jar:5.7.4]
	at org.springframework.security.web.authentication.logout.LogoutFilter.doFilter(LogoutFilter.java:89) ~[spring-security-web-5.7.4.jar:5.7.4]
	at org.springframework.security.web.FilterChainProxy$VirtualFilterChain.doFilter(FilterChainProxy.java:346) ~[spring-security-web-5.7.4.jar:5.7.4]
	at org.springframework.web.filter.CorsFilter.doFilterInternal(CorsFilter.java:91) ~[spring-web-5.3.23.jar:5.3.23]
	at org.springframework.web.filter.OncePerRequestFilter.doFilter(OncePerRequestFilter.java:117) ~[spring-web-5.3.23.jar:5.3.23]
	at org.springframework.security.web.FilterChainProxy$VirtualFilterChain.doFilter(FilterChainProxy.java:346) ~[spring-security-web-5.7.4.jar:5.7.4]
	at org.springframework.security.web.header.HeaderWriterFilter.doHeadersAfter(HeaderWriterFilter.java:90) ~[spring-security-web-5.7.4.jar:5.7.4]
	at org.springframework.security.web.header.HeaderWriterFilter.doFilterInternal(HeaderWriterFilter.java:75) ~[spring-security-web-5.7.4.jar:5.7.4]
	at org.springframework.web.filter.OncePerRequestFilter.doFilter(OncePerRequestFilter.java:117) ~[spring-web-5.3.23.jar:5.3.23]
	at org.springframework.security.web.FilterChainProxy$VirtualFilterChain.doFilter(FilterChainProxy.java:346) ~[spring-security-web-5.7.4.jar:5.7.4]
	at org.springframework.security.web.context.SecurityContextPersistenceFilter.doFilter(SecurityContextPersistenceFilter.java:112) ~[spring-security-web-5.7.4.jar:5.7.4]
	at org.springframework.security.web.context.SecurityContextPersistenceFilter.doFilter(SecurityContextPersistenceFilter.java:82) ~[spring-security-web-5.7.4.jar:5.7.4]
	at org.springframework.security.web.FilterChainProxy$VirtualFilterChain.doFilter(FilterChainProxy.java:346) ~[spring-security-web-5.7.4.jar:5.7.4]
	at org.springframework.security.web.context.request.async.WebAsyncManagerIntegrationFilter.doFilterInternal(WebAsyncManagerIntegrationFilter.java:55) ~[spring-security-web-5.7.4.jar:5.7.4]
	at org.springframework.web.filter.OncePerRequestFilter.doFilter(OncePerRequestFilter.java:117) ~[spring-web-5.3.23.jar:5.3.23]
	at org.springframework.security.web.FilterChainProxy$VirtualFilterChain.doFilter(FilterChainProxy.java:346) ~[spring-security-web-5.7.4.jar:5.7.4]
	at org.springframework.security.web.session.DisableEncodeUrlFilter.doFilterInternal(DisableEncodeUrlFilter.java:42) ~[spring-security-web-5.7.4.jar:5.7.4]
	at org.springframework.web.filter.OncePerRequestFilter.doFilter(OncePerRequestFilter.java:117) ~[spring-web-5.3.23.jar:5.3.23]
	at org.springframework.security.web.FilterChainProxy$VirtualFilterChain.doFilter(FilterChainProxy.java:346) ~[spring-security-web-5.7.4.jar:5.7.4]
	at org.springframework.security.web.FilterChainProxy.doFilterInternal(FilterChainProxy.java:221) ~[spring-security-web-5.7.4.jar:5.7.4]
	at org.springframework.security.web.FilterChainProxy.doFilter(FilterChainProxy.java:186) ~[spring-security-web-5.7.4.jar:5.7.4]
	at org.springframework.web.filter.DelegatingFilterProxy.invokeDelegate(DelegatingFilterProxy.java:354) ~[spring-web-5.3.23.jar:5.3.23]
	at org.springframework.web.filter.DelegatingFilterProxy.doFilter(DelegatingFilterProxy.java:267) ~[spring-web-5.3.23.jar:5.3.23]
	at org.apache.catalina.core.ApplicationFilterChain.internalDoFilter(ApplicationFilterChain.java:189) ~[tomcat-embed-core-9.0.68.jar:9.0.68]
	at org.apache.catalina.core.ApplicationFilterChain.doFilter(ApplicationFilterChain.java:162) ~[tomcat-embed-core-9.0.68.jar:9.0.68]
	at org.springframework.web.filter.RequestContextFilter.doFilterInternal(RequestContextFilter.java:100) ~[spring-web-5.3.23.jar:5.3.23]
	at org.springframework.web.filter.OncePerRequestFilter.doFilter(OncePerRequestFilter.java:117) ~[spring-web-5.3.23.jar:5.3.23]
	at org.apache.catalina.core.ApplicationFilterChain.internalDoFilter(ApplicationFilterChain.java:189) ~[tomcat-embed-core-9.0.68.jar:9.0.68]
	at org.apache.catalina.core.ApplicationFilterChain.doFilter(ApplicationFilterChain.java:162) ~[tomcat-embed-core-9.0.68.jar:9.0.68]
	at org.springframework.web.filter.FormContentFilter.doFilterInternal(FormContentFilter.java:93) ~[spring-web-5.3.23.jar:5.3.23]
	at org.springframework.web.filter.OncePerRequestFilter.doFilter(OncePerRequestFilter.java:117) ~[spring-web-5.3.23.jar:5.3.23]
	at org.apache.catalina.core.ApplicationFilterChain.internalDoFilter(ApplicationFilterChain.java:189) ~[tomcat-embed-core-9.0.68.jar:9.0.68]
	at org.apache.catalina.core.ApplicationFilterChain.doFilter(ApplicationFilterChain.java:162) ~[tomcat-embed-core-9.0.68.jar:9.0.68]
	at org.springframework.web.filter.CharacterEncodingFilter.doFilterInternal(CharacterEncodingFilter.java:201) ~[spring-web-5.3.23.jar:5.3.23]
	at org.springframework.web.filter.OncePerRequestFilter.doFilter(OncePerRequestFilter.java:117) ~[spring-web-5.3.23.jar:5.3.23]
	at org.apache.catalina.core.ApplicationFilterChain.internalDoFilter(ApplicationFilterChain.java:189) ~[tomcat-embed-core-9.0.68.jar:9.0.68]
	at org.apache.catalina.core.ApplicationFilterChain.doFilter(ApplicationFilterChain.java:162) ~[tomcat-embed-core-9.0.68.jar:9.0.68]
	at org.apache.catalina.core.StandardWrapperValve.invoke(StandardWrapperValve.java:197) ~[tomcat-embed-core-9.0.68.jar:9.0.68]
	at org.apache.catalina.core.StandardContextValve.invoke(StandardContextValve.java:97) ~[tomcat-embed-core-9.0.68.jar:9.0.68]
	at org.apache.catalina.authenticator.AuthenticatorBase.invoke(AuthenticatorBase.java:541) ~[tomcat-embed-core-9.0.68.jar:9.0.68]
	at org.apache.catalina.core.StandardHostValve.invoke(StandardHostValve.java:135) ~[tomcat-embed-core-9.0.68.jar:9.0.68]
	at org.apache.catalina.valves.ErrorReportValve.invoke(ErrorReportValve.java:92) ~[tomcat-embed-core-9.0.68.jar:9.0.68]
	at org.apache.catalina.core.StandardEngineValve.invoke(StandardEngineValve.java:78) ~[tomcat-embed-core-9.0.68.jar:9.0.68]
	at org.apache.catalina.connector.CoyoteAdapter.service(CoyoteAdapter.java:360) ~[tomcat-embed-core-9.0.68.jar:9.0.68]
	at org.apache.coyote.http11.Http11Processor.service(Http11Processor.java:399) ~[tomcat-embed-core-9.0.68.jar:9.0.68]
	at org.apache.coyote.AbstractProcessorLight.process(AbstractProcessorLight.java:65) ~[tomcat-embed-core-9.0.68.jar:9.0.68]
	at org.apache.coyote.AbstractProtocol$ConnectionHandler.process(AbstractProtocol.java:893) ~[tomcat-embed-core-9.0.68.jar:9.0.68]
	at org.apache.tomcat.util.net.NioEndpoint$SocketProcessor.doRun(NioEndpoint.java:1789) ~[tomcat-embed-core-9.0.68.jar:9.0.68]
	at org.apache.tomcat.util.net.SocketProcessorBase.run(SocketProcessorBase.java:49) ~[tomcat-embed-core-9.0.68.jar:9.0.68]
	at org.apache.tomcat.util.threads.ThreadPoolExecutor.runWorker(ThreadPoolExecutor.java:1191) ~[tomcat-embed-core-9.0.68.jar:9.0.68]
	at org.apache.tomcat.util.threads.ThreadPoolExecutor$Worker.run(ThreadPoolExecutor.java:659) ~[tomcat-embed-core-9.0.68.jar:9.0.68]
	at org.apache.tomcat.util.threads.TaskThread$WrappingRunnable.run(TaskThread.java:61) ~[tomcat-embed-core-9.0.68.jar:9.0.68]
	at java.base/java.lang.Thread.run(Thread.java:833) ~[na:na]

2023-08-29 01:10:16.707 ERROR 15368 --- [http-nio-443-exec-1] o.a.c.c.C.[.[.[/].[dispatcherServlet]    : Servlet.service() for servlet [dispatcherServlet] in context with path [] threw exception

java.net.UnknownHostException: E
	at java.base/sun.nio.ch.NioSocketImpl.connect(NioSocketImpl.java:567) ~[na:na]
	at java.base/java.net.Socket.connect(Socket.java:633) ~[na:na]
	at java.base/sun.net.ftp.impl.FtpClient.doConnect(FtpClient.java:1045) ~[na:na]
	at java.base/sun.net.ftp.impl.FtpClient.tryConnect(FtpClient.java:1010) ~[na:na]
	at java.base/sun.net.ftp.impl.FtpClient.connect(FtpClient.java:1102) ~[na:na]
	at java.base/sun.net.ftp.impl.FtpClient.connect(FtpClient.java:1088) ~[na:na]
	at java.base/sun.net.www.protocol.ftp.FtpURLConnection.connect(FtpURLConnection.java:320) ~[na:na]
	at java.base/sun.net.www.protocol.ftp.FtpURLConnection.getInputStream(FtpURLConnection.java:426) ~[na:na]
	at org.springframework.core.io.UrlResource.getInputStream(UrlResource.java:187) ~[spring-core-5.3.23.jar:5.3.23]
	at org.springframework.http.converter.ResourceHttpMessageConverter.writeContent(ResourceHttpMessageConverter.java:137) ~[spring-web-5.3.23.jar:5.3.23]
	at org.springframework.http.converter.ResourceHttpMessageConverter.writeInternal(ResourceHttpMessageConverter.java:129) ~[spring-web-5.3.23.jar:5.3.23]
	at org.springframework.http.converter.ResourceHttpMessageConverter.writeInternal(ResourceHttpMessageConverter.java:45) ~[spring-web-5.3.23.jar:5.3.23]
	at org.springframework.http.converter.AbstractHttpMessageConverter.write(AbstractHttpMessageConverter.java:227) ~[spring-web-5.3.23.jar:5.3.23]
	at org.springframework.web.servlet.resource.ResourceHttpRequestHandler.handleRequest(ResourceHttpRequestHandler.java:590) ~[spring-webmvc-5.3.23.jar:5.3.23]
	at org.springframework.web.servlet.mvc.HttpRequestHandlerAdapter.handle(HttpRequestHandlerAdapter.java:52) ~[spring-webmvc-5.3.23.jar:5.3.23]
	at org.springframework.web.servlet.DispatcherServlet.doDispatch(DispatcherServlet.java:1071) ~[spring-webmvc-5.3.23.jar:5.3.23]
	at org.springframework.web.servlet.DispatcherServlet.doService(DispatcherServlet.java:964) ~[spring-webmvc-5.3.23.jar:5.3.23]
	at org.springframework.web.servlet.FrameworkServlet.processRequest(FrameworkServlet.java:1006) ~[spring-webmvc-5.3.23.jar:5.3.23]
	at org.springframework.web.servlet.FrameworkServlet.doGet(FrameworkServlet.java:898) ~[spring-webmvc-5.3.23.jar:5.3.23]
	at javax.servlet.http.HttpServlet.service(HttpServlet.java:645) ~[javax.servlet-api-4.0.1.jar:4.0.1]
	at org.springframework.web.servlet.FrameworkServlet.service(FrameworkServlet.java:883) ~[spring-webmvc-5.3.23.jar:5.3.23]
	at javax.servlet.http.HttpServlet.service(HttpServlet.java:750) ~[javax.servlet-api-4.0.1.jar:4.0.1]
	at org.apache.catalina.core.ApplicationFilterChain.internalDoFilter(ApplicationFilterChain.java:227) ~[tomcat-embed-core-9.0.68.jar:9.0.68]
	at org.apache.catalina.core.ApplicationFilterChain.doFilter(ApplicationFilterChain.java:162) ~[tomcat-embed-core-9.0.68.jar:9.0.68]
	at org.apache.tomcat.websocket.server.WsFilter.doFilter(WsFilter.java:53) ~[tomcat-embed-websocket-9.0.68.jar:9.0.68]
	at org.apache.catalina.core.ApplicationFilterChain.internalDoFilter(ApplicationFilterChain.java:189) ~[tomcat-embed-core-9.0.68.jar:9.0.68]
	at org.apache.catalina.core.ApplicationFilterChain.doFilter(ApplicationFilterChain.java:162) ~[tomcat-embed-core-9.0.68.jar:9.0.68]
	at org.springframework.web.filter.OncePerRequestFilter.doFilter(OncePerRequestFilter.java:111) ~[spring-web-5.3.23.jar:5.3.23]
	at org.apache.catalina.core.ApplicationFilterChain.internalDoFilter(ApplicationFilterChain.java:189) ~[tomcat-embed-core-9.0.68.jar:9.0.68]
	at org.apache.catalina.core.ApplicationFilterChain.doFilter(ApplicationFilterChain.java:162) ~[tomcat-embed-core-9.0.68.jar:9.0.68]
	at com.easygofly.site.setting.web.WebSettingFilter.doFilter(WebSettingFilter.java:33) ~[classes/:na]
	at org.apache.catalina.core.ApplicationFilterChain.internalDoFilter(ApplicationFilterChain.java:189) ~[tomcat-embed-core-9.0.68.jar:9.0.68]
	at org.apache.catalina.core.ApplicationFilterChain.doFilter(ApplicationFilterChain.java:162) ~[tomcat-embed-core-9.0.68.jar:9.0.68]
	at com.easygofly.site.setting.SettingFilter.doFilter(SettingFilter.java:33) ~[classes/:na]
	at org.apache.catalina.core.ApplicationFilterChain.internalDoFilter(ApplicationFilterChain.java:189) ~[tomcat-embed-core-9.0.68.jar:9.0.68]
	at org.apache.catalina.core.ApplicationFilterChain.doFilter(ApplicationFilterChain.java:162) ~[tomcat-embed-core-9.0.68.jar:9.0.68]
	at org.springframework.web.servlet.resource.ResourceUrlEncodingFilter.doFilter(ResourceUrlEncodingFilter.java:67) ~[spring-webmvc-5.3.23.jar:5.3.23]
	at org.apache.catalina.core.ApplicationFilterChain.internalDoFilter(ApplicationFilterChain.java:189) ~[tomcat-embed-core-9.0.68.jar:9.0.68]
	at org.apache.catalina.core.ApplicationFilterChain.doFilter(ApplicationFilterChain.java:162) ~[tomcat-embed-core-9.0.68.jar:9.0.68]
	at org.springframework.security.web.FilterChainProxy$VirtualFilterChain.doFilter(FilterChainProxy.java:337) ~[spring-security-web-5.7.4.jar:5.7.4]
	at org.springframework.security.web.access.intercept.FilterSecurityInterceptor.invoke(FilterSecurityInterceptor.java:115) ~[spring-security-web-5.7.4.jar:5.7.4]
	at org.springframework.security.web.access.intercept.FilterSecurityInterceptor.doFilter(FilterSecurityInterceptor.java:81) ~[spring-security-web-5.7.4.jar:5.7.4]
	at org.springframework.security.web.FilterChainProxy$VirtualFilterChain.doFilter(FilterChainProxy.java:346) ~[spring-security-web-5.7.4.jar:5.7.4]
	at org.springframework.security.web.access.ExceptionTranslationFilter.doFilter(ExceptionTranslationFilter.java:122) ~[spring-security-web-5.7.4.jar:5.7.4]
	at org.springframework.security.web.access.ExceptionTranslationFilter.doFilter(ExceptionTranslationFilter.java:116) ~[spring-security-web-5.7.4.jar:5.7.4]
	at org.springframework.security.web.FilterChainProxy$VirtualFilterChain.doFilter(FilterChainProxy.java:346) ~[spring-security-web-5.7.4.jar:5.7.4]
	at org.springframework.security.web.session.SessionManagementFilter.doFilter(SessionManagementFilter.java:126) ~[spring-security-web-5.7.4.jar:5.7.4]
	at org.springframework.security.web.session.SessionManagementFilter.doFilter(SessionManagementFilter.java:81) ~[spring-security-web-5.7.4.jar:5.7.4]
	at org.springframework.security.web.FilterChainProxy$VirtualFilterChain.doFilter(FilterChainProxy.java:346) ~[spring-security-web-5.7.4.jar:5.7.4]
	at org.springframework.security.web.authentication.AnonymousAuthenticationFilter.doFilter(AnonymousAuthenticationFilter.java:109) ~[spring-security-web-5.7.4.jar:5.7.4]
	at org.springframework.security.web.FilterChainProxy$VirtualFilterChain.doFilter(FilterChainProxy.java:346) ~[spring-security-web-5.7.4.jar:5.7.4]
	at org.springframework.security.web.authentication.rememberme.RememberMeAuthenticationFilter.doFilter(RememberMeAuthenticationFilter.java:106) ~[spring-security-web-5.7.4.jar:5.7.4]
	at org.springframework.security.web.authentication.rememberme.RememberMeAuthenticationFilter.doFilter(RememberMeAuthenticationFilter.java:97) ~[spring-security-web-5.7.4.jar:5.7.4]
	at org.springframework.security.web.FilterChainProxy$VirtualFilterChain.doFilter(FilterChainProxy.java:346) ~[spring-security-web-5.7.4.jar:5.7.4]
	at org.springframework.security.web.servletapi.SecurityContextHolderAwareRequestFilter.doFilter(SecurityContextHolderAwareRequestFilter.java:149) ~[spring-security-web-5.7.4.jar:5.7.4]
	at org.springframework.security.web.FilterChainProxy$VirtualFilterChain.doFilter(FilterChainProxy.java:346) ~[spring-security-web-5.7.4.jar:5.7.4]
	at org.springframework.security.web.savedrequest.RequestCacheAwareFilter.doFilter(RequestCacheAwareFilter.java:63) ~[spring-security-web-5.7.4.jar:5.7.4]
	at org.springframework.security.web.FilterChainProxy$VirtualFilterChain.doFilter(FilterChainProxy.java:346) ~[spring-security-web-5.7.4.jar:5.7.4]
	at org.springframework.security.web.session.ConcurrentSessionFilter.doFilter(ConcurrentSessionFilter.java:147) ~[spring-security-web-5.7.4.jar:5.7.4]
	at org.springframework.security.web.session.ConcurrentSessionFilter.doFilter(ConcurrentSessionFilter.java:125) ~[spring-security-web-5.7.4.jar:5.7.4]
	at org.springframework.security.web.FilterChainProxy$VirtualFilterChain.doFilter(FilterChainProxy.java:346) ~[spring-security-web-5.7.4.jar:5.7.4]
	at org.springframework.security.web.authentication.AbstractAuthenticationProcessingFilter.doFilter(AbstractAuthenticationProcessingFilter.java:223) ~[spring-security-web-5.7.4.jar:5.7.4]
	at org.springframework.security.web.authentication.AbstractAuthenticationProcessingFilter.doFilter(AbstractAuthenticationProcessingFilter.java:217) ~[spring-security-web-5.7.4.jar:5.7.4]
	at org.springframework.security.web.FilterChainProxy$VirtualFilterChain.doFilter(FilterChainProxy.java:346) ~[spring-security-web-5.7.4.jar:5.7.4]
	at org.springframework.security.web.authentication.AbstractAuthenticationProcessingFilter.doFilter(AbstractAuthenticationProcessingFilter.java:223) ~[spring-security-web-5.7.4.jar:5.7.4]
	at org.springframework.security.web.authentication.AbstractAuthenticationProcessingFilter.doFilter(AbstractAuthenticationProcessingFilter.java:217) ~[spring-security-web-5.7.4.jar:5.7.4]
	at org.springframework.security.web.FilterChainProxy$VirtualFilterChain.doFilter(FilterChainProxy.java:346) ~[spring-security-web-5.7.4.jar:5.7.4]
	at org.springframework.security.oauth2.client.web.OAuth2AuthorizationRequestRedirectFilter.doFilterInternal(OAuth2AuthorizationRequestRedirectFilter.java:178) ~[spring-security-oauth2-client-5.7.4.jar:5.7.4]
	at org.springframework.web.filter.OncePerRequestFilter.doFilter(OncePerRequestFilter.java:117) ~[spring-web-5.3.23.jar:5.3.23]
	at org.springframework.security.web.FilterChainProxy$VirtualFilterChain.doFilter(FilterChainProxy.java:346) ~[spring-security-web-5.7.4.jar:5.7.4]
	at org.springframework.security.web.authentication.logout.LogoutFilter.doFilter(LogoutFilter.java:103) ~[spring-security-web-5.7.4.jar:5.7.4]
	at org.springframework.security.web.authentication.logout.LogoutFilter.doFilter(LogoutFilter.java:89) ~[spring-security-web-5.7.4.jar:5.7.4]
	at org.springframework.security.web.FilterChainProxy$VirtualFilterChain.doFilter(FilterChainProxy.java:346) ~[spring-security-web-5.7.4.jar:5.7.4]
	at org.springframework.web.filter.CorsFilter.doFilterInternal(CorsFilter.java:91) ~[spring-web-5.3.23.jar:5.3.23]
	at org.springframework.web.filter.OncePerRequestFilter.doFilter(OncePerRequestFilter.java:117) ~[spring-web-5.3.23.jar:5.3.23]
	at org.springframework.security.web.FilterChainProxy$VirtualFilterChain.doFilter(FilterChainProxy.java:346) ~[spring-security-web-5.7.4.jar:5.7.4]
	at org.springframework.security.web.header.HeaderWriterFilter.doHeadersAfter(HeaderWriterFilter.java:90) ~[spring-security-web-5.7.4.jar:5.7.4]
	at org.springframework.security.web.header.HeaderWriterFilter.doFilterInternal(HeaderWriterFilter.java:75) ~[spring-security-web-5.7.4.jar:5.7.4]
	at org.springframework.web.filter.OncePerRequestFilter.doFilter(OncePerRequestFilter.java:117) ~[spring-web-5.3.23.jar:5.3.23]
	at org.springframework.security.web.FilterChainProxy$VirtualFilterChain.doFilter(FilterChainProxy.java:346) ~[spring-security-web-5.7.4.jar:5.7.4]
	at org.springframework.security.web.context.SecurityContextPersistenceFilter.doFilter(SecurityContextPersistenceFilter.java:112) ~[spring-security-web-5.7.4.jar:5.7.4]
	at org.springframework.security.web.context.SecurityContextPersistenceFilter.doFilter(SecurityContextPersistenceFilter.java:82) ~[spring-security-web-5.7.4.jar:5.7.4]
	at org.springframework.security.web.FilterChainProxy$VirtualFilterChain.doFilter(FilterChainProxy.java:346) ~[spring-security-web-5.7.4.jar:5.7.4]
	at org.springframework.security.web.context.request.async.WebAsyncManagerIntegrationFilter.doFilterInternal(WebAsyncManagerIntegrationFilter.java:55) ~[spring-security-web-5.7.4.jar:5.7.4]
	at org.springframework.web.filter.OncePerRequestFilter.doFilter(OncePerRequestFilter.java:117) ~[spring-web-5.3.23.jar:5.3.23]
	at org.springframework.security.web.FilterChainProxy$VirtualFilterChain.doFilter(FilterChainProxy.java:346) ~[spring-security-web-5.7.4.jar:5.7.4]
	at org.springframework.security.web.session.DisableEncodeUrlFilter.doFilterInternal(DisableEncodeUrlFilter.java:42) ~[spring-security-web-5.7.4.jar:5.7.4]
	at org.springframework.web.filter.OncePerRequestFilter.doFilter(OncePerRequestFilter.java:117) ~[spring-web-5.3.23.jar:5.3.23]
	at org.springframework.security.web.FilterChainProxy$VirtualFilterChain.doFilter(FilterChainProxy.java:346) ~[spring-security-web-5.7.4.jar:5.7.4]
	at org.springframework.security.web.FilterChainProxy.doFilterInternal(FilterChainProxy.java:221) ~[spring-security-web-5.7.4.jar:5.7.4]
	at org.springframework.security.web.FilterChainProxy.doFilter(FilterChainProxy.java:186) ~[spring-security-web-5.7.4.jar:5.7.4]
	at org.springframework.web.filter.DelegatingFilterProxy.invokeDelegate(DelegatingFilterProxy.java:354) ~[spring-web-5.3.23.jar:5.3.23]
	at org.springframework.web.filter.DelegatingFilterProxy.doFilter(DelegatingFilterProxy.java:267) ~[spring-web-5.3.23.jar:5.3.23]
	at org.apache.catalina.core.ApplicationFilterChain.internalDoFilter(ApplicationFilterChain.java:189) ~[tomcat-embed-core-9.0.68.jar:9.0.68]
	at org.apache.catalina.core.ApplicationFilterChain.doFilter(ApplicationFilterChain.java:162) ~[tomcat-embed-core-9.0.68.jar:9.0.68]
	at org.springframework.web.filter.RequestContextFilter.doFilterInternal(RequestContextFilter.java:100) ~[spring-web-5.3.23.jar:5.3.23]
	at org.springframework.web.filter.OncePerRequestFilter.doFilter(OncePerRequestFilter.java:117) ~[spring-web-5.3.23.jar:5.3.23]
	at org.apache.catalina.core.ApplicationFilterChain.internalDoFilter(ApplicationFilterChain.java:189) ~[tomcat-embed-core-9.0.68.jar:9.0.68]
	at org.apache.catalina.core.ApplicationFilterChain.doFilter(ApplicationFilterChain.java:162) ~[tomcat-embed-core-9.0.68.jar:9.0.68]
	at org.springframework.web.filter.FormContentFilter.doFilterInternal(FormContentFilter.java:93) ~[spring-web-5.3.23.jar:5.3.23]
	at org.springframework.web.filter.OncePerRequestFilter.doFilter(OncePerRequestFilter.java:117) ~[spring-web-5.3.23.jar:5.3.23]
	at org.apache.catalina.core.ApplicationFilterChain.internalDoFilter(ApplicationFilterChain.java:189) ~[tomcat-embed-core-9.0.68.jar:9.0.68]
	at org.apache.catalina.core.ApplicationFilterChain.doFilter(ApplicationFilterChain.java:162) ~[tomcat-embed-core-9.0.68.jar:9.0.68]
	at org.springframework.web.filter.CharacterEncodingFilter.doFilterInternal(CharacterEncodingFilter.java:201) ~[spring-web-5.3.23.jar:5.3.23]
	at org.springframework.web.filter.OncePerRequestFilter.doFilter(OncePerRequestFilter.java:117) ~[spring-web-5.3.23.jar:5.3.23]
	at org.apache.catalina.core.ApplicationFilterChain.internalDoFilter(ApplicationFilterChain.java:189) ~[tomcat-embed-core-9.0.68.jar:9.0.68]
	at org.apache.catalina.core.ApplicationFilterChain.doFilter(ApplicationFilterChain.java:162) ~[tomcat-embed-core-9.0.68.jar:9.0.68]
	at org.apache.catalina.core.StandardWrapperValve.invoke(StandardWrapperValve.java:197) ~[tomcat-embed-core-9.0.68.jar:9.0.68]
	at org.apache.catalina.core.StandardContextValve.invoke(StandardContextValve.java:97) ~[tomcat-embed-core-9.0.68.jar:9.0.68]
	at org.apache.catalina.authenticator.AuthenticatorBase.invoke(AuthenticatorBase.java:541) ~[tomcat-embed-core-9.0.68.jar:9.0.68]
	at org.apache.catalina.core.StandardHostValve.invoke(StandardHostValve.java:135) ~[tomcat-embed-core-9.0.68.jar:9.0.68]
	at org.apache.catalina.valves.ErrorReportValve.invoke(ErrorReportValve.java:92) ~[tomcat-embed-core-9.0.68.jar:9.0.68]
	at org.apache.catalina.core.StandardEngineValve.invoke(StandardEngineValve.java:78) ~[tomcat-embed-core-9.0.68.jar:9.0.68]
	at org.apache.catalina.connector.CoyoteAdapter.service(CoyoteAdapter.java:360) ~[tomcat-embed-core-9.0.68.jar:9.0.68]
	at org.apache.coyote.http11.Http11Processor.service(Http11Processor.java:399) ~[tomcat-embed-core-9.0.68.jar:9.0.68]
	at org.apache.coyote.AbstractProcessorLight.process(AbstractProcessorLight.java:65) ~[tomcat-embed-core-9.0.68.jar:9.0.68]
	at org.apache.coyote.AbstractProtocol$ConnectionHandler.process(AbstractProtocol.java:893) ~[tomcat-embed-core-9.0.68.jar:9.0.68]
	at org.apache.tomcat.util.net.NioEndpoint$SocketProcessor.doRun(NioEndpoint.java:1789) ~[tomcat-embed-core-9.0.68.jar:9.0.68]
	at org.apache.tomcat.util.net.SocketProcessorBase.run(SocketProcessorBase.java:49) ~[tomcat-embed-core-9.0.68.jar:9.0.68]
	at org.apache.tomcat.util.threads.ThreadPoolExecutor.runWorker(ThreadPoolExecutor.java:1191) ~[tomcat-embed-core-9.0.68.jar:9.0.68]
	at org.apache.tomcat.util.threads.ThreadPoolExecutor$Worker.run(ThreadPoolExecutor.java:659) ~[tomcat-embed-core-9.0.68.jar:9.0.68]
	at org.apache.tomcat.util.threads.TaskThread$WrappingRunnable.run(TaskThread.java:61) ~[tomcat-embed-core-9.0.68.jar:9.0.68]
	at java.base/java.lang.Thread.run(Thread.java:833) ~[na:na]

2023-08-29 01:10:16.707 ERROR 15368 --- [http-nio-443-exec-2] o.a.c.c.C.[.[.[/].[dispatcherServlet]    : Servlet.service() for servlet [dispatcherServlet] in context with path [] threw exception

java.net.UnknownHostException: E
	at java.base/sun.nio.ch.NioSocketImpl.connect(NioSocketImpl.java:567) ~[na:na]
	at java.base/java.net.Socket.connect(Socket.java:633) ~[na:na]
	at java.base/sun.net.ftp.impl.FtpClient.doConnect(FtpClient.java:1045) ~[na:na]
	at java.base/sun.net.ftp.impl.FtpClient.tryConnect(FtpClient.java:1010) ~[na:na]
	at java.base/sun.net.ftp.impl.FtpClient.connect(FtpClient.java:1102) ~[na:na]
	at java.base/sun.net.ftp.impl.FtpClient.connect(FtpClient.java:1088) ~[na:na]
	at java.base/sun.net.www.protocol.ftp.FtpURLConnection.connect(FtpURLConnection.java:320) ~[na:na]
	at java.base/sun.net.www.protocol.ftp.FtpURLConnection.getInputStream(FtpURLConnection.java:426) ~[na:na]
	at org.springframework.core.io.UrlResource.getInputStream(UrlResource.java:187) ~[spring-core-5.3.23.jar:5.3.23]
	at org.springframework.http.converter.ResourceHttpMessageConverter.writeContent(ResourceHttpMessageConverter.java:137) ~[spring-web-5.3.23.jar:5.3.23]
	at org.springframework.http.converter.ResourceHttpMessageConverter.writeInternal(ResourceHttpMessageConverter.java:129) ~[spring-web-5.3.23.jar:5.3.23]
	at org.springframework.http.converter.ResourceHttpMessageConverter.writeInternal(ResourceHttpMessageConverter.java:45) ~[spring-web-5.3.23.jar:5.3.23]
	at org.springframework.http.converter.AbstractHttpMessageConverter.write(AbstractHttpMessageConverter.java:227) ~[spring-web-5.3.23.jar:5.3.23]
	at org.springframework.web.servlet.resource.ResourceHttpRequestHandler.handleRequest(ResourceHttpRequestHandler.java:590) ~[spring-webmvc-5.3.23.jar:5.3.23]
	at org.springframework.web.servlet.mvc.HttpRequestHandlerAdapter.handle(HttpRequestHandlerAdapter.java:52) ~[spring-webmvc-5.3.23.jar:5.3.23]
	at org.springframework.web.servlet.DispatcherServlet.doDispatch(DispatcherServlet.java:1071) ~[spring-webmvc-5.3.23.jar:5.3.23]
	at org.springframework.web.servlet.DispatcherServlet.doService(DispatcherServlet.java:964) ~[spring-webmvc-5.3.23.jar:5.3.23]
	at org.springframework.web.servlet.FrameworkServlet.processRequest(FrameworkServlet.java:1006) ~[spring-webmvc-5.3.23.jar:5.3.23]
	at org.springframework.web.servlet.FrameworkServlet.doGet(FrameworkServlet.java:898) ~[spring-webmvc-5.3.23.jar:5.3.23]
	at javax.servlet.http.HttpServlet.service(HttpServlet.java:645) ~[javax.servlet-api-4.0.1.jar:4.0.1]
	at org.springframework.web.servlet.FrameworkServlet.service(FrameworkServlet.java:883) ~[spring-webmvc-5.3.23.jar:5.3.23]
	at javax.servlet.http.HttpServlet.service(HttpServlet.java:750) ~[javax.servlet-api-4.0.1.jar:4.0.1]
	at org.apache.catalina.core.ApplicationFilterChain.internalDoFilter(ApplicationFilterChain.java:227) ~[tomcat-embed-core-9.0.68.jar:9.0.68]
	at org.apache.catalina.core.ApplicationFilterChain.doFilter(ApplicationFilterChain.java:162) ~[tomcat-embed-core-9.0.68.jar:9.0.68]
	at org.apache.tomcat.websocket.server.WsFilter.doFilter(WsFilter.java:53) ~[tomcat-embed-websocket-9.0.68.jar:9.0.68]
	at org.apache.catalina.core.ApplicationFilterChain.internalDoFilter(ApplicationFilterChain.java:189) ~[tomcat-embed-core-9.0.68.jar:9.0.68]
	at org.apache.catalina.core.ApplicationFilterChain.doFilter(ApplicationFilterChain.java:162) ~[tomcat-embed-core-9.0.68.jar:9.0.68]
	at org.springframework.web.filter.OncePerRequestFilter.doFilter(OncePerRequestFilter.java:111) ~[spring-web-5.3.23.jar:5.3.23]
	at org.apache.catalina.core.ApplicationFilterChain.internalDoFilter(ApplicationFilterChain.java:189) ~[tomcat-embed-core-9.0.68.jar:9.0.68]
	at org.apache.catalina.core.ApplicationFilterChain.doFilter(ApplicationFilterChain.java:162) ~[tomcat-embed-core-9.0.68.jar:9.0.68]
	at com.easygofly.site.setting.web.WebSettingFilter.doFilter(WebSettingFilter.java:44) ~[classes/:na]
	at org.apache.catalina.core.ApplicationFilterChain.internalDoFilter(ApplicationFilterChain.java:189) ~[tomcat-embed-core-9.0.68.jar:9.0.68]
	at org.apache.catalina.core.ApplicationFilterChain.doFilter(ApplicationFilterChain.java:162) ~[tomcat-embed-core-9.0.68.jar:9.0.68]
	at com.easygofly.site.setting.SettingFilter.doFilter(SettingFilter.java:44) ~[classes/:na]
	at org.apache.catalina.core.ApplicationFilterChain.internalDoFilter(ApplicationFilterChain.java:189) ~[tomcat-embed-core-9.0.68.jar:9.0.68]
	at org.apache.catalina.core.ApplicationFilterChain.doFilter(ApplicationFilterChain.java:162) ~[tomcat-embed-core-9.0.68.jar:9.0.68]
	at org.springframework.web.servlet.resource.ResourceUrlEncodingFilter.doFilter(ResourceUrlEncodingFilter.java:67) ~[spring-webmvc-5.3.23.jar:5.3.23]
	at org.apache.catalina.core.ApplicationFilterChain.internalDoFilter(ApplicationFilterChain.java:189) ~[tomcat-embed-core-9.0.68.jar:9.0.68]
	at org.apache.catalina.core.ApplicationFilterChain.doFilter(ApplicationFilterChain.java:162) ~[tomcat-embed-core-9.0.68.jar:9.0.68]
	at org.springframework.security.web.FilterChainProxy$VirtualFilterChain.doFilter(FilterChainProxy.java:337) ~[spring-security-web-5.7.4.jar:5.7.4]
	at org.springframework.security.web.access.intercept.FilterSecurityInterceptor.invoke(FilterSecurityInterceptor.java:115) ~[spring-security-web-5.7.4.jar:5.7.4]
	at org.springframework.security.web.access.intercept.FilterSecurityInterceptor.doFilter(FilterSecurityInterceptor.java:81) ~[spring-security-web-5.7.4.jar:5.7.4]
	at org.springframework.security.web.FilterChainProxy$VirtualFilterChain.doFilter(FilterChainProxy.java:346) ~[spring-security-web-5.7.4.jar:5.7.4]
	at org.springframework.security.web.access.ExceptionTranslationFilter.doFilter(ExceptionTranslationFilter.java:122) ~[spring-security-web-5.7.4.jar:5.7.4]
	at org.springframework.security.web.access.ExceptionTranslationFilter.doFilter(ExceptionTranslationFilter.java:116) ~[spring-security-web-5.7.4.jar:5.7.4]
	at org.springframework.security.web.FilterChainProxy$VirtualFilterChain.doFilter(FilterChainProxy.java:346) ~[spring-security-web-5.7.4.jar:5.7.4]
	at org.springframework.security.web.session.SessionManagementFilter.doFilter(SessionManagementFilter.java:126) ~[spring-security-web-5.7.4.jar:5.7.4]
	at org.springframework.security.web.session.SessionManagementFilter.doFilter(SessionManagementFilter.java:81) ~[spring-security-web-5.7.4.jar:5.7.4]
	at org.springframework.security.web.FilterChainProxy$VirtualFilterChain.doFilter(FilterChainProxy.java:346) ~[spring-security-web-5.7.4.jar:5.7.4]
	at org.springframework.security.web.authentication.AnonymousAuthenticationFilter.doFilter(AnonymousAuthenticationFilter.java:109) ~[spring-security-web-5.7.4.jar:5.7.4]
	at org.springframework.security.web.FilterChainProxy$VirtualFilterChain.doFilter(FilterChainProxy.java:346) ~[spring-security-web-5.7.4.jar:5.7.4]
	at org.springframework.security.web.authentication.rememberme.RememberMeAuthenticationFilter.doFilter(RememberMeAuthenticationFilter.java:106) ~[spring-security-web-5.7.4.jar:5.7.4]
	at org.springframework.security.web.authentication.rememberme.RememberMeAuthenticationFilter.doFilter(RememberMeAuthenticationFilter.java:97) ~[spring-security-web-5.7.4.jar:5.7.4]
	at org.springframework.security.web.FilterChainProxy$VirtualFilterChain.doFilter(FilterChainProxy.java:346) ~[spring-security-web-5.7.4.jar:5.7.4]
	at org.springframework.security.web.servletapi.SecurityContextHolderAwareRequestFilter.doFilter(SecurityContextHolderAwareRequestFilter.java:149) ~[spring-security-web-5.7.4.jar:5.7.4]
	at org.springframework.security.web.FilterChainProxy$VirtualFilterChain.doFilter(FilterChainProxy.java:346) ~[spring-security-web-5.7.4.jar:5.7.4]
	at org.springframework.security.web.savedrequest.RequestCacheAwareFilter.doFilter(RequestCacheAwareFilter.java:63) ~[spring-security-web-5.7.4.jar:5.7.4]
	at org.springframework.security.web.FilterChainProxy$VirtualFilterChain.doFilter(FilterChainProxy.java:346) ~[spring-security-web-5.7.4.jar:5.7.4]
	at org.springframework.security.web.session.ConcurrentSessionFilter.doFilter(ConcurrentSessionFilter.java:147) ~[spring-security-web-5.7.4.jar:5.7.4]
	at org.springframework.security.web.session.ConcurrentSessionFilter.doFilter(ConcurrentSessionFilter.java:125) ~[spring-security-web-5.7.4.jar:5.7.4]
	at org.springframework.security.web.FilterChainProxy$VirtualFilterChain.doFilter(FilterChainProxy.java:346) ~[spring-security-web-5.7.4.jar:5.7.4]
	at org.springframework.security.web.authentication.AbstractAuthenticationProcessingFilter.doFilter(AbstractAuthenticationProcessingFilter.java:223) ~[spring-security-web-5.7.4.jar:5.7.4]
	at org.springframework.security.web.authentication.AbstractAuthenticationProcessingFilter.doFilter(AbstractAuthenticationProcessingFilter.java:217) ~[spring-security-web-5.7.4.jar:5.7.4]
	at org.springframework.security.web.FilterChainProxy$VirtualFilterChain.doFilter(FilterChainProxy.java:346) ~[spring-security-web-5.7.4.jar:5.7.4]
	at org.springframework.security.web.authentication.AbstractAuthenticationProcessingFilter.doFilter(AbstractAuthenticationProcessingFilter.java:223) ~[spring-security-web-5.7.4.jar:5.7.4]
	at org.springframework.security.web.authentication.AbstractAuthenticationProcessingFilter.doFilter(AbstractAuthenticationProcessingFilter.java:217) ~[spring-security-web-5.7.4.jar:5.7.4]
	at org.springframework.security.web.FilterChainProxy$VirtualFilterChain.doFilter(FilterChainProxy.java:346) ~[spring-security-web-5.7.4.jar:5.7.4]
	at org.springframework.security.oauth2.client.web.OAuth2AuthorizationRequestRedirectFilter.doFilterInternal(OAuth2AuthorizationRequestRedirectFilter.java:178) ~[spring-security-oauth2-client-5.7.4.jar:5.7.4]
	at org.springframework.web.filter.OncePerRequestFilter.doFilter(OncePerRequestFilter.java:117) ~[spring-web-5.3.23.jar:5.3.23]
	at org.springframework.security.web.FilterChainProxy$VirtualFilterChain.doFilter(FilterChainProxy.java:346) ~[spring-security-web-5.7.4.jar:5.7.4]
	at org.springframework.security.web.authentication.logout.LogoutFilter.doFilter(LogoutFilter.java:103) ~[spring-security-web-5.7.4.jar:5.7.4]
	at org.springframework.security.web.authentication.logout.LogoutFilter.doFilter(LogoutFilter.java:89) ~[spring-security-web-5.7.4.jar:5.7.4]
	at org.springframework.security.web.FilterChainProxy$VirtualFilterChain.doFilter(FilterChainProxy.java:346) ~[spring-security-web-5.7.4.jar:5.7.4]
	at org.springframework.web.filter.CorsFilter.doFilterInternal(CorsFilter.java:91) ~[spring-web-5.3.23.jar:5.3.23]
	at org.springframework.web.filter.OncePerRequestFilter.doFilter(OncePerRequestFilter.java:117) ~[spring-web-5.3.23.jar:5.3.23]
	at org.springframework.security.web.FilterChainProxy$VirtualFilterChain.doFilter(FilterChainProxy.java:346) ~[spring-security-web-5.7.4.jar:5.7.4]
	at org.springframework.security.web.header.HeaderWriterFilter.doHeadersAfter(HeaderWriterFilter.java:90) ~[spring-security-web-5.7.4.jar:5.7.4]
	at org.springframework.security.web.header.HeaderWriterFilter.doFilterInternal(HeaderWriterFilter.java:75) ~[spring-security-web-5.7.4.jar:5.7.4]
	at org.springframework.web.filter.OncePerRequestFilter.doFilter(OncePerRequestFilter.java:117) ~[spring-web-5.3.23.jar:5.3.23]
	at org.springframework.security.web.FilterChainProxy$VirtualFilterChain.doFilter(FilterChainProxy.java:346) ~[spring-security-web-5.7.4.jar:5.7.4]
	at org.springframework.security.web.context.SecurityContextPersistenceFilter.doFilter(SecurityContextPersistenceFilter.java:112) ~[spring-security-web-5.7.4.jar:5.7.4]
	at org.springframework.security.web.context.SecurityContextPersistenceFilter.doFilter(SecurityContextPersistenceFilter.java:82) ~[spring-security-web-5.7.4.jar:5.7.4]
	at org.springframework.security.web.FilterChainProxy$VirtualFilterChain.doFilter(FilterChainProxy.java:346) ~[spring-security-web-5.7.4.jar:5.7.4]
	at org.springframework.security.web.context.request.async.WebAsyncManagerIntegrationFilter.doFilterInternal(WebAsyncManagerIntegrationFilter.java:55) ~[spring-security-web-5.7.4.jar:5.7.4]
	at org.springframework.web.filter.OncePerRequestFilter.doFilter(OncePerRequestFilter.java:117) ~[spring-web-5.3.23.jar:5.3.23]
	at org.springframework.security.web.FilterChainProxy$VirtualFilterChain.doFilter(FilterChainProxy.java:346) ~[spring-security-web-5.7.4.jar:5.7.4]
	at org.springframework.security.web.session.DisableEncodeUrlFilter.doFilterInternal(DisableEncodeUrlFilter.java:42) ~[spring-security-web-5.7.4.jar:5.7.4]
	at org.springframework.web.filter.OncePerRequestFilter.doFilter(OncePerRequestFilter.java:117) ~[spring-web-5.3.23.jar:5.3.23]
	at org.springframework.security.web.FilterChainProxy$VirtualFilterChain.doFilter(FilterChainProxy.java:346) ~[spring-security-web-5.7.4.jar:5.7.4]
	at org.springframework.security.web.FilterChainProxy.doFilterInternal(FilterChainProxy.java:221) ~[spring-security-web-5.7.4.jar:5.7.4]
	at org.springframework.security.web.FilterChainProxy.doFilter(FilterChainProxy.java:186) ~[spring-security-web-5.7.4.jar:5.7.4]
	at org.springframework.web.filter.DelegatingFilterProxy.invokeDelegate(DelegatingFilterProxy.java:354) ~[spring-web-5.3.23.jar:5.3.23]
	at org.springframework.web.filter.DelegatingFilterProxy.doFilter(DelegatingFilterProxy.java:267) ~[spring-web-5.3.23.jar:5.3.23]
	at org.apache.catalina.core.ApplicationFilterChain.internalDoFilter(ApplicationFilterChain.java:189) ~[tomcat-embed-core-9.0.68.jar:9.0.68]
	at org.apache.catalina.core.ApplicationFilterChain.doFilter(ApplicationFilterChain.java:162) ~[tomcat-embed-core-9.0.68.jar:9.0.68]
	at org.springframework.web.filter.RequestContextFilter.doFilterInternal(RequestContextFilter.java:100) ~[spring-web-5.3.23.jar:5.3.23]
	at org.springframework.web.filter.OncePerRequestFilter.doFilter(OncePerRequestFilter.java:117) ~[spring-web-5.3.23.jar:5.3.23]
	at org.apache.catalina.core.ApplicationFilterChain.internalDoFilter(ApplicationFilterChain.java:189) ~[tomcat-embed-core-9.0.68.jar:9.0.68]
	at org.apache.catalina.core.ApplicationFilterChain.doFilter(ApplicationFilterChain.java:162) ~[tomcat-embed-core-9.0.68.jar:9.0.68]
	at org.springframework.web.filter.FormContentFilter.doFilterInternal(FormContentFilter.java:93) ~[spring-web-5.3.23.jar:5.3.23]
	at org.springframework.web.filter.OncePerRequestFilter.doFilter(OncePerRequestFilter.java:117) ~[spring-web-5.3.23.jar:5.3.23]
	at org.apache.catalina.core.ApplicationFilterChain.internalDoFilter(ApplicationFilterChain.java:189) ~[tomcat-embed-core-9.0.68.jar:9.0.68]
	at org.apache.catalina.core.ApplicationFilterChain.doFilter(ApplicationFilterChain.java:162) ~[tomcat-embed-core-9.0.68.jar:9.0.68]
	at org.springframework.web.filter.CharacterEncodingFilter.doFilterInternal(CharacterEncodingFilter.java:201) ~[spring-web-5.3.23.jar:5.3.23]
	at org.springframework.web.filter.OncePerRequestFilter.doFilter(OncePerRequestFilter.java:117) ~[spring-web-5.3.23.jar:5.3.23]
	at org.apache.catalina.core.ApplicationFilterChain.internalDoFilter(ApplicationFilterChain.java:189) ~[tomcat-embed-core-9.0.68.jar:9.0.68]
	at org.apache.catalina.core.ApplicationFilterChain.doFilter(ApplicationFilterChain.java:162) ~[tomcat-embed-core-9.0.68.jar:9.0.68]
	at org.apache.catalina.core.StandardWrapperValve.invoke(StandardWrapperValve.java:197) ~[tomcat-embed-core-9.0.68.jar:9.0.68]
	at org.apache.catalina.core.StandardContextValve.invoke(StandardContextValve.java:97) ~[tomcat-embed-core-9.0.68.jar:9.0.68]
	at org.apache.catalina.authenticator.AuthenticatorBase.invoke(AuthenticatorBase.java:541) ~[tomcat-embed-core-9.0.68.jar:9.0.68]
	at org.apache.catalina.core.StandardHostValve.invoke(StandardHostValve.java:135) ~[tomcat-embed-core-9.0.68.jar:9.0.68]
	at org.apache.catalina.valves.ErrorReportValve.invoke(ErrorReportValve.java:92) ~[tomcat-embed-core-9.0.68.jar:9.0.68]
	at org.apache.catalina.core.StandardEngineValve.invoke(StandardEngineValve.java:78) ~[tomcat-embed-core-9.0.68.jar:9.0.68]
	at org.apache.catalina.connector.CoyoteAdapter.service(CoyoteAdapter.java:360) ~[tomcat-embed-core-9.0.68.jar:9.0.68]
	at org.apache.coyote.http11.Http11Processor.service(Http11Processor.java:399) ~[tomcat-embed-core-9.0.68.jar:9.0.68]
	at org.apache.coyote.AbstractProcessorLight.process(AbstractProcessorLight.java:65) ~[tomcat-embed-core-9.0.68.jar:9.0.68]
	at org.apache.coyote.AbstractProtocol$ConnectionHandler.process(AbstractProtocol.java:893) ~[tomcat-embed-core-9.0.68.jar:9.0.68]
	at org.apache.tomcat.util.net.NioEndpoint$SocketProcessor.doRun(NioEndpoint.java:1789) ~[tomcat-embed-core-9.0.68.jar:9.0.68]
	at org.apache.tomcat.util.net.SocketProcessorBase.run(SocketProcessorBase.java:49) ~[tomcat-embed-core-9.0.68.jar:9.0.68]
	at org.apache.tomcat.util.threads.ThreadPoolExecutor.runWorker(ThreadPoolExecutor.java:1191) ~[tomcat-embed-core-9.0.68.jar:9.0.68]
	at org.apache.tomcat.util.threads.ThreadPoolExecutor$Worker.run(ThreadPoolExecutor.java:659) ~[tomcat-embed-core-9.0.68.jar:9.0.68]
	at org.apache.tomcat.util.threads.TaskThread$WrappingRunnable.run(TaskThread.java:61) ~[tomcat-embed-core-9.0.68.jar:9.0.68]
	at java.base/java.lang.Thread.run(Thread.java:833) ~[na:na]

2023-08-29 01:53:33.923 ERROR 15368 --- [http-nio-443-exec-8] o.a.c.c.C.[.[.[/].[dispatcherServlet]    : Servlet.service() for servlet [dispatcherServlet] in context with path [] threw exception

java.net.UnknownHostException: E
	at java.base/sun.nio.ch.NioSocketImpl.connect(NioSocketImpl.java:567) ~[na:na]
	at java.base/java.net.Socket.connect(Socket.java:633) ~[na:na]
	at java.base/sun.net.ftp.impl.FtpClient.doConnect(FtpClient.java:1045) ~[na:na]
	at java.base/sun.net.ftp.impl.FtpClient.tryConnect(FtpClient.java:1010) ~[na:na]
	at java.base/sun.net.ftp.impl.FtpClient.connect(FtpClient.java:1102) ~[na:na]
	at java.base/sun.net.ftp.impl.FtpClient.connect(FtpClient.java:1088) ~[na:na]
	at java.base/sun.net.www.protocol.ftp.FtpURLConnection.connect(FtpURLConnection.java:320) ~[na:na]
	at java.base/sun.net.www.protocol.ftp.FtpURLConnection.getInputStream(FtpURLConnection.java:426) ~[na:na]
	at org.springframework.core.io.UrlResource.getInputStream(UrlResource.java:187) ~[spring-core-5.3.23.jar:5.3.23]
	at org.springframework.http.converter.ResourceHttpMessageConverter.writeContent(ResourceHttpMessageConverter.java:137) ~[spring-web-5.3.23.jar:5.3.23]
	at org.springframework.http.converter.ResourceHttpMessageConverter.writeInternal(ResourceHttpMessageConverter.java:129) ~[spring-web-5.3.23.jar:5.3.23]
	at org.springframework.http.converter.ResourceHttpMessageConverter.writeInternal(ResourceHttpMessageConverter.java:45) ~[spring-web-5.3.23.jar:5.3.23]
	at org.springframework.http.converter.AbstractHttpMessageConverter.write(AbstractHttpMessageConverter.java:227) ~[spring-web-5.3.23.jar:5.3.23]
	at org.springframework.web.servlet.resource.ResourceHttpRequestHandler.handleRequest(ResourceHttpRequestHandler.java:590) ~[spring-webmvc-5.3.23.jar:5.3.23]
	at org.springframework.web.servlet.mvc.HttpRequestHandlerAdapter.handle(HttpRequestHandlerAdapter.java:52) ~[spring-webmvc-5.3.23.jar:5.3.23]
	at org.springframework.web.servlet.DispatcherServlet.doDispatch(DispatcherServlet.java:1071) ~[spring-webmvc-5.3.23.jar:5.3.23]
	at org.springframework.web.servlet.DispatcherServlet.doService(DispatcherServlet.java:964) ~[spring-webmvc-5.3.23.jar:5.3.23]
	at org.springframework.web.servlet.FrameworkServlet.processRequest(FrameworkServlet.java:1006) ~[spring-webmvc-5.3.23.jar:5.3.23]
	at org.springframework.web.servlet.FrameworkServlet.doGet(FrameworkServlet.java:898) ~[spring-webmvc-5.3.23.jar:5.3.23]
	at javax.servlet.http.HttpServlet.service(HttpServlet.java:645) ~[javax.servlet-api-4.0.1.jar:4.0.1]
	at org.springframework.web.servlet.FrameworkServlet.service(FrameworkServlet.java:883) ~[spring-webmvc-5.3.23.jar:5.3.23]
	at javax.servlet.http.HttpServlet.service(HttpServlet.java:750) ~[javax.servlet-api-4.0.1.jar:4.0.1]
	at org.apache.catalina.core.ApplicationFilterChain.internalDoFilter(ApplicationFilterChain.java:227) ~[tomcat-embed-core-9.0.68.jar:9.0.68]
	at org.apache.catalina.core.ApplicationFilterChain.doFilter(ApplicationFilterChain.java:162) ~[tomcat-embed-core-9.0.68.jar:9.0.68]
	at org.apache.tomcat.websocket.server.WsFilter.doFilter(WsFilter.java:53) ~[tomcat-embed-websocket-9.0.68.jar:9.0.68]
	at org.apache.catalina.core.ApplicationFilterChain.internalDoFilter(ApplicationFilterChain.java:189) ~[tomcat-embed-core-9.0.68.jar:9.0.68]
	at org.apache.catalina.core.ApplicationFilterChain.doFilter(ApplicationFilterChain.java:162) ~[tomcat-embed-core-9.0.68.jar:9.0.68]
	at org.springframework.web.filter.OncePerRequestFilter.doFilter(OncePerRequestFilter.java:111) ~[spring-web-5.3.23.jar:5.3.23]
	at org.apache.catalina.core.ApplicationFilterChain.internalDoFilter(ApplicationFilterChain.java:189) ~[tomcat-embed-core-9.0.68.jar:9.0.68]
	at org.apache.catalina.core.ApplicationFilterChain.doFilter(ApplicationFilterChain.java:162) ~[tomcat-embed-core-9.0.68.jar:9.0.68]
	at com.easygofly.site.setting.web.WebSettingFilter.doFilter(WebSettingFilter.java:33) ~[classes/:na]
	at org.apache.catalina.core.ApplicationFilterChain.internalDoFilter(ApplicationFilterChain.java:189) ~[tomcat-embed-core-9.0.68.jar:9.0.68]
	at org.apache.catalina.core.ApplicationFilterChain.doFilter(ApplicationFilterChain.java:162) ~[tomcat-embed-core-9.0.68.jar:9.0.68]
	at com.easygofly.site.setting.SettingFilter.doFilter(SettingFilter.java:33) ~[classes/:na]
	at org.apache.catalina.core.ApplicationFilterChain.internalDoFilter(ApplicationFilterChain.java:189) ~[tomcat-embed-core-9.0.68.jar:9.0.68]
	at org.apache.catalina.core.ApplicationFilterChain.doFilter(ApplicationFilterChain.java:162) ~[tomcat-embed-core-9.0.68.jar:9.0.68]
	at org.springframework.web.servlet.resource.ResourceUrlEncodingFilter.doFilter(ResourceUrlEncodingFilter.java:67) ~[spring-webmvc-5.3.23.jar:5.3.23]
	at org.apache.catalina.core.ApplicationFilterChain.internalDoFilter(ApplicationFilterChain.java:189) ~[tomcat-embed-core-9.0.68.jar:9.0.68]
	at org.apache.catalina.core.ApplicationFilterChain.doFilter(ApplicationFilterChain.java:162) ~[tomcat-embed-core-9.0.68.jar:9.0.68]
	at org.springframework.security.web.FilterChainProxy$VirtualFilterChain.doFilter(FilterChainProxy.java:337) ~[spring-security-web-5.7.4.jar:5.7.4]
	at org.springframework.security.web.access.intercept.FilterSecurityInterceptor.invoke(FilterSecurityInterceptor.java:115) ~[spring-security-web-5.7.4.jar:5.7.4]
	at org.springframework.security.web.access.intercept.FilterSecurityInterceptor.doFilter(FilterSecurityInterceptor.java:81) ~[spring-security-web-5.7.4.jar:5.7.4]
	at org.springframework.security.web.FilterChainProxy$VirtualFilterChain.doFilter(FilterChainProxy.java:346) ~[spring-security-web-5.7.4.jar:5.7.4]
	at org.springframework.security.web.access.ExceptionTranslationFilter.doFilter(ExceptionTranslationFilter.java:122) ~[spring-security-web-5.7.4.jar:5.7.4]
	at org.springframework.security.web.access.ExceptionTranslationFilter.doFilter(ExceptionTranslationFilter.java:116) ~[spring-security-web-5.7.4.jar:5.7.4]
	at org.springframework.security.web.FilterChainProxy$VirtualFilterChain.doFilter(FilterChainProxy.java:346) ~[spring-security-web-5.7.4.jar:5.7.4]
	at org.springframework.security.web.session.SessionManagementFilter.doFilter(SessionManagementFilter.java:126) ~[spring-security-web-5.7.4.jar:5.7.4]
	at org.springframework.security.web.session.SessionManagementFilter.doFilter(SessionManagementFilter.java:81) ~[spring-security-web-5.7.4.jar:5.7.4]
	at org.springframework.security.web.FilterChainProxy$VirtualFilterChain.doFilter(FilterChainProxy.java:346) ~[spring-security-web-5.7.4.jar:5.7.4]
	at org.springframework.security.web.authentication.AnonymousAuthenticationFilter.doFilter(AnonymousAuthenticationFilter.java:109) ~[spring-security-web-5.7.4.jar:5.7.4]
	at org.springframework.security.web.FilterChainProxy$VirtualFilterChain.doFilter(FilterChainProxy.java:346) ~[spring-security-web-5.7.4.jar:5.7.4]
	at org.springframework.security.web.authentication.rememberme.RememberMeAuthenticationFilter.doFilter(RememberMeAuthenticationFilter.java:106) ~[spring-security-web-5.7.4.jar:5.7.4]
	at org.springframework.security.web.authentication.rememberme.RememberMeAuthenticationFilter.doFilter(RememberMeAuthenticationFilter.java:97) ~[spring-security-web-5.7.4.jar:5.7.4]
	at org.springframework.security.web.FilterChainProxy$VirtualFilterChain.doFilter(FilterChainProxy.java:346) ~[spring-security-web-5.7.4.jar:5.7.4]
	at org.springframework.security.web.servletapi.SecurityContextHolderAwareRequestFilter.doFilter(SecurityContextHolderAwareRequestFilter.java:149) ~[spring-security-web-5.7.4.jar:5.7.4]
	at org.springframework.security.web.FilterChainProxy$VirtualFilterChain.doFilter(FilterChainProxy.java:346) ~[spring-security-web-5.7.4.jar:5.7.4]
	at org.springframework.security.web.savedrequest.RequestCacheAwareFilter.doFilter(RequestCacheAwareFilter.java:63) ~[spring-security-web-5.7.4.jar:5.7.4]
	at org.springframework.security.web.FilterChainProxy$VirtualFilterChain.doFilter(FilterChainProxy.java:346) ~[spring-security-web-5.7.4.jar:5.7.4]
	at org.springframework.security.web.session.ConcurrentSessionFilter.doFilter(ConcurrentSessionFilter.java:147) ~[spring-security-web-5.7.4.jar:5.7.4]
	at org.springframework.security.web.session.ConcurrentSessionFilter.doFilter(ConcurrentSessionFilter.java:125) ~[spring-security-web-5.7.4.jar:5.7.4]
	at org.springframework.security.web.FilterChainProxy$VirtualFilterChain.doFilter(FilterChainProxy.java:346) ~[spring-security-web-5.7.4.jar:5.7.4]
	at org.springframework.security.web.authentication.AbstractAuthenticationProcessingFilter.doFilter(AbstractAuthenticationProcessingFilter.java:223) ~[spring-security-web-5.7.4.jar:5.7.4]
	at org.springframework.security.web.authentication.AbstractAuthenticationProcessingFilter.doFilter(AbstractAuthenticationProcessingFilter.java:217) ~[spring-security-web-5.7.4.jar:5.7.4]
	at org.springframework.security.web.FilterChainProxy$VirtualFilterChain.doFilter(FilterChainProxy.java:346) ~[spring-security-web-5.7.4.jar:5.7.4]
	at org.springframework.security.web.authentication.AbstractAuthenticationProcessingFilter.doFilter(AbstractAuthenticationProcessingFilter.java:223) ~[spring-security-web-5.7.4.jar:5.7.4]
	at org.springframework.security.web.authentication.AbstractAuthenticationProcessingFilter.doFilter(AbstractAuthenticationProcessingFilter.java:217) ~[spring-security-web-5.7.4.jar:5.7.4]
	at org.springframework.security.web.FilterChainProxy$VirtualFilterChain.doFilter(FilterChainProxy.java:346) ~[spring-security-web-5.7.4.jar:5.7.4]
	at org.springframework.security.oauth2.client.web.OAuth2AuthorizationRequestRedirectFilter.doFilterInternal(OAuth2AuthorizationRequestRedirectFilter.java:178) ~[spring-security-oauth2-client-5.7.4.jar:5.7.4]
	at org.springframework.web.filter.OncePerRequestFilter.doFilter(OncePerRequestFilter.java:117) ~[spring-web-5.3.23.jar:5.3.23]
	at org.springframework.security.web.FilterChainProxy$VirtualFilterChain.doFilter(FilterChainProxy.java:346) ~[spring-security-web-5.7.4.jar:5.7.4]
	at org.springframework.security.web.authentication.logout.LogoutFilter.doFilter(LogoutFilter.java:103) ~[spring-security-web-5.7.4.jar:5.7.4]
	at org.springframework.security.web.authentication.logout.LogoutFilter.doFilter(LogoutFilter.java:89) ~[spring-security-web-5.7.4.jar:5.7.4]
	at org.springframework.security.web.FilterChainProxy$VirtualFilterChain.doFilter(FilterChainProxy.java:346) ~[spring-security-web-5.7.4.jar:5.7.4]
	at org.springframework.web.filter.CorsFilter.doFilterInternal(CorsFilter.java:91) ~[spring-web-5.3.23.jar:5.3.23]
	at org.springframework.web.filter.OncePerRequestFilter.doFilter(OncePerRequestFilter.java:117) ~[spring-web-5.3.23.jar:5.3.23]
	at org.springframework.security.web.FilterChainProxy$VirtualFilterChain.doFilter(FilterChainProxy.java:346) ~[spring-security-web-5.7.4.jar:5.7.4]
	at org.springframework.security.web.header.HeaderWriterFilter.doHeadersAfter(HeaderWriterFilter.java:90) ~[spring-security-web-5.7.4.jar:5.7.4]
	at org.springframework.security.web.header.HeaderWriterFilter.doFilterInternal(HeaderWriterFilter.java:75) ~[spring-security-web-5.7.4.jar:5.7.4]
	at org.springframework.web.filter.OncePerRequestFilter.doFilter(OncePerRequestFilter.java:117) ~[spring-web-5.3.23.jar:5.3.23]
	at org.springframework.security.web.FilterChainProxy$VirtualFilterChain.doFilter(FilterChainProxy.java:346) ~[spring-security-web-5.7.4.jar:5.7.4]
	at org.springframework.security.web.context.SecurityContextPersistenceFilter.doFilter(SecurityContextPersistenceFilter.java:112) ~[spring-security-web-5.7.4.jar:5.7.4]
	at org.springframework.security.web.context.SecurityContextPersistenceFilter.doFilter(SecurityContextPersistenceFilter.java:82) ~[spring-security-web-5.7.4.jar:5.7.4]
	at org.springframework.security.web.FilterChainProxy$VirtualFilterChain.doFilter(FilterChainProxy.java:346) ~[spring-security-web-5.7.4.jar:5.7.4]
	at org.springframework.security.web.context.request.async.WebAsyncManagerIntegrationFilter.doFilterInternal(WebAsyncManagerIntegrationFilter.java:55) ~[spring-security-web-5.7.4.jar:5.7.4]
	at org.springframework.web.filter.OncePerRequestFilter.doFilter(OncePerRequestFilter.java:117) ~[spring-web-5.3.23.jar:5.3.23]
	at org.springframework.security.web.FilterChainProxy$VirtualFilterChain.doFilter(FilterChainProxy.java:346) ~[spring-security-web-5.7.4.jar:5.7.4]
	at org.springframework.security.web.session.DisableEncodeUrlFilter.doFilterInternal(DisableEncodeUrlFilter.java:42) ~[spring-security-web-5.7.4.jar:5.7.4]
	at org.springframework.web.filter.OncePerRequestFilter.doFilter(OncePerRequestFilter.java:117) ~[spring-web-5.3.23.jar:5.3.23]
	at org.springframework.security.web.FilterChainProxy$VirtualFilterChain.doFilter(FilterChainProxy.java:346) ~[spring-security-web-5.7.4.jar:5.7.4]
	at org.springframework.security.web.FilterChainProxy.doFilterInternal(FilterChainProxy.java:221) ~[spring-security-web-5.7.4.jar:5.7.4]
	at org.springframework.security.web.FilterChainProxy.doFilter(FilterChainProxy.java:186) ~[spring-security-web-5.7.4.jar:5.7.4]
	at org.springframework.web.filter.DelegatingFilterProxy.invokeDelegate(DelegatingFilterProxy.java:354) ~[spring-web-5.3.23.jar:5.3.23]
	at org.springframework.web.filter.DelegatingFilterProxy.doFilter(DelegatingFilterProxy.java:267) ~[spring-web-5.3.23.jar:5.3.23]
	at org.apache.catalina.core.ApplicationFilterChain.internalDoFilter(ApplicationFilterChain.java:189) ~[tomcat-embed-core-9.0.68.jar:9.0.68]
	at org.apache.catalina.core.ApplicationFilterChain.doFilter(ApplicationFilterChain.java:162) ~[tomcat-embed-core-9.0.68.jar:9.0.68]
	at org.springframework.web.filter.RequestContextFilter.doFilterInternal(RequestContextFilter.java:100) ~[spring-web-5.3.23.jar:5.3.23]
	at org.springframework.web.filter.OncePerRequestFilter.doFilter(OncePerRequestFilter.java:117) ~[spring-web-5.3.23.jar:5.3.23]
	at org.apache.catalina.core.ApplicationFilterChain.internalDoFilter(ApplicationFilterChain.java:189) ~[tomcat-embed-core-9.0.68.jar:9.0.68]
	at org.apache.catalina.core.ApplicationFilterChain.doFilter(ApplicationFilterChain.java:162) ~[tomcat-embed-core-9.0.68.jar:9.0.68]
	at org.springframework.web.filter.FormContentFilter.doFilterInternal(FormContentFilter.java:93) ~[spring-web-5.3.23.jar:5.3.23]
	at org.springframework.web.filter.OncePerRequestFilter.doFilter(OncePerRequestFilter.java:117) ~[spring-web-5.3.23.jar:5.3.23]
	at org.apache.catalina.core.ApplicationFilterChain.internalDoFilter(ApplicationFilterChain.java:189) ~[tomcat-embed-core-9.0.68.jar:9.0.68]
	at org.apache.catalina.core.ApplicationFilterChain.doFilter(ApplicationFilterChain.java:162) ~[tomcat-embed-core-9.0.68.jar:9.0.68]
	at org.springframework.web.filter.CharacterEncodingFilter.doFilterInternal(CharacterEncodingFilter.java:201) ~[spring-web-5.3.23.jar:5.3.23]
	at org.springframework.web.filter.OncePerRequestFilter.doFilter(OncePerRequestFilter.java:117) ~[spring-web-5.3.23.jar:5.3.23]
	at org.apache.catalina.core.ApplicationFilterChain.internalDoFilter(ApplicationFilterChain.java:189) ~[tomcat-embed-core-9.0.68.jar:9.0.68]
	at org.apache.catalina.core.ApplicationFilterChain.doFilter(ApplicationFilterChain.java:162) ~[tomcat-embed-core-9.0.68.jar:9.0.68]
	at org.apache.catalina.core.StandardWrapperValve.invoke(StandardWrapperValve.java:197) ~[tomcat-embed-core-9.0.68.jar:9.0.68]
	at org.apache.catalina.core.StandardContextValve.invoke(StandardContextValve.java:97) ~[tomcat-embed-core-9.0.68.jar:9.0.68]
	at org.apache.catalina.authenticator.AuthenticatorBase.invoke(AuthenticatorBase.java:541) ~[tomcat-embed-core-9.0.68.jar:9.0.68]
	at org.apache.catalina.core.StandardHostValve.invoke(StandardHostValve.java:135) ~[tomcat-embed-core-9.0.68.jar:9.0.68]
	at org.apache.catalina.valves.ErrorReportValve.invoke(ErrorReportValve.java:92) ~[tomcat-embed-core-9.0.68.jar:9.0.68]
	at org.apache.catalina.core.StandardEngineValve.invoke(StandardEngineValve.java:78) ~[tomcat-embed-core-9.0.68.jar:9.0.68]
	at org.apache.catalina.connector.CoyoteAdapter.service(CoyoteAdapter.java:360) ~[tomcat-embed-core-9.0.68.jar:9.0.68]
	at org.apache.coyote.http11.Http11Processor.service(Http11Processor.java:399) ~[tomcat-embed-core-9.0.68.jar:9.0.68]
	at org.apache.coyote.AbstractProcessorLight.process(AbstractProcessorLight.java:65) ~[tomcat-embed-core-9.0.68.jar:9.0.68]
	at org.apache.coyote.AbstractProtocol$ConnectionHandler.process(AbstractProtocol.java:893) ~[tomcat-embed-core-9.0.68.jar:9.0.68]
	at org.apache.tomcat.util.net.NioEndpoint$SocketProcessor.doRun(NioEndpoint.java:1789) ~[tomcat-embed-core-9.0.68.jar:9.0.68]
	at org.apache.tomcat.util.net.SocketProcessorBase.run(SocketProcessorBase.java:49) ~[tomcat-embed-core-9.0.68.jar:9.0.68]
	at org.apache.tomcat.util.threads.ThreadPoolExecutor.runWorker(ThreadPoolExecutor.java:1191) ~[tomcat-embed-core-9.0.68.jar:9.0.68]
	at org.apache.tomcat.util.threads.ThreadPoolExecutor$Worker.run(ThreadPoolExecutor.java:659) ~[tomcat-embed-core-9.0.68.jar:9.0.68]
	at org.apache.tomcat.util.threads.TaskThread$WrappingRunnable.run(TaskThread.java:61) ~[tomcat-embed-core-9.0.68.jar:9.0.68]
	at java.base/java.lang.Thread.run(Thread.java:833) ~[na:na]

2023-08-29 01:53:33.923 ERROR 15368 --- [http-nio-443-exec-3] o.a.c.c.C.[.[.[/].[dispatcherServlet]    : Servlet.service() for servlet [dispatcherServlet] in context with path [] threw exception

java.net.UnknownHostException: E
	at java.base/sun.nio.ch.NioSocketImpl.connect(NioSocketImpl.java:567) ~[na:na]
	at java.base/java.net.Socket.connect(Socket.java:633) ~[na:na]
	at java.base/sun.net.ftp.impl.FtpClient.doConnect(FtpClient.java:1045) ~[na:na]
	at java.base/sun.net.ftp.impl.FtpClient.tryConnect(FtpClient.java:1010) ~[na:na]
	at java.base/sun.net.ftp.impl.FtpClient.connect(FtpClient.java:1102) ~[na:na]
	at java.base/sun.net.ftp.impl.FtpClient.connect(FtpClient.java:1088) ~[na:na]
	at java.base/sun.net.www.protocol.ftp.FtpURLConnection.connect(FtpURLConnection.java:320) ~[na:na]
	at java.base/sun.net.www.protocol.ftp.FtpURLConnection.getInputStream(FtpURLConnection.java:426) ~[na:na]
	at org.springframework.core.io.UrlResource.getInputStream(UrlResource.java:187) ~[spring-core-5.3.23.jar:5.3.23]
	at org.springframework.http.converter.ResourceHttpMessageConverter.writeContent(ResourceHttpMessageConverter.java:137) ~[spring-web-5.3.23.jar:5.3.23]
	at org.springframework.http.converter.ResourceHttpMessageConverter.writeInternal(ResourceHttpMessageConverter.java:129) ~[spring-web-5.3.23.jar:5.3.23]
	at org.springframework.http.converter.ResourceHttpMessageConverter.writeInternal(ResourceHttpMessageConverter.java:45) ~[spring-web-5.3.23.jar:5.3.23]
	at org.springframework.http.converter.AbstractHttpMessageConverter.write(AbstractHttpMessageConverter.java:227) ~[spring-web-5.3.23.jar:5.3.23]
	at org.springframework.web.servlet.resource.ResourceHttpRequestHandler.handleRequest(ResourceHttpRequestHandler.java:590) ~[spring-webmvc-5.3.23.jar:5.3.23]
	at org.springframework.web.servlet.mvc.HttpRequestHandlerAdapter.handle(HttpRequestHandlerAdapter.java:52) ~[spring-webmvc-5.3.23.jar:5.3.23]
	at org.springframework.web.servlet.DispatcherServlet.doDispatch(DispatcherServlet.java:1071) ~[spring-webmvc-5.3.23.jar:5.3.23]
	at org.springframework.web.servlet.DispatcherServlet.doService(DispatcherServlet.java:964) ~[spring-webmvc-5.3.23.jar:5.3.23]
	at org.springframework.web.servlet.FrameworkServlet.processRequest(FrameworkServlet.java:1006) ~[spring-webmvc-5.3.23.jar:5.3.23]
	at org.springframework.web.servlet.FrameworkServlet.doGet(FrameworkServlet.java:898) ~[spring-webmvc-5.3.23.jar:5.3.23]
	at javax.servlet.http.HttpServlet.service(HttpServlet.java:645) ~[javax.servlet-api-4.0.1.jar:4.0.1]
	at org.springframework.web.servlet.FrameworkServlet.service(FrameworkServlet.java:883) ~[spring-webmvc-5.3.23.jar:5.3.23]
	at javax.servlet.http.HttpServlet.service(HttpServlet.java:750) ~[javax.servlet-api-4.0.1.jar:4.0.1]
	at org.apache.catalina.core.ApplicationFilterChain.internalDoFilter(ApplicationFilterChain.java:227) ~[tomcat-embed-core-9.0.68.jar:9.0.68]
	at org.apache.catalina.core.ApplicationFilterChain.doFilter(ApplicationFilterChain.java:162) ~[tomcat-embed-core-9.0.68.jar:9.0.68]
	at org.apache.tomcat.websocket.server.WsFilter.doFilter(WsFilter.java:53) ~[tomcat-embed-websocket-9.0.68.jar:9.0.68]
	at org.apache.catalina.core.ApplicationFilterChain.internalDoFilter(ApplicationFilterChain.java:189) ~[tomcat-embed-core-9.0.68.jar:9.0.68]
	at org.apache.catalina.core.ApplicationFilterChain.doFilter(ApplicationFilterChain.java:162) ~[tomcat-embed-core-9.0.68.jar:9.0.68]
	at org.springframework.web.filter.OncePerRequestFilter.doFilter(OncePerRequestFilter.java:111) ~[spring-web-5.3.23.jar:5.3.23]
	at org.apache.catalina.core.ApplicationFilterChain.internalDoFilter(ApplicationFilterChain.java:189) ~[tomcat-embed-core-9.0.68.jar:9.0.68]
	at org.apache.catalina.core.ApplicationFilterChain.doFilter(ApplicationFilterChain.java:162) ~[tomcat-embed-core-9.0.68.jar:9.0.68]
	at com.easygofly.site.setting.web.WebSettingFilter.doFilter(WebSettingFilter.java:33) ~[classes/:na]
	at org.apache.catalina.core.ApplicationFilterChain.internalDoFilter(ApplicationFilterChain.java:189) ~[tomcat-embed-core-9.0.68.jar:9.0.68]
	at org.apache.catalina.core.ApplicationFilterChain.doFilter(ApplicationFilterChain.java:162) ~[tomcat-embed-core-9.0.68.jar:9.0.68]
	at com.easygofly.site.setting.SettingFilter.doFilter(SettingFilter.java:33) ~[classes/:na]
	at org.apache.catalina.core.ApplicationFilterChain.internalDoFilter(ApplicationFilterChain.java:189) ~[tomcat-embed-core-9.0.68.jar:9.0.68]
	at org.apache.catalina.core.ApplicationFilterChain.doFilter(ApplicationFilterChain.java:162) ~[tomcat-embed-core-9.0.68.jar:9.0.68]
	at org.springframework.web.servlet.resource.ResourceUrlEncodingFilter.doFilter(ResourceUrlEncodingFilter.java:67) ~[spring-webmvc-5.3.23.jar:5.3.23]
	at org.apache.catalina.core.ApplicationFilterChain.internalDoFilter(ApplicationFilterChain.java:189) ~[tomcat-embed-core-9.0.68.jar:9.0.68]
	at org.apache.catalina.core.ApplicationFilterChain.doFilter(ApplicationFilterChain.java:162) ~[tomcat-embed-core-9.0.68.jar:9.0.68]
	at org.springframework.security.web.FilterChainProxy$VirtualFilterChain.doFilter(FilterChainProxy.java:337) ~[spring-security-web-5.7.4.jar:5.7.4]
	at org.springframework.security.web.access.intercept.FilterSecurityInterceptor.invoke(FilterSecurityInterceptor.java:115) ~[spring-security-web-5.7.4.jar:5.7.4]
	at org.springframework.security.web.access.intercept.FilterSecurityInterceptor.doFilter(FilterSecurityInterceptor.java:81) ~[spring-security-web-5.7.4.jar:5.7.4]
	at org.springframework.security.web.FilterChainProxy$VirtualFilterChain.doFilter(FilterChainProxy.java:346) ~[spring-security-web-5.7.4.jar:5.7.4]
	at org.springframework.security.web.access.ExceptionTranslationFilter.doFilter(ExceptionTranslationFilter.java:122) ~[spring-security-web-5.7.4.jar:5.7.4]
	at org.springframework.security.web.access.ExceptionTranslationFilter.doFilter(ExceptionTranslationFilter.java:116) ~[spring-security-web-5.7.4.jar:5.7.4]
	at org.springframework.security.web.FilterChainProxy$VirtualFilterChain.doFilter(FilterChainProxy.java:346) ~[spring-security-web-5.7.4.jar:5.7.4]
	at org.springframework.security.web.session.SessionManagementFilter.doFilter(SessionManagementFilter.java:126) ~[spring-security-web-5.7.4.jar:5.7.4]
	at org.springframework.security.web.session.SessionManagementFilter.doFilter(SessionManagementFilter.java:81) ~[spring-security-web-5.7.4.jar:5.7.4]
	at org.springframework.security.web.FilterChainProxy$VirtualFilterChain.doFilter(FilterChainProxy.java:346) ~[spring-security-web-5.7.4.jar:5.7.4]
	at org.springframework.security.web.authentication.AnonymousAuthenticationFilter.doFilter(AnonymousAuthenticationFilter.java:109) ~[spring-security-web-5.7.4.jar:5.7.4]
	at org.springframework.security.web.FilterChainProxy$VirtualFilterChain.doFilter(FilterChainProxy.java:346) ~[spring-security-web-5.7.4.jar:5.7.4]
	at org.springframework.security.web.authentication.rememberme.RememberMeAuthenticationFilter.doFilter(RememberMeAuthenticationFilter.java:106) ~[spring-security-web-5.7.4.jar:5.7.4]
	at org.springframework.security.web.authentication.rememberme.RememberMeAuthenticationFilter.doFilter(RememberMeAuthenticationFilter.java:97) ~[spring-security-web-5.7.4.jar:5.7.4]
	at org.springframework.security.web.FilterChainProxy$VirtualFilterChain.doFilter(FilterChainProxy.java:346) ~[spring-security-web-5.7.4.jar:5.7.4]
	at org.springframework.security.web.servletapi.SecurityContextHolderAwareRequestFilter.doFilter(SecurityContextHolderAwareRequestFilter.java:149) ~[spring-security-web-5.7.4.jar:5.7.4]
	at org.springframework.security.web.FilterChainProxy$VirtualFilterChain.doFilter(FilterChainProxy.java:346) ~[spring-security-web-5.7.4.jar:5.7.4]
	at org.springframework.security.web.savedrequest.RequestCacheAwareFilter.doFilter(RequestCacheAwareFilter.java:63) ~[spring-security-web-5.7.4.jar:5.7.4]
	at org.springframework.security.web.FilterChainProxy$VirtualFilterChain.doFilter(FilterChainProxy.java:346) ~[spring-security-web-5.7.4.jar:5.7.4]
	at org.springframework.security.web.session.ConcurrentSessionFilter.doFilter(ConcurrentSessionFilter.java:147) ~[spring-security-web-5.7.4.jar:5.7.4]
	at org.springframework.security.web.session.ConcurrentSessionFilter.doFilter(ConcurrentSessionFilter.java:125) ~[spring-security-web-5.7.4.jar:5.7.4]
	at org.springframework.security.web.FilterChainProxy$VirtualFilterChain.doFilter(FilterChainProxy.java:346) ~[spring-security-web-5.7.4.jar:5.7.4]
	at org.springframework.security.web.authentication.AbstractAuthenticationProcessingFilter.doFilter(AbstractAuthenticationProcessingFilter.java:223) ~[spring-security-web-5.7.4.jar:5.7.4]
	at org.springframework.security.web.authentication.AbstractAuthenticationProcessingFilter.doFilter(AbstractAuthenticationProcessingFilter.java:217) ~[spring-security-web-5.7.4.jar:5.7.4]
	at org.springframework.security.web.FilterChainProxy$VirtualFilterChain.doFilter(FilterChainProxy.java:346) ~[spring-security-web-5.7.4.jar:5.7.4]
	at org.springframework.security.web.authentication.AbstractAuthenticationProcessingFilter.doFilter(AbstractAuthenticationProcessingFilter.java:223) ~[spring-security-web-5.7.4.jar:5.7.4]
	at org.springframework.security.web.authentication.AbstractAuthenticationProcessingFilter.doFilter(AbstractAuthenticationProcessingFilter.java:217) ~[spring-security-web-5.7.4.jar:5.7.4]
	at org.springframework.security.web.FilterChainProxy$VirtualFilterChain.doFilter(FilterChainProxy.java:346) ~[spring-security-web-5.7.4.jar:5.7.4]
	at org.springframework.security.oauth2.client.web.OAuth2AuthorizationRequestRedirectFilter.doFilterInternal(OAuth2AuthorizationRequestRedirectFilter.java:178) ~[spring-security-oauth2-client-5.7.4.jar:5.7.4]
	at org.springframework.web.filter.OncePerRequestFilter.doFilter(OncePerRequestFilter.java:117) ~[spring-web-5.3.23.jar:5.3.23]
	at org.springframework.security.web.FilterChainProxy$VirtualFilterChain.doFilter(FilterChainProxy.java:346) ~[spring-security-web-5.7.4.jar:5.7.4]
	at org.springframework.security.web.authentication.logout.LogoutFilter.doFilter(LogoutFilter.java:103) ~[spring-security-web-5.7.4.jar:5.7.4]
	at org.springframework.security.web.authentication.logout.LogoutFilter.doFilter(LogoutFilter.java:89) ~[spring-security-web-5.7.4.jar:5.7.4]
	at org.springframework.security.web.FilterChainProxy$VirtualFilterChain.doFilter(FilterChainProxy.java:346) ~[spring-security-web-5.7.4.jar:5.7.4]
	at org.springframework.web.filter.CorsFilter.doFilterInternal(CorsFilter.java:91) ~[spring-web-5.3.23.jar:5.3.23]
	at org.springframework.web.filter.OncePerRequestFilter.doFilter(OncePerRequestFilter.java:117) ~[spring-web-5.3.23.jar:5.3.23]
	at org.springframework.security.web.FilterChainProxy$VirtualFilterChain.doFilter(FilterChainProxy.java:346) ~[spring-security-web-5.7.4.jar:5.7.4]
	at org.springframework.security.web.header.HeaderWriterFilter.doHeadersAfter(HeaderWriterFilter.java:90) ~[spring-security-web-5.7.4.jar:5.7.4]
	at org.springframework.security.web.header.HeaderWriterFilter.doFilterInternal(HeaderWriterFilter.java:75) ~[spring-security-web-5.7.4.jar:5.7.4]
	at org.springframework.web.filter.OncePerRequestFilter.doFilter(OncePerRequestFilter.java:117) ~[spring-web-5.3.23.jar:5.3.23]
	at org.springframework.security.web.FilterChainProxy$VirtualFilterChain.doFilter(FilterChainProxy.java:346) ~[spring-security-web-5.7.4.jar:5.7.4]
	at org.springframework.security.web.context.SecurityContextPersistenceFilter.doFilter(SecurityContextPersistenceFilter.java:112) ~[spring-security-web-5.7.4.jar:5.7.4]
	at org.springframework.security.web.context.SecurityContextPersistenceFilter.doFilter(SecurityContextPersistenceFilter.java:82) ~[spring-security-web-5.7.4.jar:5.7.4]
	at org.springframework.security.web.FilterChainProxy$VirtualFilterChain.doFilter(FilterChainProxy.java:346) ~[spring-security-web-5.7.4.jar:5.7.4]
	at org.springframework.security.web.context.request.async.WebAsyncManagerIntegrationFilter.doFilterInternal(WebAsyncManagerIntegrationFilter.java:55) ~[spring-security-web-5.7.4.jar:5.7.4]
	at org.springframework.web.filter.OncePerRequestFilter.doFilter(OncePerRequestFilter.java:117) ~[spring-web-5.3.23.jar:5.3.23]
	at org.springframework.security.web.FilterChainProxy$VirtualFilterChain.doFilter(FilterChainProxy.java:346) ~[spring-security-web-5.7.4.jar:5.7.4]
	at org.springframework.security.web.session.DisableEncodeUrlFilter.doFilterInternal(DisableEncodeUrlFilter.java:42) ~[spring-security-web-5.7.4.jar:5.7.4]
	at org.springframework.web.filter.OncePerRequestFilter.doFilter(OncePerRequestFilter.java:117) ~[spring-web-5.3.23.jar:5.3.23]
	at org.springframework.security.web.FilterChainProxy$VirtualFilterChain.doFilter(FilterChainProxy.java:346) ~[spring-security-web-5.7.4.jar:5.7.4]
	at org.springframework.security.web.FilterChainProxy.doFilterInternal(FilterChainProxy.java:221) ~[spring-security-web-5.7.4.jar:5.7.4]
	at org.springframework.security.web.FilterChainProxy.doFilter(FilterChainProxy.java:186) ~[spring-security-web-5.7.4.jar:5.7.4]
	at org.springframework.web.filter.DelegatingFilterProxy.invokeDelegate(DelegatingFilterProxy.java:354) ~[spring-web-5.3.23.jar:5.3.23]
	at org.springframework.web.filter.DelegatingFilterProxy.doFilter(DelegatingFilterProxy.java:267) ~[spring-web-5.3.23.jar:5.3.23]
	at org.apache.catalina.core.ApplicationFilterChain.internalDoFilter(ApplicationFilterChain.java:189) ~[tomcat-embed-core-9.0.68.jar:9.0.68]
	at org.apache.catalina.core.ApplicationFilterChain.doFilter(ApplicationFilterChain.java:162) ~[tomcat-embed-core-9.0.68.jar:9.0.68]
	at org.springframework.web.filter.RequestContextFilter.doFilterInternal(RequestContextFilter.java:100) ~[spring-web-5.3.23.jar:5.3.23]
	at org.springframework.web.filter.OncePerRequestFilter.doFilter(OncePerRequestFilter.java:117) ~[spring-web-5.3.23.jar:5.3.23]
	at org.apache.catalina.core.ApplicationFilterChain.internalDoFilter(ApplicationFilterChain.java:189) ~[tomcat-embed-core-9.0.68.jar:9.0.68]
	at org.apache.catalina.core.ApplicationFilterChain.doFilter(ApplicationFilterChain.java:162) ~[tomcat-embed-core-9.0.68.jar:9.0.68]
	at org.springframework.web.filter.FormContentFilter.doFilterInternal(FormContentFilter.java:93) ~[spring-web-5.3.23.jar:5.3.23]
	at org.springframework.web.filter.OncePerRequestFilter.doFilter(OncePerRequestFilter.java:117) ~[spring-web-5.3.23.jar:5.3.23]
	at org.apache.catalina.core.ApplicationFilterChain.internalDoFilter(ApplicationFilterChain.java:189) ~[tomcat-embed-core-9.0.68.jar:9.0.68]
	at org.apache.catalina.core.ApplicationFilterChain.doFilter(ApplicationFilterChain.java:162) ~[tomcat-embed-core-9.0.68.jar:9.0.68]
	at org.springframework.web.filter.CharacterEncodingFilter.doFilterInternal(CharacterEncodingFilter.java:201) ~[spring-web-5.3.23.jar:5.3.23]
	at org.springframework.web.filter.OncePerRequestFilter.doFilter(OncePerRequestFilter.java:117) ~[spring-web-5.3.23.jar:5.3.23]
	at org.apache.catalina.core.ApplicationFilterChain.internalDoFilter(ApplicationFilterChain.java:189) ~[tomcat-embed-core-9.0.68.jar:9.0.68]
	at org.apache.catalina.core.ApplicationFilterChain.doFilter(ApplicationFilterChain.java:162) ~[tomcat-embed-core-9.0.68.jar:9.0.68]
	at org.apache.catalina.core.StandardWrapperValve.invoke(StandardWrapperValve.java:197) ~[tomcat-embed-core-9.0.68.jar:9.0.68]
	at org.apache.catalina.core.StandardContextValve.invoke(StandardContextValve.java:97) ~[tomcat-embed-core-9.0.68.jar:9.0.68]
	at org.apache.catalina.authenticator.AuthenticatorBase.invoke(AuthenticatorBase.java:541) ~[tomcat-embed-core-9.0.68.jar:9.0.68]
	at org.apache.catalina.core.StandardHostValve.invoke(StandardHostValve.java:135) ~[tomcat-embed-core-9.0.68.jar:9.0.68]
	at org.apache.catalina.valves.ErrorReportValve.invoke(ErrorReportValve.java:92) ~[tomcat-embed-core-9.0.68.jar:9.0.68]
	at org.apache.catalina.core.StandardEngineValve.invoke(StandardEngineValve.java:78) ~[tomcat-embed-core-9.0.68.jar:9.0.68]
	at org.apache.catalina.connector.CoyoteAdapter.service(CoyoteAdapter.java:360) ~[tomcat-embed-core-9.0.68.jar:9.0.68]
	at org.apache.coyote.http11.Http11Processor.service(Http11Processor.java:399) ~[tomcat-embed-core-9.0.68.jar:9.0.68]
	at org.apache.coyote.AbstractProcessorLight.process(AbstractProcessorLight.java:65) ~[tomcat-embed-core-9.0.68.jar:9.0.68]
	at org.apache.coyote.AbstractProtocol$ConnectionHandler.process(AbstractProtocol.java:893) ~[tomcat-embed-core-9.0.68.jar:9.0.68]
	at org.apache.tomcat.util.net.NioEndpoint$SocketProcessor.doRun(NioEndpoint.java:1789) ~[tomcat-embed-core-9.0.68.jar:9.0.68]
	at org.apache.tomcat.util.net.SocketProcessorBase.run(SocketProcessorBase.java:49) ~[tomcat-embed-core-9.0.68.jar:9.0.68]
	at org.apache.tomcat.util.threads.ThreadPoolExecutor.runWorker(ThreadPoolExecutor.java:1191) ~[tomcat-embed-core-9.0.68.jar:9.0.68]
	at org.apache.tomcat.util.threads.ThreadPoolExecutor$Worker.run(ThreadPoolExecutor.java:659) ~[tomcat-embed-core-9.0.68.jar:9.0.68]
	at org.apache.tomcat.util.threads.TaskThread$WrappingRunnable.run(TaskThread.java:61) ~[tomcat-embed-core-9.0.68.jar:9.0.68]
	at java.base/java.lang.Thread.run(Thread.java:833) ~[na:na]

2023-08-29 01:53:33.950 ERROR 15368 --- [http-nio-443-exec-9] o.a.c.c.C.[.[.[/].[dispatcherServlet]    : Servlet.service() for servlet [dispatcherServlet] in context with path [] threw exception

java.net.UnknownHostException: E
	at java.base/sun.nio.ch.NioSocketImpl.connect(NioSocketImpl.java:567) ~[na:na]
	at java.base/java.net.Socket.connect(Socket.java:633) ~[na:na]
	at java.base/sun.net.ftp.impl.FtpClient.doConnect(FtpClient.java:1045) ~[na:na]
	at java.base/sun.net.ftp.impl.FtpClient.tryConnect(FtpClient.java:1010) ~[na:na]
	at java.base/sun.net.ftp.impl.FtpClient.connect(FtpClient.java:1102) ~[na:na]
	at java.base/sun.net.ftp.impl.FtpClient.connect(FtpClient.java:1088) ~[na:na]
	at java.base/sun.net.www.protocol.ftp.FtpURLConnection.connect(FtpURLConnection.java:320) ~[na:na]
	at java.base/sun.net.www.protocol.ftp.FtpURLConnection.getInputStream(FtpURLConnection.java:426) ~[na:na]
	at org.springframework.core.io.UrlResource.getInputStream(UrlResource.java:187) ~[spring-core-5.3.23.jar:5.3.23]
	at org.springframework.http.converter.ResourceHttpMessageConverter.writeContent(ResourceHttpMessageConverter.java:137) ~[spring-web-5.3.23.jar:5.3.23]
	at org.springframework.http.converter.ResourceHttpMessageConverter.writeInternal(ResourceHttpMessageConverter.java:129) ~[spring-web-5.3.23.jar:5.3.23]
	at org.springframework.http.converter.ResourceHttpMessageConverter.writeInternal(ResourceHttpMessageConverter.java:45) ~[spring-web-5.3.23.jar:5.3.23]
	at org.springframework.http.converter.AbstractHttpMessageConverter.write(AbstractHttpMessageConverter.java:227) ~[spring-web-5.3.23.jar:5.3.23]
	at org.springframework.web.servlet.resource.ResourceHttpRequestHandler.handleRequest(ResourceHttpRequestHandler.java:590) ~[spring-webmvc-5.3.23.jar:5.3.23]
	at org.springframework.web.servlet.mvc.HttpRequestHandlerAdapter.handle(HttpRequestHandlerAdapter.java:52) ~[spring-webmvc-5.3.23.jar:5.3.23]
	at org.springframework.web.servlet.DispatcherServlet.doDispatch(DispatcherServlet.java:1071) ~[spring-webmvc-5.3.23.jar:5.3.23]
	at org.springframework.web.servlet.DispatcherServlet.doService(DispatcherServlet.java:964) ~[spring-webmvc-5.3.23.jar:5.3.23]
	at org.springframework.web.servlet.FrameworkServlet.processRequest(FrameworkServlet.java:1006) ~[spring-webmvc-5.3.23.jar:5.3.23]
	at org.springframework.web.servlet.FrameworkServlet.doGet(FrameworkServlet.java:898) ~[spring-webmvc-5.3.23.jar:5.3.23]
	at javax.servlet.http.HttpServlet.service(HttpServlet.java:645) ~[javax.servlet-api-4.0.1.jar:4.0.1]
	at org.springframework.web.servlet.FrameworkServlet.service(FrameworkServlet.java:883) ~[spring-webmvc-5.3.23.jar:5.3.23]
	at javax.servlet.http.HttpServlet.service(HttpServlet.java:750) ~[javax.servlet-api-4.0.1.jar:4.0.1]
	at org.apache.catalina.core.ApplicationFilterChain.internalDoFilter(ApplicationFilterChain.java:227) ~[tomcat-embed-core-9.0.68.jar:9.0.68]
	at org.apache.catalina.core.ApplicationFilterChain.doFilter(ApplicationFilterChain.java:162) ~[tomcat-embed-core-9.0.68.jar:9.0.68]
	at org.apache.tomcat.websocket.server.WsFilter.doFilter(WsFilter.java:53) ~[tomcat-embed-websocket-9.0.68.jar:9.0.68]
	at org.apache.catalina.core.ApplicationFilterChain.internalDoFilter(ApplicationFilterChain.java:189) ~[tomcat-embed-core-9.0.68.jar:9.0.68]
	at org.apache.catalina.core.ApplicationFilterChain.doFilter(ApplicationFilterChain.java:162) ~[tomcat-embed-core-9.0.68.jar:9.0.68]
	at org.springframework.web.filter.OncePerRequestFilter.doFilter(OncePerRequestFilter.java:111) ~[spring-web-5.3.23.jar:5.3.23]
	at org.apache.catalina.core.ApplicationFilterChain.internalDoFilter(ApplicationFilterChain.java:189) ~[tomcat-embed-core-9.0.68.jar:9.0.68]
	at org.apache.catalina.core.ApplicationFilterChain.doFilter(ApplicationFilterChain.java:162) ~[tomcat-embed-core-9.0.68.jar:9.0.68]
	at com.easygofly.site.setting.web.WebSettingFilter.doFilter(WebSettingFilter.java:33) ~[classes/:na]
	at org.apache.catalina.core.ApplicationFilterChain.internalDoFilter(ApplicationFilterChain.java:189) ~[tomcat-embed-core-9.0.68.jar:9.0.68]
	at org.apache.catalina.core.ApplicationFilterChain.doFilter(ApplicationFilterChain.java:162) ~[tomcat-embed-core-9.0.68.jar:9.0.68]
	at com.easygofly.site.setting.SettingFilter.doFilter(SettingFilter.java:33) ~[classes/:na]
	at org.apache.catalina.core.ApplicationFilterChain.internalDoFilter(ApplicationFilterChain.java:189) ~[tomcat-embed-core-9.0.68.jar:9.0.68]
	at org.apache.catalina.core.ApplicationFilterChain.doFilter(ApplicationFilterChain.java:162) ~[tomcat-embed-core-9.0.68.jar:9.0.68]
	at org.springframework.web.servlet.resource.ResourceUrlEncodingFilter.doFilter(ResourceUrlEncodingFilter.java:67) ~[spring-webmvc-5.3.23.jar:5.3.23]
	at org.apache.catalina.core.ApplicationFilterChain.internalDoFilter(ApplicationFilterChain.java:189) ~[tomcat-embed-core-9.0.68.jar:9.0.68]
	at org.apache.catalina.core.ApplicationFilterChain.doFilter(ApplicationFilterChain.java:162) ~[tomcat-embed-core-9.0.68.jar:9.0.68]
	at org.springframework.security.web.FilterChainProxy$VirtualFilterChain.doFilter(FilterChainProxy.java:337) ~[spring-security-web-5.7.4.jar:5.7.4]
	at org.springframework.security.web.access.intercept.FilterSecurityInterceptor.invoke(FilterSecurityInterceptor.java:115) ~[spring-security-web-5.7.4.jar:5.7.4]
	at org.springframework.security.web.access.intercept.FilterSecurityInterceptor.doFilter(FilterSecurityInterceptor.java:81) ~[spring-security-web-5.7.4.jar:5.7.4]
	at org.springframework.security.web.FilterChainProxy$VirtualFilterChain.doFilter(FilterChainProxy.java:346) ~[spring-security-web-5.7.4.jar:5.7.4]
	at org.springframework.security.web.access.ExceptionTranslationFilter.doFilter(ExceptionTranslationFilter.java:122) ~[spring-security-web-5.7.4.jar:5.7.4]
	at org.springframework.security.web.access.ExceptionTranslationFilter.doFilter(ExceptionTranslationFilter.java:116) ~[spring-security-web-5.7.4.jar:5.7.4]
	at org.springframework.security.web.FilterChainProxy$VirtualFilterChain.doFilter(FilterChainProxy.java:346) ~[spring-security-web-5.7.4.jar:5.7.4]
	at org.springframework.security.web.session.SessionManagementFilter.doFilter(SessionManagementFilter.java:126) ~[spring-security-web-5.7.4.jar:5.7.4]
	at org.springframework.security.web.session.SessionManagementFilter.doFilter(SessionManagementFilter.java:81) ~[spring-security-web-5.7.4.jar:5.7.4]
	at org.springframework.security.web.FilterChainProxy$VirtualFilterChain.doFilter(FilterChainProxy.java:346) ~[spring-security-web-5.7.4.jar:5.7.4]
	at org.springframework.security.web.authentication.AnonymousAuthenticationFilter.doFilter(AnonymousAuthenticationFilter.java:109) ~[spring-security-web-5.7.4.jar:5.7.4]
	at org.springframework.security.web.FilterChainProxy$VirtualFilterChain.doFilter(FilterChainProxy.java:346) ~[spring-security-web-5.7.4.jar:5.7.4]
	at org.springframework.security.web.authentication.rememberme.RememberMeAuthenticationFilter.doFilter(RememberMeAuthenticationFilter.java:106) ~[spring-security-web-5.7.4.jar:5.7.4]
	at org.springframework.security.web.authentication.rememberme.RememberMeAuthenticationFilter.doFilter(RememberMeAuthenticationFilter.java:97) ~[spring-security-web-5.7.4.jar:5.7.4]
	at org.springframework.security.web.FilterChainProxy$VirtualFilterChain.doFilter(FilterChainProxy.java:346) ~[spring-security-web-5.7.4.jar:5.7.4]
	at org.springframework.security.web.servletapi.SecurityContextHolderAwareRequestFilter.doFilter(SecurityContextHolderAwareRequestFilter.java:149) ~[spring-security-web-5.7.4.jar:5.7.4]
	at org.springframework.security.web.FilterChainProxy$VirtualFilterChain.doFilter(FilterChainProxy.java:346) ~[spring-security-web-5.7.4.jar:5.7.4]
	at org.springframework.security.web.savedrequest.RequestCacheAwareFilter.doFilter(RequestCacheAwareFilter.java:63) ~[spring-security-web-5.7.4.jar:5.7.4]
	at org.springframework.security.web.FilterChainProxy$VirtualFilterChain.doFilter(FilterChainProxy.java:346) ~[spring-security-web-5.7.4.jar:5.7.4]
	at org.springframework.security.web.session.ConcurrentSessionFilter.doFilter(ConcurrentSessionFilter.java:147) ~[spring-security-web-5.7.4.jar:5.7.4]
	at org.springframework.security.web.session.ConcurrentSessionFilter.doFilter(ConcurrentSessionFilter.java:125) ~[spring-security-web-5.7.4.jar:5.7.4]
	at org.springframework.security.web.FilterChainProxy$VirtualFilterChain.doFilter(FilterChainProxy.java:346) ~[spring-security-web-5.7.4.jar:5.7.4]
	at org.springframework.security.web.authentication.AbstractAuthenticationProcessingFilter.doFilter(AbstractAuthenticationProcessingFilter.java:223) ~[spring-security-web-5.7.4.jar:5.7.4]
	at org.springframework.security.web.authentication.AbstractAuthenticationProcessingFilter.doFilter(AbstractAuthenticationProcessingFilter.java:217) ~[spring-security-web-5.7.4.jar:5.7.4]
	at org.springframework.security.web.FilterChainProxy$VirtualFilterChain.doFilter(FilterChainProxy.java:346) ~[spring-security-web-5.7.4.jar:5.7.4]
	at org.springframework.security.web.authentication.AbstractAuthenticationProcessingFilter.doFilter(AbstractAuthenticationProcessingFilter.java:223) ~[spring-security-web-5.7.4.jar:5.7.4]
	at org.springframework.security.web.authentication.AbstractAuthenticationProcessingFilter.doFilter(AbstractAuthenticationProcessingFilter.java:217) ~[spring-security-web-5.7.4.jar:5.7.4]
	at org.springframework.security.web.FilterChainProxy$VirtualFilterChain.doFilter(FilterChainProxy.java:346) ~[spring-security-web-5.7.4.jar:5.7.4]
	at org.springframework.security.oauth2.client.web.OAuth2AuthorizationRequestRedirectFilter.doFilterInternal(OAuth2AuthorizationRequestRedirectFilter.java:178) ~[spring-security-oauth2-client-5.7.4.jar:5.7.4]
	at org.springframework.web.filter.OncePerRequestFilter.doFilter(OncePerRequestFilter.java:117) ~[spring-web-5.3.23.jar:5.3.23]
	at org.springframework.security.web.FilterChainProxy$VirtualFilterChain.doFilter(FilterChainProxy.java:346) ~[spring-security-web-5.7.4.jar:5.7.4]
	at org.springframework.security.web.authentication.logout.LogoutFilter.doFilter(LogoutFilter.java:103) ~[spring-security-web-5.7.4.jar:5.7.4]
	at org.springframework.security.web.authentication.logout.LogoutFilter.doFilter(LogoutFilter.java:89) ~[spring-security-web-5.7.4.jar:5.7.4]
	at org.springframework.security.web.FilterChainProxy$VirtualFilterChain.doFilter(FilterChainProxy.java:346) ~[spring-security-web-5.7.4.jar:5.7.4]
	at org.springframework.web.filter.CorsFilter.doFilterInternal(CorsFilter.java:91) ~[spring-web-5.3.23.jar:5.3.23]
	at org.springframework.web.filter.OncePerRequestFilter.doFilter(OncePerRequestFilter.java:117) ~[spring-web-5.3.23.jar:5.3.23]
	at org.springframework.security.web.FilterChainProxy$VirtualFilterChain.doFilter(FilterChainProxy.java:346) ~[spring-security-web-5.7.4.jar:5.7.4]
	at org.springframework.security.web.header.HeaderWriterFilter.doHeadersAfter(HeaderWriterFilter.java:90) ~[spring-security-web-5.7.4.jar:5.7.4]
	at org.springframework.security.web.header.HeaderWriterFilter.doFilterInternal(HeaderWriterFilter.java:75) ~[spring-security-web-5.7.4.jar:5.7.4]
	at org.springframework.web.filter.OncePerRequestFilter.doFilter(OncePerRequestFilter.java:117) ~[spring-web-5.3.23.jar:5.3.23]
	at org.springframework.security.web.FilterChainProxy$VirtualFilterChain.doFilter(FilterChainProxy.java:346) ~[spring-security-web-5.7.4.jar:5.7.4]
	at org.springframework.security.web.context.SecurityContextPersistenceFilter.doFilter(SecurityContextPersistenceFilter.java:112) ~[spring-security-web-5.7.4.jar:5.7.4]
	at org.springframework.security.web.context.SecurityContextPersistenceFilter.doFilter(SecurityContextPersistenceFilter.java:82) ~[spring-security-web-5.7.4.jar:5.7.4]
	at org.springframework.security.web.FilterChainProxy$VirtualFilterChain.doFilter(FilterChainProxy.java:346) ~[spring-security-web-5.7.4.jar:5.7.4]
	at org.springframework.security.web.context.request.async.WebAsyncManagerIntegrationFilter.doFilterInternal(WebAsyncManagerIntegrationFilter.java:55) ~[spring-security-web-5.7.4.jar:5.7.4]
	at org.springframework.web.filter.OncePerRequestFilter.doFilter(OncePerRequestFilter.java:117) ~[spring-web-5.3.23.jar:5.3.23]
	at org.springframework.security.web.FilterChainProxy$VirtualFilterChain.doFilter(FilterChainProxy.java:346) ~[spring-security-web-5.7.4.jar:5.7.4]
	at org.springframework.security.web.session.DisableEncodeUrlFilter.doFilterInternal(DisableEncodeUrlFilter.java:42) ~[spring-security-web-5.7.4.jar:5.7.4]
	at org.springframework.web.filter.OncePerRequestFilter.doFilter(OncePerRequestFilter.java:117) ~[spring-web-5.3.23.jar:5.3.23]
	at org.springframework.security.web.FilterChainProxy$VirtualFilterChain.doFilter(FilterChainProxy.java:346) ~[spring-security-web-5.7.4.jar:5.7.4]
	at org.springframework.security.web.FilterChainProxy.doFilterInternal(FilterChainProxy.java:221) ~[spring-security-web-5.7.4.jar:5.7.4]
	at org.springframework.security.web.FilterChainProxy.doFilter(FilterChainProxy.java:186) ~[spring-security-web-5.7.4.jar:5.7.4]
	at org.springframework.web.filter.DelegatingFilterProxy.invokeDelegate(DelegatingFilterProxy.java:354) ~[spring-web-5.3.23.jar:5.3.23]
	at org.springframework.web.filter.DelegatingFilterProxy.doFilter(DelegatingFilterProxy.java:267) ~[spring-web-5.3.23.jar:5.3.23]
	at org.apache.catalina.core.ApplicationFilterChain.internalDoFilter(ApplicationFilterChain.java:189) ~[tomcat-embed-core-9.0.68.jar:9.0.68]
	at org.apache.catalina.core.ApplicationFilterChain.doFilter(ApplicationFilterChain.java:162) ~[tomcat-embed-core-9.0.68.jar:9.0.68]
	at org.springframework.web.filter.RequestContextFilter.doFilterInternal(RequestContextFilter.java:100) ~[spring-web-5.3.23.jar:5.3.23]
	at org.springframework.web.filter.OncePerRequestFilter.doFilter(OncePerRequestFilter.java:117) ~[spring-web-5.3.23.jar:5.3.23]
	at org.apache.catalina.core.ApplicationFilterChain.internalDoFilter(ApplicationFilterChain.java:189) ~[tomcat-embed-core-9.0.68.jar:9.0.68]
	at org.apache.catalina.core.ApplicationFilterChain.doFilter(ApplicationFilterChain.java:162) ~[tomcat-embed-core-9.0.68.jar:9.0.68]
	at org.springframework.web.filter.FormContentFilter.doFilterInternal(FormContentFilter.java:93) ~[spring-web-5.3.23.jar:5.3.23]
	at org.springframework.web.filter.OncePerRequestFilter.doFilter(OncePerRequestFilter.java:117) ~[spring-web-5.3.23.jar:5.3.23]
	at org.apache.catalina.core.ApplicationFilterChain.internalDoFilter(ApplicationFilterChain.java:189) ~[tomcat-embed-core-9.0.68.jar:9.0.68]
	at org.apache.catalina.core.ApplicationFilterChain.doFilter(ApplicationFilterChain.java:162) ~[tomcat-embed-core-9.0.68.jar:9.0.68]
	at org.springframework.web.filter.CharacterEncodingFilter.doFilterInternal(CharacterEncodingFilter.java:201) ~[spring-web-5.3.23.jar:5.3.23]
	at org.springframework.web.filter.OncePerRequestFilter.doFilter(OncePerRequestFilter.java:117) ~[spring-web-5.3.23.jar:5.3.23]
	at org.apache.catalina.core.ApplicationFilterChain.internalDoFilter(ApplicationFilterChain.java:189) ~[tomcat-embed-core-9.0.68.jar:9.0.68]
	at org.apache.catalina.core.ApplicationFilterChain.doFilter(ApplicationFilterChain.java:162) ~[tomcat-embed-core-9.0.68.jar:9.0.68]
	at org.apache.catalina.core.StandardWrapperValve.invoke(StandardWrapperValve.java:197) ~[tomcat-embed-core-9.0.68.jar:9.0.68]
	at org.apache.catalina.core.StandardContextValve.invoke(StandardContextValve.java:97) ~[tomcat-embed-core-9.0.68.jar:9.0.68]
	at org.apache.catalina.authenticator.AuthenticatorBase.invoke(AuthenticatorBase.java:541) ~[tomcat-embed-core-9.0.68.jar:9.0.68]
	at org.apache.catalina.core.StandardHostValve.invoke(StandardHostValve.java:135) ~[tomcat-embed-core-9.0.68.jar:9.0.68]
	at org.apache.catalina.valves.ErrorReportValve.invoke(ErrorReportValve.java:92) ~[tomcat-embed-core-9.0.68.jar:9.0.68]
	at org.apache.catalina.core.StandardEngineValve.invoke(StandardEngineValve.java:78) ~[tomcat-embed-core-9.0.68.jar:9.0.68]
	at org.apache.catalina.connector.CoyoteAdapter.service(CoyoteAdapter.java:360) ~[tomcat-embed-core-9.0.68.jar:9.0.68]
	at org.apache.coyote.http11.Http11Processor.service(Http11Processor.java:399) ~[tomcat-embed-core-9.0.68.jar:9.0.68]
	at org.apache.coyote.AbstractProcessorLight.process(AbstractProcessorLight.java:65) ~[tomcat-embed-core-9.0.68.jar:9.0.68]
	at org.apache.coyote.AbstractProtocol$ConnectionHandler.process(AbstractProtocol.java:893) ~[tomcat-embed-core-9.0.68.jar:9.0.68]
	at org.apache.tomcat.util.net.NioEndpoint$SocketProcessor.doRun(NioEndpoint.java:1789) ~[tomcat-embed-core-9.0.68.jar:9.0.68]
	at org.apache.tomcat.util.net.SocketProcessorBase.run(SocketProcessorBase.java:49) ~[tomcat-embed-core-9.0.68.jar:9.0.68]
	at org.apache.tomcat.util.threads.ThreadPoolExecutor.runWorker(ThreadPoolExecutor.java:1191) ~[tomcat-embed-core-9.0.68.jar:9.0.68]
	at org.apache.tomcat.util.threads.ThreadPoolExecutor$Worker.run(ThreadPoolExecutor.java:659) ~[tomcat-embed-core-9.0.68.jar:9.0.68]
	at org.apache.tomcat.util.threads.TaskThread$WrappingRunnable.run(TaskThread.java:61) ~[tomcat-embed-core-9.0.68.jar:9.0.68]
	at java.base/java.lang.Thread.run(Thread.java:833) ~[na:na]

2023-08-29 01:55:23.603  INFO 15368 --- [RMI TCP Connection(129)-127.0.0.1] inMXBeanRegistrar$SpringApplicationAdmin : Application shutdown requested.
2023-08-29 01:55:23.613  INFO 15368 --- [RMI TCP Connection(129)-127.0.0.1] o.apache.catalina.core.StandardService   : Stopping service [Tomcat]
2023-08-29 01:55:23.614  INFO 15368 --- [RMI TCP Connection(129)-127.0.0.1] o.a.c.c.C.[Tomcat].[localhost].[/]       : Destroying Spring FrameworkServlet 'dispatcherServlet'
2023-08-29 01:55:23.622  WARN 15368 --- [RMI TCP Connection(129)-127.0.0.1] o.a.c.c.C.[Tomcat].[localhost].[/]       : Cannot serialize session attribute [SPRING_SECURITY_CONTEXT] for session [A3EF83038DF8145EE601BB728487621E]

java.io.NotSerializableException: com.easygofly.entity.Customer
	at java.base/java.io.ObjectOutputStream.writeObject0(ObjectOutputStream.java:1187) ~[na:na]
	at java.base/java.io.ObjectOutputStream.defaultWriteFields(ObjectOutputStream.java:1572) ~[na:na]
	at java.base/java.io.ObjectOutputStream.writeSerialData(ObjectOutputStream.java:1529) ~[na:na]
	at java.base/java.io.ObjectOutputStream.writeOrdinaryObject(ObjectOutputStream.java:1438) ~[na:na]
	at java.base/java.io.ObjectOutputStream.writeObject0(ObjectOutputStream.java:1181) ~[na:na]
	at java.base/java.io.ObjectOutputStream.defaultWriteFields(ObjectOutputStream.java:1572) ~[na:na]
	at java.base/java.io.ObjectOutputStream.writeSerialData(ObjectOutputStream.java:1529) ~[na:na]
	at java.base/java.io.ObjectOutputStream.writeOrdinaryObject(ObjectOutputStream.java:1438) ~[na:na]
	at java.base/java.io.ObjectOutputStream.writeObject0(ObjectOutputStream.java:1181) ~[na:na]
	at java.base/java.io.ObjectOutputStream.defaultWriteFields(ObjectOutputStream.java:1572) ~[na:na]
	at java.base/java.io.ObjectOutputStream.writeSerialData(ObjectOutputStream.java:1529) ~[na:na]
	at java.base/java.io.ObjectOutputStream.writeOrdinaryObject(ObjectOutputStream.java:1438) ~[na:na]
	at java.base/java.io.ObjectOutputStream.writeObject0(ObjectOutputStream.java:1181) ~[na:na]
	at java.base/java.io.ObjectOutputStream.writeObject(ObjectOutputStream.java:350) ~[na:na]
	at org.apache.catalina.session.StandardSession.doWriteObject(StandardSession.java:1761) ~[tomcat-embed-core-9.0.68.jar:9.0.68]
	at org.apache.catalina.session.StandardSession.writeObjectData(StandardSession.java:1067) ~[tomcat-embed-core-9.0.68.jar:9.0.68]
	at org.apache.catalina.session.StandardManager.doUnload(StandardManager.java:317) ~[tomcat-embed-core-9.0.68.jar:9.0.68]
	at org.apache.catalina.session.StandardManager.unload(StandardManager.java:268) ~[tomcat-embed-core-9.0.68.jar:9.0.68]
	at org.apache.catalina.session.StandardManager.stopInternal(StandardManager.java:384) ~[tomcat-embed-core-9.0.68.jar:9.0.68]
	at org.apache.catalina.util.LifecycleBase.stop(LifecycleBase.java:257) ~[tomcat-embed-core-9.0.68.jar:9.0.68]
	at org.apache.catalina.core.StandardContext.stopInternal(StandardContext.java:5474) ~[tomcat-embed-core-9.0.68.jar:9.0.68]
	at org.apache.catalina.util.LifecycleBase.stop(LifecycleBase.java:257) ~[tomcat-embed-core-9.0.68.jar:9.0.68]
	at org.apache.catalina.core.ContainerBase$StopChild.call(ContainerBase.java:1412) ~[tomcat-embed-core-9.0.68.jar:9.0.68]
	at org.apache.catalina.core.ContainerBase$StopChild.call(ContainerBase.java:1401) ~[tomcat-embed-core-9.0.68.jar:9.0.68]
	at java.base/java.util.concurrent.FutureTask.run(FutureTask.java:264) ~[na:na]
	at org.apache.tomcat.util.threads.InlineExecutorService.execute(InlineExecutorService.java:75) ~[tomcat-embed-core-9.0.68.jar:9.0.68]
	at java.base/java.util.concurrent.AbstractExecutorService.submit(AbstractExecutorService.java:145) ~[na:na]
	at org.apache.catalina.core.ContainerBase.stopInternal(ContainerBase.java:986) ~[tomcat-embed-core-9.0.68.jar:9.0.68]
	at org.apache.catalina.util.LifecycleBase.stop(LifecycleBase.java:257) ~[tomcat-embed-core-9.0.68.jar:9.0.68]
	at org.apache.catalina.core.ContainerBase$StopChild.call(ContainerBase.java:1412) ~[tomcat-embed-core-9.0.68.jar:9.0.68]
	at org.apache.catalina.core.ContainerBase$StopChild.call(ContainerBase.java:1401) ~[tomcat-embed-core-9.0.68.jar:9.0.68]
	at java.base/java.util.concurrent.FutureTask.run(FutureTask.java:264) ~[na:na]
	at org.apache.tomcat.util.threads.InlineExecutorService.execute(InlineExecutorService.java:75) ~[tomcat-embed-core-9.0.68.jar:9.0.68]
	at java.base/java.util.concurrent.AbstractExecutorService.submit(AbstractExecutorService.java:145) ~[na:na]
	at org.apache.catalina.core.ContainerBase.stopInternal(ContainerBase.java:986) ~[tomcat-embed-core-9.0.68.jar:9.0.68]
	at org.apache.catalina.util.LifecycleBase.stop(LifecycleBase.java:257) ~[tomcat-embed-core-9.0.68.jar:9.0.68]
	at org.apache.catalina.core.StandardService.stopInternal(StandardService.java:497) ~[tomcat-embed-core-9.0.68.jar:9.0.68]
	at org.apache.catalina.util.LifecycleBase.stop(LifecycleBase.java:257) ~[tomcat-embed-core-9.0.68.jar:9.0.68]
	at org.apache.catalina.core.StandardServer.stopInternal(StandardServer.java:982) ~[tomcat-embed-core-9.0.68.jar:9.0.68]
	at org.apache.catalina.util.LifecycleBase.stop(LifecycleBase.java:257) ~[tomcat-embed-core-9.0.68.jar:9.0.68]
	at org.apache.catalina.startup.Tomcat.stop(Tomcat.java:496) ~[tomcat-embed-core-9.0.68.jar:9.0.68]
	at org.springframework.boot.web.embedded.tomcat.TomcatWebServer.stopTomcat(TomcatWebServer.java:273) ~[spring-boot-2.7.5.jar:2.7.5]
	at org.springframework.boot.web.embedded.tomcat.TomcatWebServer.stop(TomcatWebServer.java:331) ~[spring-boot-2.7.5.jar:2.7.5]
	at org.springframework.boot.web.servlet.context.WebServerStartStopLifecycle.stop(WebServerStartStopLifecycle.java:52) ~[spring-boot-2.7.5.jar:2.7.5]
	at org.springframework.context.SmartLifecycle.stop(SmartLifecycle.java:117) ~[spring-context-5.3.23.jar:5.3.23]
	at org.springframework.context.support.DefaultLifecycleProcessor.doStop(DefaultLifecycleProcessor.java:234) ~[spring-context-5.3.23.jar:5.3.23]
	at org.springframework.context.support.DefaultLifecycleProcessor.access$300(DefaultLifecycleProcessor.java:54) ~[spring-context-5.3.23.jar:5.3.23]
	at org.springframework.context.support.DefaultLifecycleProcessor$LifecycleGroup.stop(DefaultLifecycleProcessor.java:373) ~[spring-context-5.3.23.jar:5.3.23]
	at org.springframework.context.support.DefaultLifecycleProcessor.stopBeans(DefaultLifecycleProcessor.java:206) ~[spring-context-5.3.23.jar:5.3.23]
	at org.springframework.context.support.DefaultLifecycleProcessor.onClose(DefaultLifecycleProcessor.java:129) ~[spring-context-5.3.23.jar:5.3.23]
	at org.springframework.context.support.AbstractApplicationContext.doClose(AbstractApplicationContext.java:1067) ~[spring-context-5.3.23.jar:5.3.23]
	at org.springframework.boot.web.servlet.context.ServletWebServerApplicationContext.doClose(ServletWebServerApplicationContext.java:174) ~[spring-boot-2.7.5.jar:2.7.5]
	at org.springframework.context.support.AbstractApplicationContext.close(AbstractApplicationContext.java:1021) ~[spring-context-5.3.23.jar:5.3.23]
	at org.springframework.boot.admin.SpringApplicationAdminMXBeanRegistrar$SpringApplicationAdmin.shutdown(SpringApplicationAdminMXBeanRegistrar.java:160) ~[spring-boot-2.7.5.jar:2.7.5]
	at java.base/jdk.internal.reflect.NativeMethodAccessorImpl.invoke0(Native Method) ~[na:na]
	at java.base/jdk.internal.reflect.NativeMethodAccessorImpl.invoke(NativeMethodAccessorImpl.java:77) ~[na:na]
	at java.base/jdk.internal.reflect.DelegatingMethodAccessorImpl.invoke(DelegatingMethodAccessorImpl.java:43) ~[na:na]
	at java.base/java.lang.reflect.Method.invoke(Method.java:568) ~[na:na]
	at sun.reflect.misc.Trampoline.invoke(MethodUtil.java:72) ~[na:na]
	at jdk.internal.reflect.GeneratedMethodAccessor151.invoke(Unknown Source) ~[na:na]
	at java.base/jdk.internal.reflect.DelegatingMethodAccessorImpl.invoke(DelegatingMethodAccessorImpl.java:43) ~[na:na]
	at java.base/java.lang.reflect.Method.invoke(Method.java:568) ~[na:na]
	at java.base/sun.reflect.misc.MethodUtil.invoke(MethodUtil.java:262) ~[na:na]
	at java.management/com.sun.jmx.mbeanserver.ConvertingMethod.invokeWithOpenReturn(ConvertingMethod.java:193) ~[na:na]
	at java.management/com.sun.jmx.mbeanserver.ConvertingMethod.invokeWithOpenReturn(ConvertingMethod.java:175) ~[na:na]
	at java.management/com.sun.jmx.mbeanserver.MXBeanIntrospector.invokeM2(MXBeanIntrospector.java:117) ~[na:na]
	at java.management/com.sun.jmx.mbeanserver.MXBeanIntrospector.invokeM2(MXBeanIntrospector.java:54) ~[na:na]
	at java.management/com.sun.jmx.mbeanserver.MBeanIntrospector.invokeM(MBeanIntrospector.java:237) ~[na:na]
	at java.management/com.sun.jmx.mbeanserver.PerInterface.invoke(PerInterface.java:138) ~[na:na]
	at java.management/com.sun.jmx.mbeanserver.MBeanSupport.invoke(MBeanSupport.java:252) ~[na:na]
	at java.management/com.sun.jmx.interceptor.DefaultMBeanServerInterceptor.invoke(DefaultMBeanServerInterceptor.java:814) ~[na:na]
	at java.management/com.sun.jmx.mbeanserver.JmxMBeanServer.invoke(JmxMBeanServer.java:802) ~[na:na]
	at java.management.rmi/javax.management.remote.rmi.RMIConnectionImpl.doOperation(RMIConnectionImpl.java:1472) ~[na:na]
	at java.management.rmi/javax.management.remote.rmi.RMIConnectionImpl$PrivilegedOperation.run(RMIConnectionImpl.java:1310) ~[na:na]
	at java.management.rmi/javax.management.remote.rmi.RMIConnectionImpl.doPrivilegedOperation(RMIConnectionImpl.java:1405) ~[na:na]
	at java.management.rmi/javax.management.remote.rmi.RMIConnectionImpl.invoke(RMIConnectionImpl.java:829) ~[na:na]
	at java.base/jdk.internal.reflect.GeneratedMethodAccessor153.invoke(Unknown Source) ~[na:na]
	at java.base/jdk.internal.reflect.DelegatingMethodAccessorImpl.invoke(DelegatingMethodAccessorImpl.java:43) ~[na:na]
	at java.base/java.lang.reflect.Method.invoke(Method.java:568) ~[na:na]
	at java.rmi/sun.rmi.server.UnicastServerRef.dispatch(UnicastServerRef.java:360) ~[na:na]
	at java.rmi/sun.rmi.transport.Transport$1.run(Transport.java:200) ~[na:na]
	at java.rmi/sun.rmi.transport.Transport$1.run(Transport.java:197) ~[na:na]
	at java.base/java.security.AccessController.doPrivileged(AccessController.java:712) ~[na:na]
	at java.rmi/sun.rmi.transport.Transport.serviceCall(Transport.java:196) ~[na:na]
	at java.rmi/sun.rmi.transport.tcp.TCPTransport.handleMessages(TCPTransport.java:587) ~[na:na]
	at java.rmi/sun.rmi.transport.tcp.TCPTransport$ConnectionHandler.run0(TCPTransport.java:828) ~[na:na]
	at java.rmi/sun.rmi.transport.tcp.TCPTransport$ConnectionHandler.lambda$run$0(TCPTransport.java:705) ~[na:na]
	at java.base/java.security.AccessController.doPrivileged(AccessController.java:399) ~[na:na]
	at java.rmi/sun.rmi.transport.tcp.TCPTransport$ConnectionHandler.run(TCPTransport.java:704) ~[na:na]
	at java.base/java.util.concurrent.ThreadPoolExecutor.runWorker(ThreadPoolExecutor.java:1136) ~[na:na]
	at java.base/java.util.concurrent.ThreadPoolExecutor$Worker.run(ThreadPoolExecutor.java:635) ~[na:na]
	at java.base/java.lang.Thread.run(Thread.java:833) ~[na:na]

2023-08-29 01:55:23.625  WARN 15368 --- [RMI TCP Connection(129)-127.0.0.1] o.a.c.loader.WebappClassLoaderBase       : The web application [ROOT] appears to have started a thread named [HikariPool-1 housekeeper] but has failed to stop it. This is very likely to create a memory leak. Stack trace of thread:
 java.base@17.0.4/jdk.internal.misc.Unsafe.park(Native Method)
 java.base@17.0.4/java.util.concurrent.locks.LockSupport.parkNanos(LockSupport.java:252)
 java.base@17.0.4/java.util.concurrent.locks.AbstractQueuedSynchronizer$ConditionObject.awaitNanos(AbstractQueuedSynchronizer.java:1672)
 java.base@17.0.4/java.util.concurrent.ScheduledThreadPoolExecutor$DelayedWorkQueue.take(ScheduledThreadPoolExecutor.java:1182)
 java.base@17.0.4/java.util.concurrent.ScheduledThreadPoolExecutor$DelayedWorkQueue.take(ScheduledThreadPoolExecutor.java:899)
 java.base@17.0.4/java.util.concurrent.ThreadPoolExecutor.getTask(ThreadPoolExecutor.java:1062)
 java.base@17.0.4/java.util.concurrent.ThreadPoolExecutor.runWorker(ThreadPoolExecutor.java:1122)
 java.base@17.0.4/java.util.concurrent.ThreadPoolExecutor$Worker.run(ThreadPoolExecutor.java:635)
 java.base@17.0.4/java.lang.Thread.run(Thread.java:833)
2023-08-29 01:55:23.626  WARN 15368 --- [RMI TCP Connection(129)-127.0.0.1] o.a.c.loader.WebappClassLoaderBase       : The web application [ROOT] appears to have started a thread named [logback-1] but has failed to stop it. This is very likely to create a memory leak. Stack trace of thread:
 java.base@17.0.4/jdk.internal.misc.Unsafe.park(Native Method)
 java.base@17.0.4/java.util.concurrent.locks.LockSupport.park(LockSupport.java:341)
 java.base@17.0.4/java.util.concurrent.locks.AbstractQueuedSynchronizer$ConditionNode.block(AbstractQueuedSynchronizer.java:506)
 java.base@17.0.4/java.util.concurrent.ForkJoinPool.unmanagedBlock(ForkJoinPool.java:3463)
 java.base@17.0.4/java.util.concurrent.ForkJoinPool.managedBlock(ForkJoinPool.java:3434)
 java.base@17.0.4/java.util.concurrent.locks.AbstractQueuedSynchronizer$ConditionObject.await(AbstractQueuedSynchronizer.java:1623)
 java.base@17.0.4/java.util.concurrent.ScheduledThreadPoolExecutor$DelayedWorkQueue.take(ScheduledThreadPoolExecutor.java:1170)
 java.base@17.0.4/java.util.concurrent.ScheduledThreadPoolExecutor$DelayedWorkQueue.take(ScheduledThreadPoolExecutor.java:899)
 java.base@17.0.4/java.util.concurrent.ThreadPoolExecutor.getTask(ThreadPoolExecutor.java:1062)
 java.base@17.0.4/java.util.concurrent.ThreadPoolExecutor.runWorker(ThreadPoolExecutor.java:1122)
 java.base@17.0.4/java.util.concurrent.ThreadPoolExecutor$Worker.run(ThreadPoolExecutor.java:635)
 java.base@17.0.4/java.lang.Thread.run(Thread.java:833)
2023-08-29 01:55:23.626  WARN 15368 --- [RMI TCP Connection(129)-127.0.0.1] o.a.c.loader.WebappClassLoaderBase       : The web application [ROOT] appears to have started a thread named [logback-2] but has failed to stop it. This is very likely to create a memory leak. Stack trace of thread:
 java.base@17.0.4/jdk.internal.misc.Unsafe.park(Native Method)
 java.base@17.0.4/java.util.concurrent.locks.LockSupport.park(LockSupport.java:341)
 java.base@17.0.4/java.util.concurrent.locks.AbstractQueuedSynchronizer$ConditionNode.block(AbstractQueuedSynchronizer.java:506)
 java.base@17.0.4/java.util.concurrent.ForkJoinPool.unmanagedBlock(ForkJoinPool.java:3463)
 java.base@17.0.4/java.util.concurrent.ForkJoinPool.managedBlock(ForkJoinPool.java:3434)
 java.base@17.0.4/java.util.concurrent.locks.AbstractQueuedSynchronizer$ConditionObject.await(AbstractQueuedSynchronizer.java:1623)
 java.base@17.0.4/java.util.concurrent.ScheduledThreadPoolExecutor$DelayedWorkQueue.take(ScheduledThreadPoolExecutor.java:1170)
 java.base@17.0.4/java.util.concurrent.ScheduledThreadPoolExecutor$DelayedWorkQueue.take(ScheduledThreadPoolExecutor.java:899)
 java.base@17.0.4/java.util.concurrent.ThreadPoolExecutor.getTask(ThreadPoolExecutor.java:1062)
 java.base@17.0.4/java.util.concurrent.ThreadPoolExecutor.runWorker(ThreadPoolExecutor.java:1122)
 java.base@17.0.4/java.util.concurrent.ThreadPoolExecutor$Worker.run(ThreadPoolExecutor.java:635)
 java.base@17.0.4/java.lang.Thread.run(Thread.java:833)
2023-08-29 01:55:23.640  INFO 15368 --- [RMI TCP Connection(129)-127.0.0.1] j.LocalContainerEntityManagerFactoryBean : Closing JPA EntityManagerFactory for persistence unit 'default'
2023-08-29 01:55:23.644  INFO 15368 --- [RMI TCP Connection(129)-127.0.0.1] com.zaxxer.hikari.HikariDataSource       : HikariPool-1 - Shutdown initiated...
2023-08-29 01:55:23.648  INFO 15368 --- [RMI TCP Connection(129)-127.0.0.1] com.zaxxer.hikari.HikariDataSource       : HikariPool-1 - Shutdown completed.
